ID,Folio,Tipo_Documento,Proveedor,Proveedor_Raw,Fecha_Compra,Monto_Factura,Ajustes,Monto_Pagar,Forma_Pago,Categoria,Estado,Fecha_Pago,Credit_Days,Comprobante,Fecha_Pago_Real,Created_At,Items_JSON,Foto_URL,Version
HIST25_1,582538,Remisión,Productos Lácteos Los Pinos (7 DÍAS),Productos Lácteos Los Pinos (7 DÍAS),2025-01-02,518.0,0,518.0,Transferencia,Adquisición de mercancias,Pagado,2025-01-07,5,Pendiente,,2025-01-02T12:00:00,,,1
HIST25_2,68297,Factura,DIPACSA (7 días),DIPACSA (7 días),2025-01-02,1536.6,0,1536.6,Transferencia,Adquisición de mercancias,Pagado,2025-01-07,5,Pendiente,,2025-01-02T12:00:00,,,1
HIST25_3,1682,Factura,SURTIDORA BOTANAS (7 DÍAS),SURTIDORA BOTANAS (7 DÍAS),2025-01-02,808.5,0,808.5,Transferencia,Adquisición de mercancias,Pagado,2025-01-07,5,Pendiente,,2025-01-02T12:00:00,,,1
HIST25_4,66947,Factura,PROMAR DEL NORTE (14 DÍAS),PROMAR DEL NORTE (14 DÍAS),2025-01-02,3654.7,0,3654.7,Transferencia,Adquisición de mercancias,Pagado,2025-01-16,14,Pendiente,,2025-01-02T12:00:00,,,1
HIST25_5,32097,Factura,Papas Santa Fe / Procepap (7 dias),Papas Santa Fe / Procepap (7 dias),2025-01-02,693.0,0,693.0,Transferencia,Adquisición de mercancias,Pagado,2025-01-07,5,Pendiente,,2025-01-02T12:00:00,,,1
HIST25_6,260595,Factura,MEDFRUT (7 DÍAS),MEDFRUT (7 DÍAS),2025-01-03,952.4,0,952.4,Transferencia,Adquisición de mercancias,Pagado,2025-01-08,5,Pendiente,,2025-01-03T12:00:00,,,1
HIST25_7,98384,Factura,Diplas / Hector A Portillo (20 días),Diplas / Hector A Portillo (20 días),2025-01-02,2198.23,0,2198.23,Transferencia,Gastos en General,Pagado,2025-01-22,20,Pendiente,,2025-01-02T12:00:00,,,1
HIST25_8,T,Factura,Costco,Costco,2025-01-02,803.44,0,803.44,Tarjeta,Gastos en General,Pendiente,,0,Pendiente,,2025-01-02T12:00:00,,,1
HIST25_9,T,Factura,Costco,Costco,2025-01-02,668.0,0,668.0,Tarjeta,Adquisición de mercancias,Pendiente,,0,Pendiente,,2025-01-02T12:00:00,,,1
HIST25_10,T,Factura,Sam's Club,Sam's Club,2025-01-02,710.0,0,710.0,Tarjeta,Adquisición de mercancias,Pendiente,,0,Pendiente,,2025-01-02T12:00:00,,,1
HIST25_11,#F,Factura,SUKARNE,SUKARNE,2025-01-03,3369.5,0,3369.5,Tarjeta,Adquisición de mercancias,Pendiente,,0,Pendiente,,2025-01-03T12:00:00,,,1
HIST25_12,27142,Factura,SUKARNE,SUKARNE,2025-01-02,3448.3,0,3448.3,Tarjeta,Adquisición de mercancias,Pendiente,,0,Pendiente,,2025-01-02T12:00:00,,,1
HIST25_13,27143,Factura,SUKARNE,SUKARNE,2025-01-02,3538.6,0,3538.6,Tarjeta,Adquisición de mercancias,Pendiente,,0,Pendiente,,2025-01-02T12:00:00,,,1
HIST25_14,t,Factura,Alsuper,Alsuper,2025-01-02,254.69,0,254.69,Tarjeta,Adquisición de mercancias,Pendiente,,0,Pendiente,,2025-01-02T12:00:00,,,1
HIST25_15,T,Factura,Alsuper,Alsuper,2025-01-02,31.8,0,31.8,Tarjeta,Gastos en General,Pendiente,,0,Pendiente,,2025-01-02T12:00:00,,,1
HIST25_16,T,Factura,Alsuper,Alsuper,2025-01-04,265.81,0,265.81,Tarjeta,Adquisición de mercancias,Pendiente,,0,Pendiente,,2025-01-04T12:00:00,,,1
HIST25_17,27164,Factura,SUKARNE,SUKARNE,2025-01-04,3699.4,0,3699.4,Tarjeta,Adquisición de mercancias,Pendiente,,0,Pendiente,,2025-01-04T12:00:00,,,1
HIST25_18,27163,Factura,SUKARNE,SUKARNE,2025-01-04,3643.0,0,3643.0,Tarjeta,Adquisición de mercancias,Pendiente,,0,Pendiente,,2025-01-04T12:00:00,,,1
HIST25_19,36702887,Factura,Bachoco,Bachoco,2025-01-03,11283.22,0,11283.22,Tarjeta,Adquisición de mercancias,Pendiente,,0,Pendiente,,2025-01-03T12:00:00,,,1
HIST25_20,122562,Factura,EMPAQUES Y ENVASES/JOSE LUIS MORALES GARCIA (7 días),EMPAQUES Y ENVASES/JOSE LUIS MORALES GARCIA (7 días),2025-01-04,315.0,0,315.0,Tarjeta,Gastos en General,Pendiente,,0,Pendiente,,2025-01-04T12:00:00,,,1
HIST25_21,150513,Factura,Colesa (7 días),Colesa (7 días),2025-01-04,1267.6,0,1267.6,Transferencia,Adquisición de mercancias,Pagado,2025-01-09,5,Pendiente,,2025-01-04T12:00:00,,,1
HIST25_22,68386,Factura,DIPACSA (7 días),DIPACSA (7 días),2025-01-04,835.0,0,835.0,Transferencia,Adquisición de mercancias,Pagado,2025-01-09,5,Pendiente,,2025-01-04T12:00:00,,,1
HIST25_23,2390,Factura,Paser / Araceli V. Padilla (14 dias),Paser / Araceli V. Padilla (14 dias),2025-01-04,827.5,0,827.5,Transferencia,Adquisición de mercancias,Pagado,2025-01-18,14,Pendiente,,2025-01-04T12:00:00,,,1
HIST25_24,146833,Factura,Abarrotes Inst. (7 días),Abarrotes Inst. (7 días),2025-01-03,1239.0,0,1239.0,Transferencia,Adquisición de mercancias,Pagado,2025-01-09,6,Pendiente,,2025-01-03T12:00:00,,,1
HIST25_25,110077,Factura,Colesa (7 días),Colesa (7 días),2025-01-03,864.1,0,864.1,Transferencia,Adquisición de mercancias,Pagado,2025-01-09,6,Pendiente,,2025-01-03T12:00:00,,,1
HIST25_26,260699,Factura,MEDFRUT (7 DÍAS),MEDFRUT (7 DÍAS),2025-01-04,225.0,0,225.0,Transferencia,Adquisición de mercancias,Pagado,2025-01-09,5,Pendiente,,2025-01-04T12:00:00,,,1
HIST25_27,27194,Factura,SUKARNE,SUKARNE,2025-01-07,3674.03,0,3674.03,Tarjeta,Adquisición de mercancias,Pendiente,,0,Pendiente,,2025-01-07T12:00:00,,,1
HIST25_28,27193,Factura,SUKARNE,SUKARNE,2025-01-07,3521.77,0,3521.77,Tarjeta,Adquisición de mercancias,Pendiente,,0,Pendiente,,2025-01-07T12:00:00,,,1
HIST25_29,122641,Factura,EMPAQUES Y ENVASES/JOSE LUIS MORALES GARCIA (7 días),EMPAQUES Y ENVASES/JOSE LUIS MORALES GARCIA (7 días),2025-01-07,286.5,0,286.5,Tarjeta,Gastos en General,Pendiente,,0,Pendiente,,2025-01-07T12:00:00,,,1
HIST25_30,07012025,Factura,La Espiga Dorada  / JUAN MANUEL CASTRO (7 días),La Espiga Dorada  / JUAN MANUEL CASTRO (7 días),2025-01-07,990.0,0,990.0,Transferencia,Adquisición de mercancias,Pagado,2025-01-12,5,Pendiente,,2025-01-07T12:00:00,,,1
HIST25_31,113779,Factura,Colesa (7 días),Colesa (7 días),2025-01-07,583.5,0,583.5,Transferencia,Adquisición de mercancias,Pagado,2025-01-12,5,Pendiente,,2025-01-07T12:00:00,,,1
HIST25_32,67045,Factura,PROMAR DEL NORTE (14 DÍAS),PROMAR DEL NORTE (14 DÍAS),2025-01-07,4176.8,0,4176.8,Transferencia,Adquisición de mercancias,Pagado,2025-01-21,14,Pendiente,,2025-01-07T12:00:00,,,1
HIST25_33,T,Factura,Sam's Club,Sam's Club,2025-01-04,224.0,0,224.0,Tarjeta,Adquisición de mercancias,Pendiente,,0,Pendiente,,2025-01-04T12:00:00,,,1
HIST25_34,t,Factura,Sam's Club,Sam's Club,2025-01-06,1128.0,0,1128.0,Tarjeta,Adquisición de mercancias,Pendiente,,0,Pendiente,,2025-01-06T12:00:00,,,1
HIST25_35,T,Factura,Sam's Club,Sam's Club,2025-01-04,574.0,0,574.0,Tarjeta,Adquisición de mercancias,Pendiente,,0,Pendiente,,2025-01-04T12:00:00,,,1
HIST25_36,T,Factura,City Club,City Club,2025-01-04,336.0,0,336.0,Tarjeta,Adquisición de mercancias,Pendiente,,0,Pendiente,,2025-01-04T12:00:00,,,1
HIST25_37,T,Factura,Costco,Costco,2025-01-04,718.0,0,718.0,Tarjeta,Adquisición de mercancias,Pendiente,,0,Pendiente,,2025-01-04T12:00:00,,,1
HIST25_38,T,Factura,Gelos Market,Gelos Market,2025-01-06,29.97,0,29.97,Tarjeta,Adquisición de mercancias,Pendiente,,0,Pendiente,,2025-01-06T12:00:00,,,1
HIST25_39,020915,Factura,INIX COMERCIAL (20 DÍAS),INIX COMERCIAL (20 DÍAS),2025-01-06,2213.07,0,2213.07,Transferencia,Gastos en General,Pagado,2025-01-26,20,Pendiente,,2025-01-06T12:00:00,,,1
HIST25_40,260882,Factura,MEDFRUT (7 DÍAS),MEDFRUT (7 DÍAS),2025-01-07,518.0,0,518.0,Transferencia,Adquisición de mercancias,Pagado,2025-01-12,5,Pendiente,,2025-01-07T12:00:00,,,1
HIST25_41,T,Factura,Alsuper,Alsuper,2025-01-06,292.34,0,292.34,Tarjeta,Adquisición de mercancias,Pendiente,,0,Pendiente,,2025-01-06T12:00:00,,,1
HIST25_42,68415,Factura,DIPACSA (7 días),DIPACSA (7 días),2025-01-06,813.6,0,813.6,Transferencia,Adquisición de mercancias,Pagado,2025-01-11,5,Pendiente,,2025-01-06T12:00:00,,,1
HIST25_43,260792,Factura,MEDFRUT (7 DÍAS),MEDFRUT (7 DÍAS),2025-01-06,890.0,0,890.0,Transferencia,Adquisición de mercancias,Pagado,2025-01-11,5,Pendiente,,2025-01-06T12:00:00,,,1
HIST25_44,27180,Factura,SUKARNE,SUKARNE,2025-01-06,3462.5,0,3462.5,Tarjeta,Adquisición de mercancias,Pendiente,,0,Pendiente,,2025-01-06T12:00:00,,,1
HIST25_45,27179,Factura,SUKARNE,SUKARNE,2025-01-06,5382.4,0,5382.4,Tarjeta,Adquisición de mercancias,Pendiente,,0,Pendiente,,2025-01-06T12:00:00,,,1
HIST25_46,0237,Remisión,NARANJA Y LIMÓN (7 DÍAS),NARANJA Y LIMÓN (7 DÍAS),2025-01-03,850.0,0,850.0,Transferencia,Adquisición de mercancias,Pagado,2025-01-09,6,Pendiente,,2025-01-03T12:00:00,,,1
HIST25_47,t,Factura,Sam's Club,Sam's Club,2025-01-03,885.0,0,885.0,Tarjeta,Adquisición de mercancias,Pendiente,,0,Pendiente,,2025-01-03T12:00:00,,,1
HIST25_48,t,Factura,SORIANA,SORIANA,2025-01-03,119.6,0,119.6,Tarjeta,Adquisición de mercancias,Pendiente,,0,Pendiente,,2025-01-03T12:00:00,,,1
HIST25_49,53428,Factura,EMPAQUES Y ENVASES/JOSE LUIS MORALES GARCIA (7 días),EMPAQUES Y ENVASES/JOSE LUIS MORALES GARCIA (7 días),2025-01-06,1236.83,0,1236.83,Transferencia,Gastos en General,Pagado,2025-01-11,5,Pendiente,,2025-01-06T12:00:00,,,1
HIST25_50,19586,Factura,Quesos y + Quesos / Armando Villanueva (7 días),Quesos y + Quesos / Armando Villanueva (7 días),2025-01-06,2528.3,0,2528.3,,Adquisición de mercancias,Pendiente,,0,Pendiente,,2025-01-06T12:00:00,,,1
HIST25_51,2398,Factura,Paser / Araceli V. Padilla (14 dias),Paser / Araceli V. Padilla (14 dias),2025-01-06,827.5,0,827.5,Transferencia,Adquisición de mercancias,Pagado,2025-01-20,14,Pendiente,,2025-01-06T12:00:00,,,1
HIST25_52,14530,Factura,ERO Grande (20 días),ERO Grande (20 días),2025-01-06,1007.0,0,1007.0,Transferencia,Adquisición de mercancias,Pagado,2025-01-11,5,Pendiente,,2025-01-06T12:00:00,,,1
HIST25_53,40837,Remisión,"AGYDSA ""Aceite"" (7 días)","AGYDSA ""Aceite"" (7 días)",2025-01-06,1400.0,0,1400.0,Transferencia,Adquisición de mercancias,Pagado,2025-01-11,5,Pendiente,,2025-01-06T12:00:00,,,1
HIST25_54,36719543,Factura,Bachoco,Bachoco,2025-01-06,14748.81,0,14748.81,Tarjeta,Adquisición de mercancias,Pendiente,,0,Pendiente,,2025-01-06T12:00:00,,,1
HIST25_55,#FACTURA18628,Factura,Aseo y Recolección Estrada (14 días),Aseo y Recolección Estrada (14 días),2025-01-09,1901.96,0,1901.96,Transferencia,Gastos en General,Pagado,2025-01-27,18,Pendiente,,2025-01-09T12:00:00,,,1
HIST25_56,#FACTURA,,NÓMINA,NÓMINA,2025-01-03,24638.0,0,24638.0,COBRO AUTOMÁTICO,Gastos en General,Pendiente,2025-01-03,0,Pendiente,,2025-01-03T12:00:00,,,1
HIST25_57,#FACTURA,,SODEXO,SODEXO,2025-01-02,2686.77,0,2686.77,COBRO AUTOMÁTICO,Gastos en General,Pendiente,2025-01-03,1,Pendiente,,2025-01-02T12:00:00,,,1
HIST25_58,#FACTURA,,PENSIÓN ALIMENTICIA,PENSIÓN ALIMENTICIA,2025-01-03,866.12,0,866.12,COBRO AUTOMÁTICO,Gastos en General,Pendiente,2025-01-03,0,Pendiente,,2025-01-03T12:00:00,,,1
HIST25_59,#FACTURA,,SODEXO,SODEXO,2025-01-09,2550.05,0,2550.05,COBRO AUTOMÁTICO,Gastos en General,Pendiente,2025-01-09,0,Pendiente,,2025-01-09T12:00:00,,,1
HIST25_60,#FACTURA,,NÓMINA,NÓMINA,2025-01-10,20969.4,0,20969.4,COBRO AUTOMÁTICO,Gastos en General,Pendiente,2025-01-10,0,Pendiente,,2025-01-10T12:00:00,,,1
HIST25_61,#FACTURA,,PENSIÓN ALIMENTICIA,PENSIÓN ALIMENTICIA,2025-01-10,866.12,0,866.12,COBRO AUTOMÁTICO,Gastos en General,Pendiente,2025-01-10,0,Pendiente,,2025-01-10T12:00:00,,,1
HIST25_62,#FACTURA,,NÓMINA,NÓMINA,2025-01-03,24638.0,0,24638.0,COBRO AUTOMÁTICO,Gastos en General,Pendiente,2025-01-03,0,Pendiente,,2025-01-03T12:00:00,,,1
HIST25_63,#FACTURA,,SODEXO,SODEXO,2025-01-02,2686.77,0,2686.77,COBRO AUTOMÁTICO,Gastos en General,Pendiente,2025-01-02,0,Pendiente,,2025-01-02T12:00:00,,,1
HIST25_64,#FACTURA,,PENSIÓN ALIMENTICIA,PENSIÓN ALIMENTICIA,2025-01-03,866.0,0,866.0,COBRO AUTOMÁTICO,Gastos en General,Pendiente,2025-01-03,0,Pendiente,,2025-01-03T12:00:00,,,1
HIST25_65,#FACTURA,,Crédito Negocio,Crédito Negocio,2025-01-09,12220.0,0,12220.0,Transferencia,Gastos en General,Pagado,2025-01-09,0,No aplíca,,2025-01-09T12:00:00,,,1
HIST25_66,#FACTURA,,SGMM,SGMM,2025-01-09,4763.0,0,4763.0,Transferencia,Gastos en General,Pagado,2025-01-09,0,Pendiente,,2025-01-09T12:00:00,,,1
HIST25_67,#FACTURA,,TARJETA CRÉDITO LEC,TARJETA CRÉDITO LEC,2025-01-09,9415.0,0,9415.0,Transferencia,Gastos en General,Pagado,2025-01-09,0,Pendiente,,2025-01-09T12:00:00,,,1
HIST25_68,t,Factura,Farmacia del Ahorro,Farmacia del Ahorro,2025-01-08,156.0,0,156.0,Tarjeta,Gastos en General,Pendiente,,0,Pendiente,,2025-01-08T12:00:00,,,1
HIST25_69,68484,Factura,DIPACSA (7 días),DIPACSA (7 días),2025-01-07,835.0,0,835.0,Transferencia,Adquisición de mercancias,Pagado,2025-01-12,5,Pendiente,,2025-01-07T12:00:00,,,1
HIST25_70,27208,Factura,SUKARNE,SUKARNE,2025-01-08,6929.2,0,6929.2,Tarjeta,Adquisición de mercancias,Pendiente,,0,Pendiente,,2025-01-08T12:00:00,,,1
HIST25_71,27207,Factura,SUKARNE,SUKARNE,2025-01-08,4370.3,0,4370.3,Tarjeta,Adquisición de mercancias,Pendiente,,0,Pendiente,,2025-01-08T12:00:00,,,1
HIST25_72,260958,Factura,MEDFRUT (7 DÍAS),MEDFRUT (7 DÍAS),2025-01-08,1052.0,0,1052.0,Transferencia,Adquisición de mercancias,Pagado,2025-01-13,5,Pendiente,,2025-01-08T12:00:00,,,1
HIST25_73,36736204,Factura,Bachoco,Bachoco,2025-01-08,16741.76,0,16741.76,Tarjeta,Adquisición de mercancias,Pendiente,,0,Pendiente,,2025-01-08T12:00:00,,,1
HIST25_74,t,Factura,Costco,Costco,2025-01-09,1555.0,0,1555.0,Tarjeta,Adquisición de mercancias,Pendiente,,0,Pendiente,,2025-01-09T12:00:00,,,1
HIST25_75,583266,Remisión,Productos Lácteos Los Pinos (7 DÍAS),Productos Lácteos Los Pinos (7 DÍAS),2025-01-09,370.0,0,370.0,Transferencia,Adquisición de mercancias,Pagado,2025-01-14,5,Pendiente,,2025-01-09T12:00:00,,,1
HIST25_76,1632,Factura,La Cosecha / Guadalupe Caro S. (14 días),La Cosecha / Guadalupe Caro S. (14 días),2025-01-09,1200.0,0,1200.0,Transferencia,Adquisición de mercancias,Pagado,2025-01-23,14,Pendiente,,2025-01-09T12:00:00,,,1
HIST25_77,020959,Factura,INIX COMERCIAL (20 DÍAS),INIX COMERCIAL (20 DÍAS),2025-01-08,5999.76,0,5999.76,Transferencia,Gastos en General,Pagado,2025-01-28,20,Pendiente,,2025-01-08T12:00:00,,,1
HIST25_78,110098,Factura,Colesa (7 días),Colesa (7 días),2025-01-08,494.6,0,494.6,Transferencia,Adquisición de mercancias,Pagado,2025-01-13,5,Pendiente,,2025-01-08T12:00:00,,,1
HIST25_79,261038,Factura,MEDFRUT (7 DÍAS),MEDFRUT (7 DÍAS),2025-01-09,1050.0,0,1050.0,Transferencia,Adquisición de mercancias,Pagado,2025-01-14,5,Pendiente,,2025-01-09T12:00:00,,,1
HIST25_80,68510,Factura,DIPACSA (7 días),DIPACSA (7 días),2025-01-09,1583.6,0,1583.6,Transferencia,Adquisición de mercancias,Pagado,2025-01-14,5,Pendiente,,2025-01-09T12:00:00,,,1
HIST25_81,699100,Factura,Casa Reza (7 días),Casa Reza (7 días),2025-01-09,900.0,0,900.0,Transferencia,Adquisición de mercancias,Pagado,2025-01-14,5,Pendiente,,2025-01-09T12:00:00,,,1
HIST25_82,699096,Factura,Casa Reza (7 días),Casa Reza (7 días),2025-01-09,1890.0,0,1890.0,Transferencia,Adquisición de mercancias,Pagado,2025-01-14,5,Pendiente,,2025-01-09T12:00:00,,,1
HIST25_83,146960,Factura,Abarrotes Inst. (7 días),Abarrotes Inst. (7 días),2025-01-09,1655.09,0,1655.09,Transferencia,Adquisición de mercancias,Pagado,2025-01-14,5,Pendiente,,2025-01-09T12:00:00,,,1
HIST25_84,150829,Factura,Colesa (7 días),Colesa (7 días),2025-01-09,1956.45,0,1956.45,Transferencia,Adquisición de mercancias,Pagado,2025-01-14,5,Pendiente,,2025-01-09T12:00:00,,,1
HIST25_85,t,Factura,Costco,Costco,2025-01-06,941.52,0,941.52,Tarjeta,Gastos en General,Pendiente,,0,Pendiente,,2025-01-06T12:00:00,,,1
HIST25_86,t,Factura,Refrigeración Lozano,Refrigeración Lozano,2025-01-09,4372.04,0,4372.04,Tarjeta,Gastos en General,Pendiente,,0,Pendiente,,2025-01-09T12:00:00,,,1
HIST25_87,t,Factura,Sam's Club,Sam's Club,2025-01-07,1317.4,0,1317.4,Tarjeta,Adquisición de mercancias,Pendiente,,0,Pendiente,,2025-01-07T12:00:00,,,1
HIST25_88,T,Factura,Costco,Costco,2025-01-08,358.0,0,358.0,Tarjeta,Adquisición de mercancias,Pendiente,,0,Pendiente,,2025-01-08T12:00:00,,,1
HIST25_89,T,Factura,Costco,Costco,2025-01-07,1179.5,0,1179.5,Tarjeta,Gastos en General,Pendiente,,0,Pendiente,,2025-01-07T12:00:00,,,1
HIST25_90,T,Factura,WALMART,WALMART,2025-01-08,94.0,0,94.0,Tarjeta,Adquisición de mercancias,Pendiente,,0,Pendiente,,2025-01-08T12:00:00,,,1
HIST25_91,T,Factura,Sam's Club,Sam's Club,2025-01-07,209.0,0,209.0,Tarjeta,Gastos en General,Pendiente,,0,Pendiente,,2025-01-07T12:00:00,,,1
HIST25_92,T,Factura,Sam's Club,Sam's Club,2025-01-08,963.0,0,963.0,Tarjeta,Adquisición de mercancias,Pendiente,,0,Pendiente,,2025-01-08T12:00:00,,,1
HIST25_93,T,Factura,Gelos Market,Gelos Market,2025-01-07,39.96,0,39.96,Tarjeta,Adquisición de mercancias,Pendiente,,0,Pendiente,,2025-01-07T12:00:00,,,1
HIST25_94,27222,Factura,SUKARNE,SUKARNE,2025-01-09,3419.3,0,3419.3,Tarjeta,Adquisición de mercancias,Pendiente,,0,Pendiente,,2025-01-09T12:00:00,,,1
HIST25_95,#FACTURAT,Factura,Alsuper,Alsuper,2025-01-09,511.91,0,511.91,Tarjeta,Adquisición de mercancias,Pendiente,,0,Pendiente,,2025-01-09T12:00:00,,,1
HIST25_96,T,Factura,SUKARNE,SUKARNE,2025-01-09,671.5,0,671.5,Tarjeta,Adquisición de mercancias,Pendiente,,0,Pendiente,,2025-01-09T12:00:00,,,1
HIST25_97,T,Factura,Sam's Club,Sam's Club,2025-01-09,483.0,0,483.0,Tarjeta,Adquisición de mercancias,Pendiente,,0,Pendiente,,2025-01-09T12:00:00,,,1
HIST25_98,T,Factura,Sam's Club,Sam's Club,2025-01-09,1732.0,0,1732.0,Tarjeta,Gastos en General,Pendiente,,0,Pendiente,,2025-01-09T12:00:00,,,1
HIST25_99,T,Factura,TORREY / IRMA OLIVIA,TORREY / IRMA OLIVIA,2025-01-09,820.0,0,820.0,Tarjeta,Gastos en General,Pendiente,,0,Pendiente,,2025-01-09T12:00:00,,,1
HIST25_100,11969,Factura,CILINDROS Y EQUIPOS PARA GAS DE CHIHUAHUA,CILINDROS Y EQUIPOS PARA GAS DE CHIHUAHUA,2025-01-08,400.0,0,400.0,Tarjeta,Gastos en General,Pendiente,,0,Pendiente,,2025-01-08T12:00:00,,,1
HIST25_101,06012025,Remisión,Salsa La Moncha / Janeth Gonzalez (14 días),Salsa La Moncha / Janeth Gonzalez (14 días),2025-01-06,381.0,0,381.0,Transferencia,Adquisición de mercancias,Pagado,2025-01-11,5,Pendiente,,2025-01-06T12:00:00,,,1
HIST25_102,t,Factura,Alsuper,Alsuper,2025-01-07,125.7,0,125.7,Tarjeta,Adquisición de mercancias,Pendiente,,0,Pendiente,,2025-01-07T12:00:00,,,1
HIST25_103,1852,Remisión,NARANJA Y LIMÓN (7 DÍAS),NARANJA Y LIMÓN (7 DÍAS),2025-01-10,1210.0,0,1210.0,Transferencia,Adquisición de mercancias,Pagado,2025-01-15,5,Pendiente,,2025-01-10T12:00:00,,,1
HIST25_104,,,NÓMINA,NÓMINA,2025-01-10,2545.5,0,2545.5,Cheque,Gastos en General,Pendiente,,0,Pendiente,,2025-01-10T12:00:00,,,1
HIST25_105,21,Factura,Carmen Ortega P. / Salsa Macha Pepis (14 días),Carmen Ortega P. / Salsa Macha Pepis (14 días),2025-01-10,1440.0,0,1440.0,Transferencia,Adquisición de mercancias,Pagado,2025-01-24,14,Pendiente,,2025-01-10T12:00:00,,,1
HIST25_106,14559,Factura,ERO Grande (20 días),ERO Grande (20 días),2025-01-10,1516.5,0,1516.5,Transferencia,Adquisición de mercancias,Pagado,2025-01-25,15,Pendiente,,2025-01-10T12:00:00,,,1
HIST25_107,32531,Factura,Papas Santa Fe / Procepap (7 dias),Papas Santa Fe / Procepap (7 dias),2025-01-10,594.0,0,594.0,Transferencia,Adquisición de mercancias,Pagado,2025-01-15,5,Pendiente,,2025-01-10T12:00:00,,,1
HIST25_108,67096,Factura,PROMAR DEL NORTE (14 DÍAS),PROMAR DEL NORTE (14 DÍAS),2025-01-10,3654.7,0,3654.7,Transferencia,Adquisición de mercancias,Pagado,2025-01-15,5,Pendiente,,2025-01-10T12:00:00,,,1
HIST25_109,107822,Factura,Abarrotes Inst. (7 días),Abarrotes Inst. (7 días),2025-01-10,76.97,0,76.97,Transferencia,Adquisición de mercancias,Pagado,2025-01-15,5,Pendiente,,2025-01-10T12:00:00,,,1
HIST25_110,107815,Factura,Abarrotes Inst. (7 días),Abarrotes Inst. (7 días),2025-01-10,805.77,0,805.77,Transferencia,Adquisición de mercancias,Pagado,2025-01-15,5,Pendiente,,2025-01-10T12:00:00,,,1
HIST25_111,2421,Factura,Paser / Araceli V. Padilla (14 dias),Paser / Araceli V. Padilla (14 dias),2025-01-10,827.5,0,827.5,Transferencia,Adquisición de mercancias,Pagado,2025-01-24,14,Pendiente,,2025-01-10T12:00:00,,,1
HIST25_112,136852,Factura,Abarrotes Inst. (7 días),Abarrotes Inst. (7 días),2025-01-10,1225.14,0,1225.14,Transferencia,Adquisición de mercancias,Pagado,2025-01-15,5,Pendiente,,2025-01-10T12:00:00,,,1
HIST25_113,110125,Factura,Colesa (7 días),Colesa (7 días),2025-01-10,832.0,0,832.0,Transferencia,Adquisición de mercancias,Pagado,2025-01-15,5,Pendiente,,2025-01-10T12:00:00,,,1
HIST25_114,261322,Factura,MEDFRUT (7 DÍAS),MEDFRUT (7 DÍAS),2025-01-13,126.0,0,126.0,Transferencia,Adquisición de mercancias,Pagado,2025-01-18,5,Pendiente,,2025-01-13T12:00:00,,,1
HIST25_115,261133,Factura,MEDFRUT (7 DÍAS),MEDFRUT (7 DÍAS),2025-01-10,135.2,0,135.2,Transferencia,Adquisición de mercancias,Pagado,2025-01-15,5,Pendiente,,2025-01-10T12:00:00,,,1
HIST25_116,110136,Factura,Colesa (7 días),Colesa (7 días),2025-01-13,688.6,0,688.6,Transferencia,Adquisición de mercancias,Pagado,2025-01-18,5,Pendiente,,2025-01-13T12:00:00,,,1
HIST25_117,58815,Factura,KEY QUÍMICA (14 DÍAS),KEY QUÍMICA (14 DÍAS),2025-01-13,1702.18,0,1702.18,Transferencia,Gastos en General,Pagado,2025-01-27,14,Pendiente,,2025-01-13T12:00:00,,,1
HIST25_118,682,Factura,Dumbo / Diana Silva Ponce (12 días),Dumbo / Diana Silva Ponce (12 días),2025-01-13,478.0,0,478.0,Transferencia,Adquisición de mercancias,Pagado,2025-01-18,5,Recibido,,2025-01-13T12:00:00,,,1
HIST25_119,40894,Remisión,"AGYDSA ""Aceite"" (7 días)","AGYDSA ""Aceite"" (7 días)",2025-01-13,2100.0,0,2100.0,Transferencia,Adquisición de mercancias,Pagado,2025-01-18,5,Pendiente,,2025-01-13T12:00:00,,,1
HIST25_120,,,CFE,CFE,2025-01-15,7584.96,0,7584.96,Tarjeta,Gastos en General,Pendiente,,0,Pendiente,,2025-01-15T12:00:00,,,1
HIST25_121,T,Factura,Alsuper,Alsuper,2025-01-15,270.05,0,270.05,Tarjeta,Adquisición de mercancias,Pendiente,,0,Pendiente,,2025-01-15T12:00:00,,,1
HIST25_122,32691,Factura,Papas Santa Fe / Procepap (7 dias),Papas Santa Fe / Procepap (7 dias),2025-01-14,672.0,0,672.0,Transferencia,Adquisición de mercancias,Pagado,2025-01-19,5,Pendiente,,2025-01-14T12:00:00,,,1
HIST25_123,165759,Factura,Gas El Sobrante,Gas El Sobrante,2025-01-15,199.61,0,199.61,Tarjeta,Gastos en General,Pendiente,,0,Pendiente,,2025-01-15T12:00:00,,,1
HIST25_124,27278,Factura,SUKARNE,SUKARNE,2025-01-15,3619.3,0,3619.3,Tarjeta,Adquisición de mercancias,Pendiente,,0,Pendiente,,2025-01-15T12:00:00,,,1
HIST25_125,27279,Factura,SUKARNE,SUKARNE,2025-01-15,4206.4,0,4206.4,Tarjeta,Adquisición de mercancias,Pendiente,,0,Pendiente,,2025-01-15T12:00:00,,,1
HIST25_126,14012025,Remisión,Salsa La Moncha / Janeth Gonzalez (14 días),Salsa La Moncha / Janeth Gonzalez (14 días),2025-01-14,464.0,0,464.0,Transferencia,Adquisición de mercancias,Pagado,2025-01-19,5,Pendiente,,2025-01-14T12:00:00,,,1
HIST25_127,151206,Factura,Colesa (7 días),Colesa (7 días),2025-01-14,1552.85,0,1552.85,Transferencia,Adquisición de mercancias,Pagado,2025-01-19,5,Pendiente,,2025-01-14T12:00:00,,,1
HIST25_128,19681,Factura,Quesos y + Quesos / Armando Villanueva (7 días),Quesos y + Quesos / Armando Villanueva (7 días),2025-01-14,2331.8,0,2331.8,Transferencia,Adquisición de mercancias,Pagado,2025-01-19,5,Pendiente,,2025-01-14T12:00:00,,,1
HIST25_129,147095,Factura,Abarrotes Inst. (7 días),Abarrotes Inst. (7 días),2025-01-14,2524.9,0,2524.9,Transferencia,Adquisición de mercancias,Pagado,2025-01-19,5,Pendiente,,2025-01-14T12:00:00,,,1
HIST25_130,68629,Factura,DIPACSA (7 días),DIPACSA (7 días),2025-01-14,1627.2,0,1627.2,Transferencia,Adquisición de mercancias,Pagado,2025-01-19,5,Pendiente,,2025-01-14T12:00:00,,,1
HIST25_131,261425,Factura,MEDFRUT (7 DÍAS),MEDFRUT (7 DÍAS),2025-01-14,1038.6,0,1038.6,Transferencia,Adquisición de mercancias,Pagado,2025-01-19,5,Pendiente,,2025-01-14T12:00:00,,,1
HIST25_132,021033,Factura,INIX COMERCIAL (20 DÍAS),INIX COMERCIAL (20 DÍAS),2025-01-14,2791.33,0,2791.33,Transferencia,Adquisición de mercancias,Pagado,2025-02-03,20,Pendiente,,2025-01-14T12:00:00,,,1
HIST25_133,67141,Factura,PROMAR DEL NORTE (14 DÍAS),PROMAR DEL NORTE (14 DÍAS),2025-01-14,3654.7,0,3654.7,Transferencia,Adquisición de mercancias,Pagado,2025-01-28,14,Pendiente,,2025-01-14T12:00:00,,,1
HIST25_134,T,Factura,Alsuper,Alsuper,2025-01-14,49.5,0,49.5,Tarjeta,Adquisición de mercancias,Pendiente,,0,Pendiente,,2025-01-14T12:00:00,,,1
HIST25_135,27264,Factura,SUKARNE,SUKARNE,2025-01-14,7083.9,0,7083.9,Tarjeta,Adquisición de mercancias,Pendiente,,0,Pendiente,,2025-01-14T12:00:00,,,1
HIST25_136,98757,Factura,Diplas / Hector A Portillo (20 días),Diplas / Hector A Portillo (20 días),2025-01-14,2194.95,0,2194.95,Transferencia,Gastos en General,Pagado,2025-02-03,20,Pendiente,,2025-01-14T12:00:00,,,1
HIST25_137,t,Factura,City Club,City Club,2025-01-09,100.01,0,100.01,Tarjeta,Gastos en General,Pendiente,,0,Pendiente,,2025-01-09T12:00:00,,,1
HIST25_138,1756,Factura,SURTIDORA BOTANAS (7 DÍAS),SURTIDORA BOTANAS (7 DÍAS),2025-01-10,952.56,0,952.56,Transferencia,Adquisición de mercancias,Pagado,2025-01-15,5,Pendiente,,2025-01-10T12:00:00,,,1
HIST25_139,19943,Factura,Renault (Insignia motores SA de cv),Renault (Insignia motores SA de cv),2025-01-11,4626.0,0,4626.0,Tarjeta,Gastos en General,Pendiente,,0,Pendiente,,2025-01-11T12:00:00,,,1
HIST25_140,36770975,Factura,Bachoco,Bachoco,2025-01-13,13406.37,0,13406.37,Tarjeta,Adquisición de mercancias,Pendiente,,0,Pendiente,,2025-01-13T12:00:00,,,1
HIST25_141,,,NÓMINA,NÓMINA,2025-01-10,2545.8,0,2545.8,Cheque,Gastos en General,Pendiente,,0,Pendiente,,2025-01-10T12:00:00,,,1
HIST25_142,122789,Factura,EMPAQUES Y ENVASES/JOSE LUIS MORALES GARCIA (7 días),EMPAQUES Y ENVASES/JOSE LUIS MORALES GARCIA (7 días),2025-01-10,128.0,0,128.0,Tarjeta,Gastos en General,Pendiente,,0,Pendiente,,2025-01-10T12:00:00,,,1
HIST25_143,36752592,Factura,Bachoco,Bachoco,2025-01-10,16823.36,0,16823.36,Tarjeta,Adquisición de mercancias,Pendiente,,0,Pendiente,,2025-01-10T12:00:00,,,1
HIST25_144,t,Factura,City Club,City Club,2025-01-09,736.0,0,736.0,Tarjeta,Adquisición de mercancias,Pendiente,,0,Pendiente,,2025-01-09T12:00:00,,,1
HIST25_145,#FACTURA,Factura,Sam's Club,Sam's Club,2025-01-09,984.4,0,984.4,Tarjeta,Adquisición de mercancias,Pendiente,,0,Pendiente,,2025-01-09T12:00:00,,,1
HIST25_146,T,Factura,Costco,Costco,2025-01-09,1800.0,0,1800.0,Tarjeta,Gastos en General,Pendiente,,0,Pendiente,,2025-01-09T12:00:00,,,1
HIST25_147,283860,Factura,HOME DEPOT,HOME DEPOT,2025-01-11,50.0,0,50.0,Tarjeta,Gastos en General,Pendiente,,0,Pendiente,,2025-01-11T12:00:00,,,1
HIST25_148,27237,Factura,SUKARNE,SUKARNE,2025-01-11,4093.1,0,4093.1,Tarjeta,Adquisición de mercancias,Pendiente,,0,Pendiente,,2025-01-11T12:00:00,,,1
HIST25_149,89337,Factura,SUKARNE,SUKARNE,2025-01-11,3234.2,0,3234.2,Tarjeta,Adquisición de mercancias,Pendiente,,0,Pendiente,,2025-01-11T12:00:00,,,1
HIST25_150,27238,Factura,SUKARNE,SUKARNE,2025-01-11,3504.2,0,3504.2,Tarjeta,Adquisición de mercancias,Pendiente,,0,Pendiente,,2025-01-11T12:00:00,,,1
HIST25_151,T,Factura,Alsuper,Alsuper,2025-01-11,692.05,0,692.05,Tarjeta,Adquisición de mercancias,Pendiente,,0,Pendiente,,2025-01-11T12:00:00,,,1
HIST25_152,284275,Factura,HOME DEPOT,HOME DEPOT,2025-01-12,32.1,0,32.1,Tarjeta,Gastos en General,Pendiente,,0,Pendiente,,2025-01-12T12:00:00,,,1
HIST25_153,27252,Factura,SUKARNE,SUKARNE,2025-01-13,3219.9,0,3219.9,Tarjeta,Adquisición de mercancias,Pendiente,,0,Pendiente,,2025-01-13T12:00:00,,,1
HIST25_154,T,Factura,Sam's Club,Sam's Club,2025-01-10,1397.48,0,1397.48,Tarjeta,Adquisición de mercancias,Pendiente,,0,Pendiente,,2025-01-10T12:00:00,,,1
HIST25_155,T,Factura,Sam's Club,Sam's Club,2025-01-11,1433.38,0,1433.38,Tarjeta,Adquisición de mercancias,Pendiente,,0,Pendiente,,2025-01-11T12:00:00,,,1
HIST25_156,T,Factura,Alsuper,Alsuper,2025-01-13,199.8,0,199.8,Tarjeta,Adquisición de mercancias,Pendiente,,0,Pendiente,,2025-01-13T12:00:00,,,1
HIST25_157,11769448,Factura,ECOGAS,ECOGAS,2025-01-16,5354.0,0,5354.0,Transferencia,Gastos en General,Pagado,2025-01-21,5,Pendiente,,2025-01-16T12:00:00,,,1
HIST25_158,#FACTURA,,CHOCOLATE,CHOCOLATE,2025-01-16,4811.78,0,4811.78,Transferencia,Adquisición de mercancias,Pagado,2025-01-16,0,No aplíca,,2025-01-16T12:00:00,,,1
HIST25_159,261547,Factura,MEDFRUT (7 DÍAS),MEDFRUT (7 DÍAS),2025-01-16,1230.0,0,1230.0,Transferencia,Adquisición de mercancias,Pagado,2025-01-21,5,Pendiente,,2025-01-16T12:00:00,,,1
HIST25_160,68685,Factura,DIPACSA (7 días),DIPACSA (7 días),2025-01-16,813.6,0,813.6,Transferencia,Adquisición de mercancias,Pagado,2025-01-21,5,Pendiente,,2025-01-16T12:00:00,,,1
HIST25_161,37167,Factura,Abarrotes Inst. (7 días),Abarrotes Inst. (7 días),2025-01-16,282.12,0,282.12,Transferencia,Adquisición de mercancias,Pagado,2025-01-21,5,Pendiente,,2025-01-16T12:00:00,,,1
HIST25_162,15012025,Factura,La Espiga Dorada  / JUAN MANUEL CASTRO (7 días),La Espiga Dorada  / JUAN MANUEL CASTRO (7 días),2025-01-15,1430.0,0,1430.0,Transferencia,Adquisición de mercancias,Pagado,2025-01-21,6,Pendiente,,2025-01-15T12:00:00,,,1
HIST25_163,32792,Factura,Papas Santa Fe / Procepap (7 dias),Papas Santa Fe / Procepap (7 dias),2025-01-16,620.0,0,620.0,Transferencia,Adquisición de mercancias,Pagado,2025-01-21,5,Pendiente,,2025-01-16T12:00:00,,,1
HIST25_164,110175,Factura,Colesa (7 días),Colesa (7 días),2025-01-16,1307.95,0,1307.95,Transferencia,Adquisición de mercancias,Pagado,2025-01-21,5,Pendiente,,2025-01-16T12:00:00,,,1
HIST25_165,2437,Factura,Paser / Araceli V. Padilla (14 dias),Paser / Araceli V. Padilla (14 dias),2025-01-15,1655.0,0,1655.0,Transferencia,Adquisición de mercancias,Pagado,2025-01-29,14,Pendiente,,2025-01-15T12:00:00,,,1
HIST25_166,68660,Factura,DIPACSA (7 días),DIPACSA (7 días),2025-01-15,770.0,0,770.0,Transferencia,Adquisición de mercancias,Pagado,2025-01-20,5,Pendiente,,2025-01-15T12:00:00,,,1
HIST25_167,4181,Factura,Ma Eugenia Payan / Tortillas (14 días),Ma Eugenia Payan / Tortillas (14 días),2025-01-14,6447.0,0,6447.0,Transferencia,Adquisición de mercancias,Pagado,2025-01-28,14,Pendiente,,2025-01-14T12:00:00,,,1
HIST25_168,53599,Factura,EMPAQUES Y ENVASES/JOSE LUIS MORALES GARCIA (7 días),EMPAQUES Y ENVASES/JOSE LUIS MORALES GARCIA (7 días),2025-01-13,1837.01,0,1837.01,Transferencia,Gastos en General,Pagado,2025-01-20,7,Pendiente,,2025-01-13T12:00:00,,,1
HIST25_169,1663,Remisión,La Cosecha / Guadalupe Caro S. (14 días),La Cosecha / Guadalupe Caro S. (14 días),2025-01-16,1035.0,0,1035.0,Transferencia,Adquisición de mercancias,Pagado,2025-01-31,15,Pendiente,,2025-01-16T12:00:00,,,1
HIST25_170,1854,Remisión,NARANJA Y LIMÓN (7 DÍAS),NARANJA Y LIMÓN (7 DÍAS),2025-01-16,1210.0,0,1210.0,Transferencia,Adquisición de mercancias,Pagado,2025-01-21,5,Pendiente,,2025-01-16T12:00:00,,,1
HIST25_171,68732,Factura,DIPACSA (7 días),DIPACSA (7 días),2025-01-16,1753.6,0,1753.6,Transferencia,Adquisición de mercancias,Pagado,2025-01-21,5,Pendiente,,2025-01-16T12:00:00,,,1
HIST25_172,261656,Factura,MEDFRUT (7 DÍAS),MEDFRUT (7 DÍAS),2025-01-17,89.0,0,89.0,Transferencia,Adquisición de mercancias,Pagado,2025-01-22,5,Pendiente,,2025-01-17T12:00:00,,,1
HIST25_173,53693,Factura,EMPAQUES Y ENVASES/JOSE LUIS MORALES GARCIA (7 días),EMPAQUES Y ENVASES/JOSE LUIS MORALES GARCIA (7 días),2025-01-17,952.41,0,952.41,Transferencia,Gastos en General,Pagado,2025-01-22,5,Pendiente,,2025-01-17T12:00:00,,,1
HIST25_174,14596,Factura,ERO Grande (20 días),ERO Grande (20 días),2025-01-17,680.0,0,680.0,Transferencia,Adquisición de mercancias,Pagado,2025-02-01,15,Pendiente,,2025-01-17T12:00:00,,,1
HIST25_175,T,Factura,Alsuper,Alsuper,2025-01-18,86.92,0,86.92,Tarjeta,Adquisición de mercancias,Pendiente,,0,Pendiente,,2025-01-18T12:00:00,,,1
HIST25_176,t,Factura,City Club,City Club,2025-01-13,298.0,0,298.0,Tarjeta,Adquisición de mercancias,Pendiente,,0,Pendiente,,2025-01-13T12:00:00,,,1
HIST25_177,T,Factura,City Club,City Club,2025-01-13,95.2,0,95.2,Tarjeta,Gastos en General,Pendiente,,0,Pendiente,,2025-01-13T12:00:00,,,1
HIST25_178,T,Factura,SORIANA,SORIANA,2025-01-11,238.76,0,238.76,Tarjeta,Adquisición de mercancias,Pendiente,,0,Pendiente,,2025-01-11T12:00:00,,,1
HIST25_179,T,Factura,Folvaz Gasolina,Folvaz Gasolina,2025-01-10,500.0,0,500.0,Tarjeta,Gastos en General,Pendiente,,0,Pendiente,,2025-01-10T12:00:00,,,1
HIST25_180,27290,Factura,SUKARNE,SUKARNE,2025-01-16,6774.1,0,6774.1,Tarjeta,Adquisición de mercancias,Pendiente,,0,Pendiente,,2025-01-16T12:00:00,,,1
HIST25_181,08413,Factura,ADOSA,ADOSA,2025-01-16,155.5,0,155.5,Tarjeta,Gastos en General,Pendiente,,0,Pendiente,,2025-01-16T12:00:00,,,1
HIST25_182,t,Factura,Sam's Club,Sam's Club,2025-01-13,1309.95,0,1309.95,Tarjeta,Adquisición de mercancias,Pendiente,,0,Pendiente,,2025-01-13T12:00:00,,,1
HIST25_183,T,Factura,Alsuper,Alsuper,2025-01-17,550.8,0,550.8,Tarjeta,Adquisición de mercancias,Pendiente,,0,Pendiente,,2025-01-17T12:00:00,,,1
HIST25_184,27303,Factura,SUKARNE,SUKARNE,2025-01-17,7028.3,0,7028.3,Tarjeta,Adquisición de mercancias,Pendiente,,0,Pendiente,,2025-01-17T12:00:00,,,1
HIST25_185,15345,Factura,Especias Naturales del Norte,Especias Naturales del Norte,2025-01-16,456.54,0,456.54,Tarjeta,Adquisición de mercancias,Pendiente,,0,Pendiente,,2025-01-16T12:00:00,,,1
HIST25_186,36787785,Factura,Bachoco,Bachoco,2025-01-15,17016.54,0,17016.54,Tarjeta,Adquisición de mercancias,Pendiente,,0,Pendiente,,2025-01-15T12:00:00,,,1
HIST25_187,36804638,Factura,Bachoco,Bachoco,2025-01-17,14336.01,0,14336.01,Tarjeta,Adquisición de mercancias,Pendiente,,0,Pendiente,,2025-01-17T12:00:00,,,1
HIST25_188,,,NÓMINA,NÓMINA,2025-01-17,2441.38,0,2441.38,Cheque,Gastos en General,Pendiente,,0,Pendiente,,2025-01-17T12:00:00,,,1
HIST25_189,0229492,Factura,AB Pollo,AB Pollo,2025-01-17,1078.8,0,1078.8,Tarjeta,Adquisición de mercancias,Pendiente,,0,Pendiente,,2025-01-17T12:00:00,,,1
HIST25_190,25025,Factura,MACOPISA  (Centro de servicios),MACOPISA  (Centro de servicios),2025-01-14,6779.13,0,6779.13,Tarjeta,Gastos en General,Pendiente,,0,Pendiente,,2025-01-14T12:00:00,,,1
HIST25_191,t,Factura,City Club,City Club,2025-01-17,129.0,0,129.0,Tarjeta,Adquisición de mercancias,Pendiente,,0,Pendiente,,2025-01-17T12:00:00,,,1
HIST25_192,T,Factura,Costco,Costco,2025-01-17,598.0,0,598.0,Tarjeta,Adquisición de mercancias,Pendiente,,0,Pendiente,,2025-01-17T12:00:00,,,1
HIST25_193,T,Factura,Sam's Club,Sam's Club,2025-01-16,2929.15,0,2929.15,Tarjeta,Adquisición de mercancias,Pendiente,,0,Pendiente,,2025-01-16T12:00:00,,,1
HIST25_194,68607,Factura,DIPACSA (7 días),DIPACSA (7 días),2025-01-10,813.6,0,813.6,Transferencia,Adquisición de mercancias,Pagado,2025-01-20,10,Pendiente,,2025-01-10T12:00:00,,,1
HIST25_195,68502,Factura,DIPACSA (7 días),DIPACSA (7 días),2025-01-07,813.6,0,813.6,Transferencia,Adquisición de mercancias,Pagado,2025-01-20,13,Pendiente,,2025-01-07T12:00:00,,,1
HIST25_196,67210,Factura,PROMAR DEL NORTE (14 DÍAS),PROMAR DEL NORTE (14 DÍAS),2025-01-18,3654.7,0,3654.7,Transferencia,Adquisición de mercancias,Pagado,2025-02-01,14,Pendiente,,2025-01-18T12:00:00,,,1
HIST25_197,98943,Factura,Diplas / Hector A Portillo (20 días),Diplas / Hector A Portillo (20 días),2025-01-20,2486.02,0,2486.02,Transferencia,Gastos en General,Pagado,2025-02-09,20,Pendiente,,2025-01-20T12:00:00,,,1
HIST25_198,261892,Factura,MEDFRUT (7 DÍAS),MEDFRUT (7 DÍAS),2025-01-20,925.0,0,925.0,Transferencia,Adquisición de mercancias,Pagado,2025-01-25,5,Pendiente,,2025-01-20T12:00:00,,,1
HIST25_199,27560,Factura,Colesa (7 días),Colesa (7 días),2025-01-20,1173.6,0,1173.6,Transferencia,Adquisición de mercancias,Pagado,2025-01-25,5,Pendiente,,2025-01-20T12:00:00,,,1
HIST25_200,68796,Factura,DIPACSA (7 días),DIPACSA (7 días),2025-01-20,2462.2,0,2462.2,Transferencia,Adquisición de mercancias,Pagado,2025-01-25,5,Pendiente,,2025-01-20T12:00:00,,,1
HIST25_201,T,Factura,Alsuper,Alsuper,2025-01-20,86.4,0,86.4,Tarjeta,Adquisición de mercancias,Pendiente,,0,Pendiente,,2025-01-20T12:00:00,,,1
HIST25_202,27336,Factura,SUKARNE,SUKARNE,2025-01-20,7037.1,0,7037.1,Tarjeta,Adquisición de mercancias,Pendiente,,0,Pendiente,,2025-01-20T12:00:00,,,1
HIST25_203,t,Factura,Alsuper,Alsuper,2025-01-17,1686.45,0,1686.45,Tarjeta,Adquisición de mercancias,Pendiente,,0,Pendiente,,2025-01-17T12:00:00,,,1
HIST25_204,80239,Factura,EQUIPOS Y SISTEMAS HIDRAULICOS,EQUIPOS Y SISTEMAS HIDRAULICOS,2025-01-20,1134.12,0,1134.12,Tarjeta,Gastos en General,Pendiente,,0,Pendiente,,2025-01-20T12:00:00,,,1
HIST25_205,543560,Factura,AUTOZONE,AUTOZONE,2025-01-20,358.0,0,358.0,Tarjeta,Gastos en General,Pendiente,,0,Pendiente,,2025-01-20T12:00:00,,,1
HIST25_206,36823425,Factura,Bachoco,Bachoco,2025-01-20,18518.07,0,18518.07,Tarjeta,Adquisición de mercancias,Pendiente,,0,Pendiente,,2025-01-20T12:00:00,,,1
HIST25_207,268572,Factura,Casa Myers,Casa Myers,2025-01-20,28.91,0,28.91,Tarjeta,Gastos en General,Pendiente,,0,Pendiente,,2025-01-20T12:00:00,,,1
HIST25_208,t,Factura,Costco,Costco,2025-01-20,2499.0,0,2499.0,Tarjeta,Gastos en General,Pendiente,,0,Pendiente,,2025-01-20T12:00:00,,,1
HIST25_209,t,Factura,Costco,Costco,2025-01-20,338.0,0,338.0,Tarjeta,Gastos en General,Pendiente,,0,Pendiente,,2025-01-20T12:00:00,,,1
HIST25_210,t,Factura,,,2025-01-20,1768.0,0,1768.0,Tarjeta,Adquisición de mercancias,Pendiente,,0,Pendiente,,2025-01-20T12:00:00,,,1
HIST25_211,#FACTURA,,IMPUESTOS FEDERALES,IMPUESTOS FEDERALES,2025-01-20,20165.0,0,20165.0,Transferencia,Gastos en General,Pagado,,0,No aplíca,,2025-01-20T12:00:00,,,1
HIST25_212,#FACTURA,,IMPUESTOS FEDERALES,IMPUESTOS FEDERALES,2025-01-17,220.0,0,220.0,Transferencia,Gastos en General,Pagado,2025-01-20,3,No aplíca,,2025-01-17T12:00:00,,,1
HIST25_213,789,Factura,NANCY J MATA ARMENDARIZ,NANCY J MATA ARMENDARIZ,2025-01-16,5125.06,0,5125.06,Transferencia,Adquisición de mercancias,Pagado,,0,Pendiente,,2025-01-16T12:00:00,,,1
HIST25_214,#FACTURA,,IMSS,IMSS,2025-01-14,58077.35,0,58077.35,Transferencia,Gastos en General,Pagado,,0,No aplíca,,2025-01-14T12:00:00,,,1
HIST25_215,#FACTURA,,IMPUESTO SOBRE NÓMINA,IMPUESTO SOBRE NÓMINA,2025-01-14,4745.0,0,4745.0,Transferencia,Gastos en General,Pagado,2025-01-14,0,No aplíca,,2025-01-14T12:00:00,,,1
HIST25_216,#FACTURA,,NOMINA,NOMINA,2025-01-02,24638.0,0,24638.0,COBRO AUTOMÁTICO,Gastos en General,Pagado,2025-01-03,1,Pendiente,,2025-01-02T12:00:00,,,1
HIST25_217,#FACTURA,,SODEXO,SODEXO,2025-01-02,2686.77,0,2686.77,COBRO AUTOMÁTICO,Gastos en General,Pagado,2025-01-02,0,Pendiente,,2025-01-02T12:00:00,,,1
HIST25_218,#FACTURA,,PENSIÓN ALIMENTICIA,PENSIÓN ALIMENTICIA,2025-01-02,866.12,0,866.12,COBRO AUTOMÁTICO,Gastos en General,Pagado,2025-01-03,1,Pendiente,,2025-01-02T12:00:00,,,1
HIST25_219,#FACTURA,,NOMINA,NOMINA,2025-01-10,20969.4,0,20969.4,COBRO AUTOMÁTICO,Gastos en General,Pagado,2025-01-10,0,Pendiente,,2025-01-10T12:00:00,,,1
HIST25_220,#FACTURA,,SODEXO,SODEXO,2025-01-09,2550.05,0,2550.05,COBRO AUTOMÁTICO,Gastos en General,Pagado,2025-01-09,0,Pendiente,,2025-01-09T12:00:00,,,1
HIST25_221,#FACTURA,,PENSIÓN ALIMENTICIA,PENSIÓN ALIMENTICIA,2025-01-10,866.12,0,866.12,COBRO AUTOMÁTICO,Gastos en General,Pagado,2025-01-10,0,Pendiente,,2025-01-10T12:00:00,,,1
HIST25_222,#FACTURA,,NOMINA,NOMINA,2025-01-16,21879.8,0,21879.8,COBRO AUTOMÁTICO,Gastos en General,Pagado,2025-01-17,1,Pendiente,,2025-01-16T12:00:00,,,1
HIST25_223,#FACTURA,,SODEXO,SODEXO,2025-01-16,2493.45,0,2493.45,COBRO AUTOMÁTICO,Gastos en General,Pagado,2025-01-16,0,Pendiente,,2025-01-16T12:00:00,,,1
HIST25_224,#FACTURA,,PENSIÓN ALIMENTICIA,PENSIÓN ALIMENTICIA,2025-01-16,866.12,0,866.12,COBRO AUTOMÁTICO,Gastos en General,Pagado,2025-01-17,1,Pendiente,,2025-01-16T12:00:00,,,1
HIST25_225,#FACTURA,,Salvador Macías,Salvador Macías,2025-01-21,13768.6,0,13768.6,Transferencia,Gastos en General,Pagado,2025-01-21,0,Pendiente,,2025-01-21T12:00:00,,,1
HIST25_226,#FACTURA,,NOMINA,NOMINA,2025-01-23,24147.2,0,24147.2,COBRO AUTOMÁTICO,Gastos en General,Pagado,2025-01-24,1,Pendiente,,2025-01-23T12:00:00,,,1
HIST25_227,#FACTURA,,SODEXO,SODEXO,2025-01-23,2697.8,0,2697.8,COBRO AUTOMÁTICO,Gastos en General,Pagado,2025-01-23,0,Pendiente,,2025-01-23T12:00:00,,,1
HIST25_228,#FACTURA,,PENSION,PENSION,2025-01-23,866.12,0,866.12,COBRO AUTOMÁTICO,Gastos en General,Pagado,2025-01-24,1,Pendiente,,2025-01-23T12:00:00,,,1
HIST25_229,423,Remisión,TARTARAS LUZ ALICIA RODRIGUEZ,TARTARAS LUZ ALICIA RODRIGUEZ,2025-01-23,750.0,0,750.0,Transferencia,Adquisición de mercancias,Pagado,2025-01-29,6,Pendiente,,2025-01-23T12:00:00,,,1
HIST25_230,27619,Factura,Colesa (7 días),Colesa (7 días),2025-01-22,764.8,0,764.8,Transferencia,Adquisición de mercancias,Pagado,2025-01-27,5,Pendiente,,2025-01-22T12:00:00,,,1
HIST25_231,36840544,Factura,Bachoco,Bachoco,2025-01-22,15256.43,0,15256.43,Tarjeta,Adquisición de mercancias,Pendiente,,0,Pendiente,,2025-01-22T12:00:00,,,1
HIST25_232,4167,Factura,Electro Vim,Electro Vim,2025-01-22,858.4,0,858.4,Tarjeta,Gastos en General,Pendiente,,0,Pendiente,,2025-01-22T12:00:00,,,1
HIST25_233,1842,Factura,SURTIDORA BOTANAS (7 DÍAS),SURTIDORA BOTANAS (7 DÍAS),2025-01-22,1071.14,0,1071.14,Transferencia,Adquisición de mercancias,Pagado,2025-01-27,5,Pendiente,,2025-01-22T12:00:00,,,1
HIST25_234,685,Factura,Dumbo / Diana Silva Ponce (12 días),Dumbo / Diana Silva Ponce (12 días),2025-01-21,670.0,0,670.0,Transferencia,Adquisición de mercancias,Pagado,2025-01-26,5,Pendiente,,2025-01-21T12:00:00,,,1
HIST25_235,147333,Factura,Abarrotes Inst. (7 días),Abarrotes Inst. (7 días),2025-01-20,705.92,0,705.92,Transferencia,Adquisición de mercancias,Pagado,2025-01-25,5,Pendiente,,2025-01-20T12:00:00,,,1
HIST25_236,t,Factura,Folvaz Gasolina,Folvaz Gasolina,2025-01-21,600.0,0,600.0,Tarjeta,Gastos en General,Pendiente,,0,Pendiente,,2025-01-21T12:00:00,,,1
HIST25_237,27346,Factura,SUKARNE,SUKARNE,2025-01-21,5285.0,0,5285.0,Tarjeta,Adquisición de mercancias,Pendiente,,0,Pendiente,,2025-01-21T12:00:00,,,1
HIST25_238,27345,Factura,SUKARNE,SUKARNE,2025-01-21,3546.3,0,3546.3,Tarjeta,Adquisición de mercancias,Pendiente,,0,Pendiente,,2025-01-21T12:00:00,,,1
HIST25_239,t,Factura,Alsuper,Alsuper,2025-01-21,593.5,0,593.5,Tarjeta,Adquisición de mercancias,Pendiente,,0,Pendiente,,2025-01-21T12:00:00,,,1
HIST25_240,588171,Factura,STEREN,STEREN,2025-01-20,159.0,0,159.0,Tarjeta,Gastos en General,Pendiente,,0,Pendiente,,2025-01-20T12:00:00,,,1
HIST25_241,68832,Factura,DIPACSA (7 días),DIPACSA (7 días),2025-01-21,813.6,0,813.6,Transferencia,Adquisición de mercancias,Pagado,2025-01-26,5,Pendiente,,2025-01-21T12:00:00,,,1
HIST25_242,021103,Factura,INIX COMERCIAL (20 DÍAS),INIX COMERCIAL (20 DÍAS),2025-01-21,3701.85,0,3701.85,Transferencia,Gastos en General,Pagado,2025-02-10,20,Pendiente,,2025-01-21T12:00:00,,,1
HIST25_243,2462,Factura,Paser / Araceli V. Padilla (14 dias),Paser / Araceli V. Padilla (14 dias),2025-01-21,1655.0,0,1655.0,Transferencia,Adquisición de mercancias,Pagado,2025-02-04,14,Pendiente,,2025-01-21T12:00:00,,,1
HIST25_244,1836,Factura,SURTIDORA BOTANAS (7 DÍAS),SURTIDORA BOTANAS (7 DÍAS),2025-01-21,1456.28,0,1456.28,Transferencia,Adquisición de mercancias,Pagado,2025-01-26,5,Pendiente,,2025-01-21T12:00:00,,,1
HIST25_245,19771,Factura,Quesos y + Quesos / Armando Villanueva (7 días),Quesos y + Quesos / Armando Villanueva (7 días),2025-01-21,2344.9,0,2344.9,Transferencia,Adquisición de mercancias,Pagado,2025-01-26,5,Pendiente,,2025-01-21T12:00:00,,,1
HIST25_246,1860,Remisión,NARANJA Y LIMÓN (7 DÍAS),NARANJA Y LIMÓN (7 DÍAS),2025-01-21,1210.0,0,1210.0,Transferencia,Adquisición de mercancias,Pagado,2025-01-26,5,Pendiente,,2025-01-21T12:00:00,,,1
HIST25_247,53766,Factura,EMPAQUES Y ENVASES/JOSE LUIS MORALES GARCIA (7 días),EMPAQUES Y ENVASES/JOSE LUIS MORALES GARCIA (7 días),2025-01-21,1093.02,0,1093.02,Transferencia,Gastos en General,Pagado,2025-01-26,5,Pendiente,,2025-01-21T12:00:00,,,1
HIST25_248,110199,Factura,Colesa (7 días),Colesa (7 días),2025-01-21,1724.5,0,1724.5,Transferencia,Adquisición de mercancias,Pagado,2025-01-26,5,Pendiente,,2025-01-21T12:00:00,,,1
HIST25_249,27357,Factura,SUKARNE,SUKARNE,2025-01-22,6373.3,0,6373.3,Tarjeta,Adquisición de mercancias,Pendiente,,0,Pendiente,,2025-01-22T12:00:00,,,1
HIST25_250,t,Factura,Alsuper,Alsuper,2025-01-22,74.9,0,74.9,Tarjeta,Adquisición de mercancias,Pendiente,,0,Pendiente,,2025-01-22T12:00:00,,,1
HIST25_251,40987,Remisión,"AGYDSA ""Aceite"" (7 días)","AGYDSA ""Aceite"" (7 días)",2025-01-22,2100.0,0,2100.0,Transferencia,Adquisición de mercancias,Pagado,2025-01-27,5,Pendiente,,2025-01-22T12:00:00,,,1
HIST25_252,013589,Factura,DMCH Equipos e Insumos,DMCH Equipos e Insumos,2025-01-21,124.93,0,124.93,Tarjeta,Gastos en General,Pendiente,,0,Pendiente,,2025-01-21T12:00:00,,,1
HIST25_253,t,Factura,Sam's Club,Sam's Club,2025-01-21,299.0,0,299.0,Tarjeta,Adquisición de mercancias,Pendiente,,0,Pendiente,,2025-01-21T12:00:00,,,1
HIST25_254,T,Factura,Sam's Club,Sam's Club,2025-01-21,209.0,0,209.0,Tarjeta,Gastos en General,Pendiente,,0,Pendiente,,2025-01-21T12:00:00,,,1
HIST25_255,T,Factura,Sam's Club,Sam's Club,2025-01-21,1421.4,0,1421.4,Tarjeta,Adquisición de mercancias,Pendiente,,0,Pendiente,,2025-01-21T12:00:00,,,1
HIST25_256,67275,Factura,PROMAR DEL NORTE (14 DÍAS),PROMAR DEL NORTE (14 DÍAS),2025-01-22,3654.7,0,3654.7,Transferencia,Adquisición de mercancias,Pagado,2025-02-05,14,Pendiente,,2025-01-22T12:00:00,,,1
HIST25_257,262046,Factura,MEDFRUT (7 DÍAS),MEDFRUT (7 DÍAS),2025-01-22,298.0,0,298.0,Transferencia,Adquisición de mercancias,Pagado,2025-01-27,5,Pendiente,,2025-01-22T12:00:00,,,1
HIST25_258,27384,Factura,SUKARNE,SUKARNE,2025-01-24,3777.8,0,3777.8,Tarjeta,Adquisición de mercancias,Pendiente,,0,Pendiente,,2025-01-24T12:00:00,,,1
HIST25_259,27383,Factura,SUKARNE,SUKARNE,2025-01-24,3832.5,0,3832.5,Tarjeta,Adquisición de mercancias,Pendiente,,0,Pendiente,,2025-01-24T12:00:00,,,1
HIST25_260,68903,Factura,DIPACSA (7 días),DIPACSA (7 días),2025-01-24,813.6,0,813.6,Transferencia,Adquisición de mercancias,Pagado,2025-01-29,5,Pendiente,,2025-01-24T12:00:00,,,1
HIST25_261,#FACTURA,Factura,Sam's Club,Sam's Club,2025-01-22,690.0,0,690.0,Tarjeta,Adquisición de mercancias,Pendiente,,0,Pendiente,,2025-01-22T12:00:00,,,1
HIST25_262,T,Factura,Sam's Club,Sam's Club,2025-01-23,1394.5,0,1394.5,Tarjeta,Adquisición de mercancias,Pendiente,,0,Pendiente,,2025-01-23T12:00:00,,,1
HIST25_263,T,Factura,Sam's Club,Sam's Club,2025-01-23,1081.8,0,1081.8,Tarjeta,Adquisición de mercancias,Pendiente,,0,Pendiente,,2025-01-23T12:00:00,,,1
HIST25_264,T,Factura,Alsuper,Alsuper,2025-01-23,39.9,0,39.9,Tarjeta,Gastos en General,Pendiente,,0,Pendiente,,2025-01-23T12:00:00,,,1
HIST25_265,337540,Factura,Casa Myers,Casa Myers,2025-01-23,186.84,0,186.84,Tarjeta,Gastos en General,Pendiente,,0,Pendiente,,2025-01-23T12:00:00,,,1
HIST25_266,38457,Factura,Refrigeración Lozano,Refrigeración Lozano,2025-01-23,259.84,0,259.84,Tarjeta,Gastos en General,Pendiente,,0,Pendiente,,2025-01-23T12:00:00,,,1
HIST25_267,t,Factura,Alsuper,Alsuper,2025-01-23,143.96,0,143.96,Tarjeta,Adquisición de mercancias,Pendiente,,0,Pendiente,,2025-01-23T12:00:00,,,1
HIST25_268,T,Factura,Alsuper,Alsuper,2025-01-23,33.8,0,33.8,Tarjeta,Gastos en General,Pendiente,,0,Pendiente,,2025-01-23T12:00:00,,,1
HIST25_269,T,Factura,City Club,City Club,2025-01-22,1243.0,0,1243.0,Tarjeta,Adquisición de mercancias,Pendiente,,0,Pendiente,,2025-01-22T12:00:00,,,1
HIST25_270,27369,Factura,SUKARNE,SUKARNE,2025-01-23,3239.0,0,3239.0,Tarjeta,Adquisición de mercancias,Pendiente,,0,Pendiente,,2025-01-23T12:00:00,,,1
HIST25_271,1717,Remisión,La Cosecha / Guadalupe Caro S. (14 días),La Cosecha / Guadalupe Caro S. (14 días),2025-01-23,1060.0,0,1060.0,Transferencia,Adquisición de mercancias,Pagado,2025-02-09,17,Pendiente,,2025-01-23T12:00:00,,,1
HIST25_272,210125,Factura,La Espiga Dorada  / JUAN MANUEL CASTRO (7 días),La Espiga Dorada  / JUAN MANUEL CASTRO (7 días),2025-01-21,1320.0,0,1320.0,Transferencia,Adquisición de mercancias,Pagado,2025-01-26,5,Pendiente,,2025-01-21T12:00:00,,,1
HIST25_273,262109,Factura,MEDFRUT (7 DÍAS),MEDFRUT (7 DÍAS),2025-01-23,646.0,0,646.0,Transferencia,Adquisición de mercancias,Pagado,2025-01-28,5,Pendiente,,2025-01-23T12:00:00,,,1
HIST25_274,699652,Factura,Casa Reza (7 días),Casa Reza (7 días),2025-01-23,3600.0,0,3600.0,Transferencia,Adquisición de mercancias,Pagado,2025-01-28,5,Pendiente,,2025-01-23T12:00:00,,,1
HIST25_275,#FACTURA,,NÓMINA,NÓMINA,2025-01-23,250.0,0,250.0,Cheque,Gastos en General,Pendiente,,0,Pendiente,,2025-01-23T12:00:00,,,1
HIST25_276,#FACTURA,Factura,Hidro Shop,Hidro Shop,2025-01-18,3400.0,0,3400.0,Tarjeta,Gastos en General,Pendiente,,0,Pendiente,,2025-01-18T12:00:00,,,1
HIST25_277,27395,Factura,SUKARNE,SUKARNE,2025-01-25,3712.1,0,3712.1,Tarjeta,Adquisición de mercancias,Pendiente,,0,Pendiente,,2025-01-25T12:00:00,,,1
HIST25_278,27394,Factura,SUKARNE,SUKARNE,2025-01-25,3735.6,0,3735.6,Tarjeta,Adquisición de mercancias,Pendiente,,0,Pendiente,,2025-01-25T12:00:00,,,1
HIST25_279,t,Factura,Alsuper,Alsuper,2025-01-25,306.5,0,306.5,Tarjeta,Adquisición de mercancias,Pendiente,,0,Pendiente,,2025-01-25T12:00:00,,,1
HIST25_280,80699,Factura,EQUIPOS Y SISTEMAS HIDRAULICOS,EQUIPOS Y SISTEMAS HIDRAULICOS,2025-01-25,667.81,0,667.81,Tarjeta,Gastos en General,Pendiente,,0,Pendiente,,2025-01-25T12:00:00,,,1
HIST25_281,27778,Factura,Colesa (7 días),Colesa (7 días),2025-01-25,1040.0,0,1040.0,Transferencia,Adquisición de mercancias,Pagado,2025-01-30,5,Pendiente,,2025-01-25T12:00:00,,,1
HIST25_282,t,Factura,Alsuper,Alsuper,2025-01-25,252.72,0,252.72,Tarjeta,Adquisición de mercancias,Pendiente,,0,Pendiente,,2025-01-25T12:00:00,,,1
HIST25_283,262279,Factura,MEDFRUT (7 DÍAS),MEDFRUT (7 DÍAS),2025-01-25,305.0,0,305.0,Transferencia,Adquisición de mercancias,Pagado,2025-01-30,5,Pendiente,,2025-01-25T12:00:00,,,1
HIST25_284,137189,Factura,Abarrotes Inst. (7 días),Abarrotes Inst. (7 días),2025-01-25,1763.89,0,1763.89,Transferencia,Adquisición de mercancias,Pagado,2025-01-30,5,Pendiente,,2025-01-25T12:00:00,,,1
HIST25_285,021162,Factura,INIX COMERCIAL (20 DÍAS),INIX COMERCIAL (20 DÍAS),2025-01-25,4830.58,0,4830.58,Transferencia,Gastos en General,Pagado,2025-02-14,20,Pendiente,,2025-01-25T12:00:00,,,1
HIST25_286,68936,Factura,DIPACSA (7 días),DIPACSA (7 días),2025-01-25,813.6,0,813.6,Transferencia,Adquisición de mercancias,Pagado,2025-01-30,5,Pendiente,,2025-01-25T12:00:00,,,1
HIST25_287,250125,Remisión,Salsa La Moncha / Janeth Gonzalez (14 días),Salsa La Moncha / Janeth Gonzalez (14 días),2025-01-25,509.0,0,509.0,Transferencia,Adquisición de mercancias,Pagado,2025-01-30,5,Pendiente,,2025-01-25T12:00:00,,,1
HIST25_288,0244,Remisión,NARANJA Y LIMÓN (7 DÍAS),NARANJA Y LIMÓN (7 DÍAS),2025-01-27,735.0,0,735.0,Transferencia,Adquisición de mercancias,Pagado,2025-02-01,5,Pendiente,,2025-01-27T12:00:00,,,1
HIST25_289,67357,Factura,PROMAR DEL NORTE (14 DÍAS),PROMAR DEL NORTE (14 DÍAS),2025-01-27,3654.7,0,3654.7,Transferencia,Adquisición de mercancias,Pagado,2025-02-10,14,Pendiente,,2025-01-27T12:00:00,,,1
HIST25_290,41025,Remisión,"AGYDSA ""Aceite"" (7 días)","AGYDSA ""Aceite"" (7 días)",2025-01-27,2100.0,0,2100.0,Transferencia,Adquisición de mercancias,Pagado,2025-02-01,5,Pendiente,,2025-01-27T12:00:00,,,1
HIST25_291,262364,Factura,MEDFRUT (7 DÍAS),MEDFRUT (7 DÍAS),2025-01-27,670.0,0,670.0,Transferencia,Adquisición de mercancias,Pagado,2025-02-01,5,Pendiente,,2025-01-27T12:00:00,,,1
HIST25_292,53854,Factura,EMPAQUES Y ENVASES/JOSE LUIS MORALES GARCIA (7 días),EMPAQUES Y ENVASES/JOSE LUIS MORALES GARCIA (7 días),2025-01-24,868.0,0,868.0,Transferencia,Gastos en General,Pagado,2025-01-29,5,Pendiente,,2025-01-24T12:00:00,,,1
HIST25_293,151867,Factura,Colesa (7 días),Colesa (7 días),2025-01-24,1084.45,0,1084.45,Transferencia,Adquisición de mercancias,Pagado,2025-01-29,5,Pendiente,,2025-01-24T12:00:00,,,1
HIST25_294,2478,Factura,Paser / Araceli V. Padilla (14 dias),Paser / Araceli V. Padilla (14 dias),2025-01-24,1655.0,0,1655.0,Transferencia,Adquisición de mercancias,Pagado,2025-02-07,14,Pendiente,,2025-01-24T12:00:00,,,1
HIST25_295,38535,Factura,Refrigeración Lozano,Refrigeración Lozano,2025-01-25,177.48,0,177.48,Tarjeta,Gastos en General,Pendiente,,0,Pendiente,,2025-01-25T12:00:00,,,1
HIST25_296,t,Factura,Alsuper,Alsuper,2025-01-24,1099.08,0,1099.08,Tarjeta,Adquisición de mercancias,Pendiente,,0,Pendiente,,2025-01-24T12:00:00,,,1
HIST25_297,T,Factura,Costco,Costco,2025-01-24,916.0,0,916.0,Tarjeta,Adquisición de mercancias,Pendiente,,0,Pendiente,,2025-01-24T12:00:00,,,1
HIST25_298,T,Factura,Sam's Club,Sam's Club,2025-01-24,538.2,0,538.2,Tarjeta,Adquisición de mercancias,Pendiente,,0,Pendiente,,2025-01-24T12:00:00,,,1
HIST25_299,T,Factura,WALMART,WALMART,2025-01-22,347.0,0,347.0,Tarjeta,Adquisición de mercancias,Pendiente,,0,Pendiente,,2025-01-22T12:00:00,,,1
HIST25_300,t,Factura,City Club,City Club,2025-01-24,640.0,0,640.0,Tarjeta,Adquisición de mercancias,Pendiente,,0,Pendiente,,2025-01-24T12:00:00,,,1
HIST25_301,T,Factura,Costco,Costco,2025-01-20,2499.0,0,2499.0,Tarjeta,Gastos en General,Pendiente,,0,Pendiente,,2025-01-20T12:00:00,,,1
HIST25_302,80588,Factura,EQUIPOS Y SISTEMAS HIDRAULICOS,EQUIPOS Y SISTEMAS HIDRAULICOS,2025-01-24,204.64,0,204.64,Tarjeta,Gastos en General,Pendiente,,0,Pendiente,,2025-01-24T12:00:00,,,1
HIST25_303,36857818,Factura,Bachoco,Bachoco,2025-01-24,11972.98,0,11972.98,Tarjeta,Adquisición de mercancias,Pendiente,,0,Pendiente,,2025-01-24T12:00:00,,,1
HIST25_304,T,Factura,Alsuper,Alsuper,2025-01-26,314.0,0,314.0,Tarjeta,Adquisición de mercancias,Pendiente,,0,Pendiente,,2025-01-26T12:00:00,,,1
HIST25_305,T,Factura,HOME DEPOT,HOME DEPOT,2025-01-26,552.72,0,552.72,Tarjeta,Gastos en General,Pendiente,,0,Pendiente,,2025-01-26T12:00:00,,,1
HIST25_306,289208,Factura,HOME DEPOT,HOME DEPOT,2025-01-26,110.4,0,110.4,Tarjeta,Gastos en General,Pendiente,,0,Pendiente,,2025-01-26T12:00:00,,,1
HIST25_307,T,Factura,Alsuper,Alsuper,2025-01-27,103.08,0,103.08,Tarjeta,Adquisición de mercancias,Pendiente,,0,Pendiente,,2025-01-27T12:00:00,,,1
HIST25_308,27410,Factura,SUKARNE,SUKARNE,2025-01-27,7047.7,0,7047.7,Tarjeta,Adquisición de mercancias,Pendiente,,0,Pendiente,,2025-01-27T12:00:00,,,1
HIST25_309,095696,Factura,AUTOZONE,AUTOZONE,2025-01-26,269.0,0,269.0,Tarjeta,Gastos en General,Pendiente,,0,Pendiente,,2025-01-26T12:00:00,,,1
HIST25_310,36876634,Factura,Bachoco,Bachoco,2025-01-27,18441.94,0,18441.94,Tarjeta,Adquisición de mercancias,Pendiente,,0,Pendiente,,2025-01-27T12:00:00,,,1
HIST25_311,T,Factura,Sam's Club,Sam's Club,2025-01-25,499.0,0,499.0,Tarjeta,Adquisición de mercancias,Pendiente,,0,Pendiente,,2025-01-25T12:00:00,,,1
HIST25_312,T,Factura,Sam's Club,Sam's Club,2025-01-25,205.0,0,205.0,Tarjeta,Gastos en General,Pendiente,,0,Pendiente,,2025-01-25T12:00:00,,,1
HIST25_313,T,Factura,Sam's Club,Sam's Club,2025-01-27,987.0,0,987.0,Tarjeta,Adquisición de mercancias,Pendiente,,0,Pendiente,,2025-01-27T12:00:00,,,1
HIST25_314,T,Factura,Sam's Club,Sam's Club,2025-01-26,1364.98,0,1364.98,Tarjeta,Adquisición de mercancias,Pendiente,,0,Pendiente,,2025-01-26T12:00:00,,,1
HIST25_315,T,Factura,Sam's Club,Sam's Club,2025-01-27,481.0,0,481.0,Tarjeta,Adquisición de mercancias,Pendiente,,0,Pendiente,,2025-01-27T12:00:00,,,1
HIST25_316,27422,Factura,SUKARNE,SUKARNE,2025-01-28,4567.0,0,4567.0,Tarjeta,Adquisición de mercancias,Pendiente,,0,Pendiente,,2025-01-28T12:00:00,,,1
HIST25_317,108188,Factura,Abarrotes Inst. (7 días),Abarrotes Inst. (7 días),2025-01-28,1113.06,0,1113.06,Transferencia,Adquisición de mercancias,Pagado,2025-02-02,5,Pendiente,,2025-01-28T12:00:00,,,1
HIST25_318,69018,Factura,DIPACSA (7 días),DIPACSA (7 días),2025-01-28,2350.2,0,2350.2,Transferencia,Adquisición de mercancias,Pagado,2025-02-02,5,Pendiente,,2025-01-28T12:00:00,,,1
HIST25_319,24,Factura,Carmen Ortega P. / Salsa Macha Pepis (14 días),Carmen Ortega P. / Salsa Macha Pepis (14 días),2025-01-27,1440.0,0,1440.0,Transferencia,Adquisición de mercancias,Pagado,2025-02-10,14,Pendiente,,2025-01-27T12:00:00,,,1
HIST25_320,4184,Factura,Ma Eugenia Payan / Tortillas (14 días),Ma Eugenia Payan / Tortillas (14 días),2025-01-27,3024.0,0,3024.0,Transferencia,Adquisición de mercancias,Pagado,2025-02-10,14,Pendiente,,2025-01-27T12:00:00,,,1
HIST25_321,4183,Factura,Ma Eugenia Payan / Tortillas (14 días),Ma Eugenia Payan / Tortillas (14 días),2025-01-23,3265.5,0,3265.5,Transferencia,Adquisición de mercancias,Pagado,2025-02-06,14,Pendiente,,2025-01-23T12:00:00,,,1
HIST25_322,1639,Factura,Frijol / Gozalo Gallegos /Empacadora Chih  (7 días),Frijol / Gozalo Gallegos /Empacadora Chih  (7 días),2025-01-27,1215.0,0,1215.0,Transferencia,Adquisición de mercancias,Pagado,2025-02-01,5,Pendiente,,2025-01-27T12:00:00,,,1
HIST25_323,#FACTURA,,SGMM,SGMM,2025-01-27,4763.0,0,4763.0,Transferencia,Gastos en General,Pagado,2025-01-27,0,Pendiente,,2025-01-27T12:00:00,,,1
HIST25_324,#FACTURA,,TARJETA CRÉDITO LEA,TARJETA CRÉDITO LEA,2025-01-27,27765.0,0,27765.0,Transferencia,Gastos en General,Pagado,2025-01-27,0,Pendiente,,2025-01-27T12:00:00,,,1
HIST25_325,#FACTURA,,HIPOTECA ADELA ALVIDREZ BARRON,HIPOTECA ADELA ALVIDREZ BARRON,2025-01-27,28300.0,0,28300.0,Transferencia,Gastos en General,Pagado,2025-01-27,0,No aplíca,,2025-01-27T12:00:00,,,1
HIST25_326,#FACTURA,,SKANDIA,SKANDIA,2025-01-27,2000.0,0,2000.0,Transferencia,Gastos en General,Pagado,2025-01-27,0,Pendiente,,2025-01-27T12:00:00,,,1
HIST25_327,06012025,Remisión,Salsa La Moncha / Janeth Gonzalez (14 días),Salsa La Moncha / Janeth Gonzalez (14 días),2025-01-06,160.0,0,160.0,Transferencia,Adquisición de mercancias,Pagado,2025-01-30,24,Pendiente,,2025-01-06T12:00:00,,,1
HIST25_328,262496,Factura,MEDFRUT (7 DÍAS),MEDFRUT (7 DÍAS),2025-01-28,577.0,0,577.0,Transferencia,Adquisición de mercancias,Pagado,2025-02-02,5,Pendiente,,2025-01-28T12:00:00,,,1
HIST25_329,71635,Factura,Colesa (7 días),Colesa (7 días),2025-01-28,738.6,0,738.6,Transferencia,Adquisición de mercancias,Pagado,2025-02-02,5,Pendiente,,2025-01-28T12:00:00,,,1
HIST25_330,14667,Factura,ERO Grande (20 días),ERO Grande (20 días),2025-01-28,1516.0,0,1516.0,Transferencia,Adquisición de mercancias,Pagado,2025-02-17,20,Pendiente,,2025-01-28T12:00:00,,,1
HIST25_331,33329,Factura,Papas Santa Fe / Procepap (7 dias),Papas Santa Fe / Procepap (7 dias),2025-01-28,691.2,0,691.2,Transferencia,Adquisición de mercancias,Pagado,2025-02-02,5,Pendiente,,2025-01-28T12:00:00,,,1
HIST25_332,27435,Factura,SUKARNE,SUKARNE,2025-01-29,3356.2,0,3356.2,Tarjeta,Adquisición de mercancias,Pagado,,0,No aplíca,,2025-01-29T12:00:00,,,1
HIST25_333,T,Factura,Alsuper,Alsuper,2025-01-29,280.2,0,280.2,Tarjeta,Adquisición de mercancias,Pagado,,0,No aplíca,,2025-01-29T12:00:00,,,1
HIST25_334,27434,Factura,SUKARNE,SUKARNE,2025-01-29,3847.4,0,3847.4,Tarjeta,Adquisición de mercancias,Pagado,,0,No aplíca,,2025-01-29T12:00:00,,,1
HIST25_335,27433,Factura,SUKARNE,SUKARNE,2025-01-29,4268.7,0,4268.7,Tarjeta,Adquisición de mercancias,Pagado,,0,No aplíca,,2025-01-29T12:00:00,,,1
HIST25_336,36893379,Factura,Bachoco,Bachoco,2025-01-29,9490.8,0,9490.8,Tarjeta,Adquisición de mercancias,Pagado,,0,No aplíca,,2025-01-29T12:00:00,,,1
HIST25_337,021198,Factura,INIX COMERCIAL (20 DÍAS),INIX COMERCIAL (20 DÍAS),2025-01-29,2090.99,0,2090.99,Transferencia,Gastos en General,Pagado,2025-02-18,20,Pendiente,,2025-01-29T12:00:00,,,1
HIST25_338,25133,Factura,MACOPISA  (Centro de servicios),MACOPISA  (Centro de servicios),2025-01-29,1783.17,0,1783.17,Tarjeta,Gastos en General,Pagado,,0,No aplíca,,2025-01-29T12:00:00,,,1
HIST25_339,17090,Factura,FERRECHISA,FERRECHISA,2025-01-29,430.55,0,430.55,Tarjeta,Gastos en General,Pagado,,0,No aplíca,,2025-01-29T12:00:00,,,1
HIST25_340,44409,Factura,Bodega Eléctrica,Bodega Eléctrica,2025-01-29,410.64,0,410.64,Tarjeta,Gastos en General,Pagado,,0,No aplíca,,2025-01-29T12:00:00,,,1
HIST25_341,1893,Factura,SURTIDORA BOTANAS (7 DÍAS),SURTIDORA BOTANAS (7 DÍAS),2025-01-29,1111.32,0,1111.32,Transferencia,Adquisición de mercancias,Pagado,2025-02-04,6,Pendiente,,2025-01-29T12:00:00,,,1
HIST25_342,262461,Factura,Colesa (7 días),Colesa (7 días),2025-01-29,641.2,0,641.2,Transferencia,Adquisición de mercancias,Pagado,2025-02-04,6,Pendiente,,2025-01-29T12:00:00,,,1
HIST25_343,2498,Factura,Paser / Araceli V. Padilla (14 dias),Paser / Araceli V. Padilla (14 dias),2025-01-29,827.5,0,827.5,Transferencia,Adquisición de mercancias,Pagado,2025-02-12,14,Pendiente,,2025-01-29T12:00:00,,,1
HIST25_344,15366,Factura,La Cosecha / Guadalupe Caro S. (14 días),La Cosecha / Guadalupe Caro S. (14 días),2025-01-30,1365.0,0,1365.0,Transferencia,Adquisición de mercancias,Pagado,2025-02-14,15,Pendiente,,2025-01-30T12:00:00,,,1
HIST25_345,262626,Factura,MEDFRUT (7 DÍAS),MEDFRUT (7 DÍAS),2025-01-30,1248.0,0,1248.0,Transferencia,Adquisición de mercancias,Pagado,2025-02-05,6,Pendiente,,2025-01-30T12:00:00,,,1
HIST25_346,53951,Factura,EMPAQUES Y ENVASES/JOSE LUIS MORALES GARCIA (7 días),EMPAQUES Y ENVASES/JOSE LUIS MORALES GARCIA (7 días),2025-01-29,1017.01,0,1017.01,Transferencia,Gastos en General,Pagado,2025-02-03,5,Pendiente,,2025-01-29T12:00:00,,,1
HIST25_347,0231337,Factura,AB Pollo,AB Pollo,2025-01-29,1078.8,0,1078.8,Tarjeta,Adquisición de mercancias,Pagado,,0,No aplíca,,2025-01-29T12:00:00,,,1
HIST25_348,99293,Factura,Diplas / Hector A Portillo (20 días),Diplas / Hector A Portillo (20 días),2025-01-28,936.42,0,936.42,Transferencia,Gastos en General,Pagado,2025-02-17,20,Pendiente,,2025-01-28T12:00:00,,,1
HIST25_349,t,Factura,Costco,Costco,2025-01-28,767.0,0,767.0,Tarjeta,Adquisición de mercancias,Pagado,,0,No aplíca,,2025-01-28T12:00:00,,,1
HIST25_350,t,Factura,City Club,City Club,2025-01-28,243.0,0,243.0,Tarjeta,Gastos en General,Pagado,,0,No aplíca,,2025-01-28T12:00:00,,,1
HIST25_351,T,Factura,SORIANA,SORIANA,2025-01-28,179.4,0,179.4,Tarjeta,Adquisición de mercancias,Pagado,,0,No aplíca,,2025-01-28T12:00:00,,,1
HIST25_352,T,Factura,Costco,Costco,2025-01-28,1199.5,0,1199.5,Tarjeta,Gastos en General,Pagado,,0,No aplíca,,2025-01-28T12:00:00,,,1
HIST25_353,T,Factura,Costco,Costco,2025-01-29,2499.0,0,2499.0,Tarjeta,Gastos en General,Pagado,,0,No aplíca,,2025-01-29T12:00:00,,,1
HIST25_354,T,Factura,AB Pollo,AB Pollo,2025-01-28,1040.47,0,1040.47,Tarjeta,Adquisición de mercancias,Pagado,,0,No aplíca,,2025-01-28T12:00:00,,,1
HIST25_355,T,Factura,Sam's Club,Sam's Club,2025-01-29,339.0,0,339.0,Tarjeta,Adquisición de mercancias,Pagado,,0,No aplíca,,2025-01-29T12:00:00,,,1
HIST25_356,T,Factura,City Club,City Club,2025-01-29,806.4,0,806.4,Tarjeta,Adquisición de mercancias,Pagado,,0,No aplíca,,2025-01-29T12:00:00,,,1
HIST25_357,Reposición,,Salvador Macías,Salvador Macías,2025-01-30,312.0,0,312.0,Transferencia,Gastos en General,Pagado,2025-01-31,1,No aplíca,,2025-01-30T12:00:00,,,1
HIST25_358,t,Factura,OXXO Gas,OXXO Gas,2025-01-25,600.0,0,600.0,Tarjeta,Gastos en General,Pagado,,0,No aplíca,,2025-01-25T12:00:00,,,1
HIST25_359,T,Factura,Costco,Costco,2025-01-24,699.0,0,699.0,Tarjeta,Adquisición de mercancias,Pagado,,0,No aplíca,,2025-01-24T12:00:00,,,1
HIST25_360,T,Factura,DIEZ DIEZ EXPRESS,DIEZ DIEZ EXPRESS,2025-01-28,1700.0,0,1700.0,Tarjeta,Gastos en General,Pagado,,0,No aplíca,,2025-01-28T12:00:00,,,1
HIST25_361,T,Factura,Costco,Costco,2025-01-30,454.45,0,454.45,Tarjeta,Adquisición de mercancias,Pagado,,0,No aplíca,,2025-01-30T12:00:00,,,1
HIST25_362,T,Factura,WALMART,WALMART,2025-01-30,445.36,0,445.36,Tarjeta,Adquisición de mercancias,Pagado,,0,Pendiente,,2025-01-30T12:00:00,,,1
HIST25_363,T,Factura,AB Pollo,AB Pollo,2025-01-30,729.74,0,729.74,Tarjeta,Adquisición de mercancias,Pagado,,0,No aplíca,,2025-01-30T12:00:00,,,1
HIST25_364,T,Factura,Sam's Club,Sam's Club,2025-01-28,1770.0,0,1770.0,Tarjeta,Adquisición de mercancias,Pagado,,0,No aplíca,,2025-01-28T12:00:00,,,1
HIST25_365,27448,Factura,SUKARNE,SUKARNE,2025-01-30,3559.1,0,3559.1,Tarjeta,Adquisición de mercancias,Pagado,,0,No aplíca,,2025-01-30T12:00:00,,,1
HIST25_366,T,Factura,Alsuper,Alsuper,2025-01-30,239.49,0,239.49,Tarjeta,Adquisición de mercancias,Pagado,,0,No aplíca,,2025-01-30T12:00:00,,,1
HIST25_367,27462,Factura,SUKARNE,SUKARNE,2025-01-31,4697.5,0,4697.5,Tarjeta,Adquisición de mercancias,Pagado,,0,No aplíca,,2025-01-31T12:00:00,,,1
HIST25_368,T,Factura,Alsuper,Alsuper,2025-01-31,96.0,0,96.0,Tarjeta,Adquisición de mercancias,Pagado,,0,No aplíca,,2025-01-31T12:00:00,,,1
HIST25_369,#FACTURA,,NÓMINA,NÓMINA,2025-01-31,2545.5,0,2545.5,Cheque,Gastos en General,Pagado,,0,No aplíca,,2025-01-31T12:00:00,,,1
HIST25_370,15428,Factura,Especias Naturales del Norte,Especias Naturales del Norte,2025-01-31,120.02,0,120.02,Tarjeta,Adquisición de mercancias,Pagado,,0,No aplíca,,2025-01-31T12:00:00,,,1
HIST25_371,36911861,Factura,Bachoco,Bachoco,2025-01-31,14977.91,0,14977.91,Tarjeta,Adquisición de mercancias,Pagado,,0,No aplíca,,2025-01-31T12:00:00,,,1
HIST25_372,67445,Factura,PROMAR DEL NORTE (14 DÍAS),PROMAR DEL NORTE (14 DÍAS),2025-01-31,3654.7,0,3654.7,Transferencia,Adquisición de mercancias,Pagado,2025-02-14,14,Pendiente,,2025-01-31T12:00:00,,,1
HIST25_373,27821,Factura,Colesa (7 días),Colesa (7 días),2025-01-31,1433.5,0,1433.5,Transferencia,Adquisición de mercancias,Pagado,2025-02-05,5,Pendiente,,2025-01-31T12:00:00,,,1
HIST25_374,1916,Factura,SURTIDORA BOTANAS (7 DÍAS),SURTIDORA BOTANAS (7 DÍAS),2025-01-31,806.54,0,806.54,Transferencia,Adquisición de mercancias,Pagado,2025-02-05,5,Pendiente,,2025-01-31T12:00:00,,,1
HIST25_375,582940,Remisión,Productos Lácteos Los Pinos (7 DÍAS),Productos Lácteos Los Pinos (7 DÍAS),2025-01-30,1110.0,0,1110.0,Transferencia,Adquisición de mercancias,Pagado,2025-02-05,6,Pendiente,,2025-01-30T12:00:00,,,1
HIST25_376,700,Factura,Dumbo / Diana Silva Ponce (12 días),Dumbo / Diana Silva Ponce (12 días),2025-01-30,641.0,0,641.0,Transferencia,Adquisición de mercancias,Pagado,2025-02-05,6,Pendiente,,2025-01-30T12:00:00,,,1
HIST25_377,108274,Factura,Abarrotes Inst. (7 días),Abarrotes Inst. (7 días),2025-01-30,282.12,0,282.12,Transferencia,Adquisición de mercancias,Pagado,2025-02-04,5,Pendiente,,2025-01-30T12:00:00,,,1
HIST25_378,108272,Factura,Abarrotes Inst. (7 días),Abarrotes Inst. (7 días),2025-01-30,1764.8,0,1764.8,Transferencia,Adquisición de mercancias,Pagado,2025-02-04,5,Pendiente,,2025-01-30T12:00:00,,,1
HIST25_379,30012025,Factura,La Espiga Dorada  / JUAN MANUEL CASTRO (7 días),La Espiga Dorada  / JUAN MANUEL CASTRO (7 días),2025-01-30,660.0,0,660.0,Transferencia,Adquisición de mercancias,Pagado,2025-02-04,5,Pendiente,,2025-01-30T12:00:00,,,1
HIST25_380,69063,Factura,DIPACSA (7 días),DIPACSA (7 días),2025-01-30,1648.6,0,1648.6,Transferencia,Adquisición de mercancias,Pagado,2025-02-04,5,Pendiente,,2025-01-30T12:00:00,,,1
HIST25_381,19874,Factura,Quesos y + Quesos / Armando Villanueva (7 días),Quesos y + Quesos / Armando Villanueva (7 días),2025-01-30,2879.5,0,2879.5,Transferencia,Adquisición de mercancias,Pagado,2025-02-04,5,Pendiente,,2025-01-30T12:00:00,,,1
HIST25_382,T,Factura,Costco,Costco,2025-01-31,239.0,0,239.0,Tarjeta,Adquisición de mercancias,Pagado,,0,No aplíca,,2025-01-31T12:00:00,,,1
HIST25_383,T,Factura,City Club,City Club,2025-01-31,618.92,0,618.92,Tarjeta,Adquisición de mercancias,Pagado,,0,No aplíca,,2025-01-31T12:00:00,,,1
HIST25_384,T,Factura,Sam's Club,Sam's Club,2025-01-31,225.0,0,225.0,Tarjeta,Adquisición de mercancias,Pagado,,0,No aplíca,,2025-01-31T12:00:00,,,1
HIST25_385,27477,Factura,SUKARNE,SUKARNE,2025-02-01,3604.4,0,3604.4,Tarjeta,Adquisición de mercancias,Pagado,,0,No aplíca,,2025-02-01T12:00:00,,,1
HIST25_386,01022025,Factura,Salsa La Moncha / Janeth Gonzalez (14 días),Salsa La Moncha / Janeth Gonzalez (14 días),2025-02-01,647.0,0,647.0,Transferencia,Adquisición de mercancias,Pagado,2025-02-06,5,Pendiente,,2025-02-01T12:00:00,,,1
HIST25_387,#FACTURA,Factura,MERCADOLIBRE.COM,MERCADOLIBRE.COM,2025-01-03,2187.0,0,2187.0,Tarjeta,Gastos en General,Pagado,,0,No aplíca,,2025-01-03T12:00:00,,,1
HIST25_388,#FACTURA,Remisión,MERCADOLIBRE.COM,MERCADOLIBRE.COM,2025-01-08,640.0,0,640.0,Tarjeta,Gastos en General,Pagado,,0,No aplíca,,2025-01-08T12:00:00,,,1
HIST25_389,#FACTURA,Factura,MERCADOLIBRE.COM,MERCADOLIBRE.COM,2025-01-11,798.0,0,798.0,Tarjeta,Gastos en General,Pagado,,0,No aplíca,,2025-01-11T12:00:00,,,1
HIST25_390,#FACTURA,Factura,MERCADOLIBRE.COM,MERCADOLIBRE.COM,2025-01-14,521.82,0,521.82,Tarjeta,Gastos en General,Pagado,,0,No aplíca,,2025-01-14T12:00:00,,,1
HIST25_391,#FACTURA,Factura,MERCADOLIBRE.COM,MERCADOLIBRE.COM,2025-01-22,1486.8,0,1486.8,Tarjeta,Gastos en General,Pagado,,0,No aplíca,,2025-01-22T12:00:00,,,1
HIST25_392,#FACTURA,Factura,MERCADOLIBRE.COM,MERCADOLIBRE.COM,2025-01-22,453.15,0,453.15,Tarjeta,Gastos en General,Pagado,,0,No aplíca,,2025-01-22T12:00:00,,,1
HIST25_393,#FACTURA,Factura,MERCADOLIBRE.COM,MERCADOLIBRE.COM,2025-01-31,521.82,0,521.82,Tarjeta,Gastos en General,Pagado,,0,No aplíca,,2025-01-31T12:00:00,,,1
HIST25_394,110236,Factura,Colesa (7 días),Colesa (7 días),2025-02-04,857.65,0,857.65,Transferencia,Adquisición de mercancias,Pagado,2025-02-09,5,Pendiente,,2025-02-04T12:00:00,,,1
HIST25_395,69177,Factura,DIPACSA (7 días),DIPACSA (7 días),2025-02-04,890.0,0,890.0,Transferencia,Adquisición de mercancias,Pagado,2025-02-09,5,Pendiente,,2025-02-04T12:00:00,,,1
HIST25_396,33633,Factura,Papas Santa Fe / Procepap (7 dias),Papas Santa Fe / Procepap (7 dias),2025-02-04,644.4,0,644.4,Transferencia,Adquisición de mercancias,Pagado,2025-02-09,5,Pendiente,,2025-02-04T12:00:00,,,1
HIST25_397,123825,Factura,EMPAQUES Y ENVASES/JOSE LUIS MORALES GARCIA (7 días),EMPAQUES Y ENVASES/JOSE LUIS MORALES GARCIA (7 días),2025-02-01,272.4,0,272.4,Tarjeta,Gastos en General,Pagado,,0,No aplíca,,2025-02-01T12:00:00,,,1
HIST25_398,27502,Factura,SUKARNE,SUKARNE,2025-02-04,3423.0,0,3423.0,Tarjeta,Adquisición de mercancias,Pagado,,0,No aplíca,,2025-02-04T12:00:00,,,1
HIST25_399,#FACTURA,,JUNTA MUNICIPAL DE AGUA (JMAS),JUNTA MUNICIPAL DE AGUA (JMAS),2025-02-04,2814.0,0,2814.0,Transferencia,Gastos en General,Pagado,2025-02-07,3,Pendiente,,2025-02-04T12:00:00,,,1
HIST25_400,T,Factura,Alsuper,Alsuper,2025-02-04,67.52,0,67.52,Tarjeta,Adquisición de mercancias,Pagado,,0,No aplíca,,2025-02-04T12:00:00,,,1
HIST25_401,#FACTURA18715,Factura,Aseo y Recolección Estrada (14 días),Aseo y Recolección Estrada (14 días),2025-02-05,1901.56,0,1901.56,Transferencia,Gastos en General,Pagado,2025-02-19,14,Pendiente,,2025-02-05T12:00:00,,,1
HIST25_402,19948,Factura,Quesos y + Quesos / Armando Villanueva (7 días),Quesos y + Quesos / Armando Villanueva (7 días),2025-02-05,2604.4,0,2604.4,Transferencia,Adquisición de mercancias,Pagado,2025-02-10,5,Pendiente,,2025-02-05T12:00:00,,,1
HIST25_403,69227,Factura,DIPACSA (7 días),DIPACSA (7 días),2025-02-05,890.0,0,890.0,Transferencia,Adquisición de mercancias,Pagado,2025-02-10,5,Pendiente,,2025-02-05T12:00:00,,,1
HIST25_404,67524,Factura,PROMAR DEL NORTE (14 DÍAS),PROMAR DEL NORTE (14 DÍAS),2025-02-05,3654.7,0,3654.7,Transferencia,Adquisición de mercancias,Pagado,2025-02-19,14,Pendiente,,2025-02-05T12:00:00,,,1
HIST25_405,41120,Remisión,"AGYDSA ""Aceite"" (7 días)","AGYDSA ""Aceite"" (7 días)",2025-02-05,2100.0,0,2100.0,Transferencia,Adquisición de mercancias,Pagado,2025-02-10,5,Pendiente,,2025-02-05T12:00:00,,,1
HIST25_406,110253,Factura,Colesa (7 días),Colesa (7 días),2025-02-05,316.5,0,316.5,Transferencia,Adquisición de mercancias,Pagado,2025-02-10,5,Pendiente,,2025-02-05T12:00:00,,,1
HIST25_407,99540,Factura,Diplas / Hector A Portillo (20 días),Diplas / Hector A Portillo (20 días),2025-02-05,4004.09,0,4004.09,Transferencia,Gastos en General,Pagado,2025-02-25,20,Pendiente,,2025-02-05T12:00:00,,,1
HIST25_408,36947775,Factura,Bachoco,Bachoco,2025-02-05,20610.76,0,20610.76,Tarjeta,Adquisición de mercancias,Pagado,,0,No aplíca,,2025-02-05T12:00:00,,,1
HIST25_409,t,Factura,Alsuper,Alsuper,2025-02-05,343.76,0,343.76,Tarjeta,Adquisición de mercancias,Pagado,,0,No aplíca,,2025-02-05T12:00:00,,,1
HIST25_410,3190.9,Factura,SUKARNE,SUKARNE,2025-02-05,3190.9,0,3190.9,Tarjeta,Adquisición de mercancias,Pagado,,0,No aplíca,,2025-02-05T12:00:00,,,1
HIST25_411,1868,Remisión,NARANJA Y LIMÓN (7 DÍAS),NARANJA Y LIMÓN (7 DÍAS),2025-02-06,850.0,0,850.0,Transferencia,Adquisición de mercancias,Pagado,2025-02-11,5,Pendiente,,2025-02-06T12:00:00,,,1
HIST25_412,06022025,Remisión,Salsa La Moncha / Janeth Gonzalez (14 días),Salsa La Moncha / Janeth Gonzalez (14 días),2025-02-06,448.0,0,448.0,Transferencia,Adquisición de mercancias,Pagado,2025-02-11,5,Pendiente,,2025-02-06T12:00:00,,,1
HIST25_413,27545,Factura,SUKARNE,SUKARNE,2025-02-07,6906.9,0,6906.9,Tarjeta,Adquisición de mercancias,Pagado,,0,No aplíca,,2025-02-07T12:00:00,,,1
HIST25_414,T,Factura,Alsuper,Alsuper,2025-02-06,311.5,0,311.5,Tarjeta,Adquisición de mercancias,Pagado,,0,No aplíca,,2025-02-06T12:00:00,,,1
HIST25_415,27529,Factura,SUKARNE,SUKARNE,2025-02-06,3498.4,0,3498.4,Tarjeta,Adquisición de mercancias,Pagado,,0,No aplíca,,2025-02-06T12:00:00,,,1
HIST25_416,27530,Factura,SUKARNE,SUKARNE,2025-02-06,3878.4,0,3878.4,Tarjeta,Adquisición de mercancias,Pagado,,0,No aplíca,,2025-02-06T12:00:00,,,1
HIST25_417,T,Factura,Sam's Club,Sam's Club,2025-02-01,209.0,0,209.0,Tarjeta,Gastos en General,Pagado,,0,No aplíca,,2025-02-01T12:00:00,,,1
HIST25_418,T,Factura,Sam's Club,Sam's Club,2025-02-01,500.4,0,500.4,Tarjeta,Adquisición de mercancias,Pagado,,0,No aplíca,,2025-02-01T12:00:00,,,1
HIST25_419,1822,Remisión,La Cosecha / Guadalupe Caro S. (14 días),La Cosecha / Guadalupe Caro S. (14 días),2025-02-06,1200.0,0,1200.0,Transferencia,Adquisición de mercancias,Pagado,2025-02-20,14,Pendiente,,2025-02-06T12:00:00,,,1
HIST25_420,588617,Remisión,Productos Lácteos Los Pinos (7 DÍAS),Productos Lácteos Los Pinos (7 DÍAS),2025-02-06,518.0,0,518.0,Transferencia,Adquisición de mercancias,Pagado,2025-02-11,5,Pendiente,,2025-02-06T12:00:00,,,1
HIST25_421,263198,Factura,MEDFRUT (7 DÍAS),MEDFRUT (7 DÍAS),2025-02-06,1308.0,0,1308.0,Transferencia,Adquisición de mercancias,Pagado,2025-02-11,5,Pendiente,,2025-02-06T12:00:00,,,1
HIST25_422,263037,Factura,MEDFRUT (7 DÍAS),MEDFRUT (7 DÍAS),2025-02-04,519.2,0,519.2,Transferencia,Adquisición de mercancias,Pagado,2025-02-09,5,Pendiente,,2025-02-04T12:00:00,,,1
HIST25_423,69250,Factura,DIPACSA (7 días),DIPACSA (7 días),2025-02-06,1660.0,0,1660.0,Transferencia,Adquisición de mercancias,Pagado,2025-02-11,5,Pendiente,,2025-02-06T12:00:00,,,1
HIST25_424,33739,Factura,Papas Santa Fe / Procepap (7 dias),Papas Santa Fe / Procepap (7 dias),2025-02-06,596.0,0,596.0,Transferencia,Adquisición de mercancias,Pagado,2025-02-11,5,Pendiente,,2025-02-06T12:00:00,,,1
HIST25_425,110268,Factura,Colesa (7 días),Colesa (7 días),2025-02-06,406.6,0,406.6,Transferencia,Adquisición de mercancias,Pagado,2025-02-11,5,Pendiente,,2025-02-06T12:00:00,,,1
HIST25_426,2520,Factura,Paser / Araceli V. Padilla (14 dias),Paser / Araceli V. Padilla (14 dias),2025-02-05,827.5,0,827.5,Transferencia,Adquisición de mercancias,Pagado,2025-02-21,16,Pendiente,,2025-02-05T12:00:00,,,1
HIST25_427,#FACTURA,,NÓMINA,NÓMINA,2025-02-06,2368.8,0,2368.8,Cheque,Gastos en General,Pagado,,0,No aplíca,,2025-02-06T12:00:00,,,1
HIST25_428,4185,Factura,Ma Eugenia Payan / Tortillas (14 días),Ma Eugenia Payan / Tortillas (14 días),2025-02-06,2362.5,0,2362.5,Transferencia,Adquisición de mercancias,Pagado,2025-02-20,14,Pendiente,,2025-02-06T12:00:00,,,1
HIST25_429,2527,Factura,Paser / Araceli V. Padilla (14 dias),Paser / Araceli V. Padilla (14 dias),2025-02-07,827.5,0,827.5,Transferencia,Adquisición de mercancias,Pagado,2025-02-21,14,Pendiente,,2025-02-07T12:00:00,,,1
HIST25_430,108541,Factura,Abarrotes Inst. (7 días),Abarrotes Inst. (7 días),2025-02-07,2190.64,0,2190.64,Transferencia,Adquisición de mercancias,Pagado,2025-02-13,6,Pendiente,,2025-02-07T12:00:00,,,1
HIST25_431,t,Factura,Alsuper,Alsuper,2025-02-07,290.37,0,290.37,Tarjeta,Adquisición de mercancias,Pagado,,0,No aplíca,,2025-02-07T12:00:00,,,1
HIST25_432,36964781,Factura,Bachoco,Bachoco,2025-02-07,15937.53,0,15937.53,Tarjeta,Adquisición de mercancias,Pendiente,,0,Pendiente,,2025-02-07T12:00:00,,,1
HIST25_433,294193,Factura,HOME DEPOT,HOME DEPOT,2025-02-09,489.0,0,489.0,Tarjeta,Gastos en General,Pagado,,0,No aplíca,,2025-02-09T12:00:00,,,1
HIST25_434,T,Factura,FERRECHISA,FERRECHISA,2025-02-08,66.96,0,66.96,Tarjeta,Gastos en General,Pagado,,0,No aplíca,,2025-02-08T12:00:00,,,1
HIST25_435,27557,Factura,SUKARNE,SUKARNE,2025-02-08,4313.6,0,4313.6,Tarjeta,Adquisición de mercancias,Pagado,,0,No aplíca,,2025-02-08T12:00:00,,,1
HIST25_436,T,Factura,Costco,Costco,2025-02-07,517.0,0,517.0,Tarjeta,Adquisición de mercancias,Pagado,,0,No aplíca,,2025-02-07T12:00:00,,,1
HIST25_437,t,Factura,City Club,City Club,2025-02-07,129.0,0,129.0,Tarjeta,Adquisición de mercancias,Pagado,,0,No aplíca,,2025-02-07T12:00:00,,,1
HIST25_438,t,Factura,Sam's Club,Sam's Club,2025-02-07,1350.69,0,1350.69,Tarjeta,Adquisición de mercancias,Pagado,,0,No aplíca,,2025-02-07T12:00:00,,,1
HIST25_439,263395,Factura,MEDFRUT (7 DÍAS),MEDFRUT (7 DÍAS),2025-02-08,436.8,0,436.8,Transferencia,Adquisición de mercancias,Pagado,2025-02-13,5,Pendiente,,2025-02-08T12:00:00,,,1
HIST25_440,27556,Factura,SUKARNE,SUKARNE,2025-02-08,3684.1,0,3684.1,Tarjeta,Adquisición de mercancias,Pagado,,0,No aplíca,,2025-02-08T12:00:00,,,1
HIST25_441,t,Factura,Alsuper,Alsuper,2025-02-08,92.6,0,92.6,Tarjeta,Adquisición de mercancias,Pendiente,,0,Pendiente,,2025-02-08T12:00:00,,,1
HIST25_442,16744,Factura,ADOSA,ADOSA,2025-02-08,184.6,0,184.6,Tarjeta,Gastos en General,Pagado,,0,No aplíca,,2025-02-08T12:00:00,,,1
HIST25_443,124127,Factura,EMPAQUES Y ENVASES/JOSE LUIS MORALES GARCIA (7 días),EMPAQUES Y ENVASES/JOSE LUIS MORALES GARCIA (7 días),2025-02-08,111.0,0,111.0,Tarjeta,Gastos en General,Pagado,,0,No aplíca,,2025-02-08T12:00:00,,,1
HIST25_444,28040,Factura,Colesa (7 días),Colesa (7 días),2025-02-08,1103.1,0,1103.1,Transferencia,Adquisición de mercancias,Pagado,2025-02-13,5,Pendiente,,2025-02-08T12:00:00,,,1
HIST25_445,69329,Factura,DIPACSA (7 días),DIPACSA (7 días),2025-02-08,904.0,0,904.0,Transferencia,Adquisición de mercancias,Pagado,2025-02-13,5,Pendiente,,2025-02-08T12:00:00,,,1
HIST25_446,700365,Factura,Casa Reza (7 días),Casa Reza (7 días),2025-02-08,3600.0,0,3600.0,Transferencia,Adquisición de mercancias,Pagado,2025-02-13,5,Pendiente,,2025-02-08T12:00:00,,,1
HIST25_447,14746,Factura,ERO Grande (20 días),ERO Grande (20 días),2025-02-08,700.0,0,700.0,Transferencia,Adquisición de mercancias,Pagado,2025-02-18,10,Pendiente,,2025-02-08T12:00:00,,,1
HIST25_448,t,Factura,HOME DEPOT,HOME DEPOT,2025-02-07,454.39,0,454.39,Tarjeta,Gastos en General,Pagado,,0,No aplíca,,2025-02-07T12:00:00,,,1
HIST25_449,25221,Factura,MACOPISA  (Centro de servicios),MACOPISA  (Centro de servicios),2025-02-08,97.39,0,97.39,Tarjeta,Gastos en General,Pagado,,0,No aplíca,,2025-02-08T12:00:00,,,1
HIST25_450,t,Factura,STEREN,STEREN,2025-02-06,48.0,0,48.0,Tarjeta,Gastos en General,Pagado,,0,No aplíca,,2025-02-06T12:00:00,,,1
HIST25_451,t,Factura,Gelos Market,Gelos Market,2025-02-06,58.0,0,58.0,Tarjeta,Adquisición de mercancias,Pagado,,0,No aplíca,,2025-02-06T12:00:00,,,1
HIST25_452,54158,Factura,EMPAQUES Y ENVASES/JOSE LUIS MORALES GARCIA (7 días),EMPAQUES Y ENVASES/JOSE LUIS MORALES GARCIA (7 días),2025-02-07,680.0,0,680.0,Transferencia,Gastos en General,Pagado,2025-02-12,5,Pendiente,,2025-02-07T12:00:00,,,1
HIST25_453,263570,Factura,MEDFRUT (7 DÍAS),MEDFRUT (7 DÍAS),2025-02-10,559.0,0,559.0,Transferencia,Adquisición de mercancias,Pagado,2025-02-15,5,Pendiente,,2025-02-10T12:00:00,,,1
HIST25_454,114133,Factura,Colesa (7 días),Colesa (7 días),2025-02-10,300.0,0,300.0,Transferencia,Adquisición de mercancias,Pagado,2025-02-20,10,Pendiente,,2025-02-10T12:00:00,,,1
HIST25_455,14756,Factura,ERO Grande (20 días),ERO Grande (20 días),2025-02-10,1019.0,0,1019.0,Transferencia,Adquisición de mercancias,Pagado,2025-02-20,10,Pendiente,,2025-02-10T12:00:00,,,1
HIST25_456,27574,Factura,SUKARNE,SUKARNE,2025-02-10,2510.9,0,2510.9,Tarjeta,Adquisición de mercancias,Pagado,,0,No aplíca,,2025-02-10T12:00:00,,,1
HIST25_457,t,Factura,Alsuper,Alsuper,2025-02-10,211.5,0,211.5,Tarjeta,Adquisición de mercancias,Pagado,,0,No aplíca,,2025-02-10T12:00:00,,,1
HIST25_458,27573,Factura,SUKARNE,SUKARNE,2025-02-10,6733.3,0,6733.3,Tarjeta,Adquisición de mercancias,Pagado,,0,No aplíca,,2025-02-10T12:00:00,,,1
HIST25_459,110304,Factura,Colesa (7 días),Colesa (7 días),2025-02-10,1434.52,0,1434.52,Transferencia,Adquisición de mercancias,Pagado,2025-02-15,5,Pendiente,,2025-02-10T12:00:00,,,1
HIST25_460,67606,Factura,PROMAR DEL NORTE (14 DÍAS),PROMAR DEL NORTE (14 DÍAS),2025-02-10,3654.7,0,3654.7,Transferencia,Adquisición de mercancias,Pagado,2025-02-24,14,Pendiente,,2025-02-10T12:00:00,,,1
HIST25_461,49,Factura,SURTIDORA BOTANAS (7 DÍAS),SURTIDORA BOTANAS (7 DÍAS),2025-02-10,1498.42,0,1498.42,Transferencia,Adquisición de mercancias,Pagado,2025-02-15,5,Pendiente,,2025-02-10T12:00:00,,,1
HIST25_462,137510,Factura,Abarrotes Inst. (7 días),Abarrotes Inst. (7 días),2025-02-10,745.2,0,745.2,Transferencia,Adquisición de mercancias,Pagado,2025-02-15,5,Pendiente,,2025-02-10T12:00:00,,,1
HIST25_463,021333,Factura,INIX COMERCIAL (20 DÍAS),INIX COMERCIAL (20 DÍAS),2025-02-10,3012.65,0,3012.65,Transferencia,Gastos en General,Pagado,2025-02-28,18,Pendiente,,2025-02-10T12:00:00,,,1
HIST25_464,69353,Factura,DIPACSA (7 días),DIPACSA (7 días),2025-02-10,1739.0,0,1739.0,Transferencia,Adquisición de mercancias,Pagado,2025-02-15,5,Pendiente,,2025-02-10T12:00:00,,,1
HIST25_465,36983292,Factura,Bachoco,Bachoco,2025-02-10,18099.7,0,18099.7,Tarjeta,Adquisición de mercancias,Pagado,,0,No aplíca,,2025-02-10T12:00:00,,,1
HIST25_466,2539,Factura,Paser / Araceli V. Padilla (14 dias),Paser / Araceli V. Padilla (14 dias),2025-02-11,827.5,0,827.5,Transferencia,Adquisición de mercancias,Pagado,2025-02-25,14,Pendiente,,2025-02-11T12:00:00,,,1
HIST25_467,147997,Factura,Abarrotes Inst. (7 días),Abarrotes Inst. (7 días),2025-02-11,2877.86,0,2877.86,Transferencia,Adquisición de mercancias,Pagado,2025-02-16,5,Pendiente,,2025-02-11T12:00:00,,,1
HIST25_468,263613,Factura,MEDFRUT (7 DÍAS),MEDFRUT (7 DÍAS),2025-02-11,150.0,0,150.0,Transferencia,Adquisición de mercancias,Pagado,2025-02-16,5,Pendiente,,2025-02-11T12:00:00,,,1
HIST25_469,69385,Factura,DIPACSA (7 días),DIPACSA (7 días),2025-02-11,904.0,0,904.0,Transferencia,Adquisición de mercancias,Pagado,2025-02-16,5,Pendiente,,2025-02-11T12:00:00,,,1
HIST25_470,021346,Factura,INIX COMERCIAL (20 DÍAS),INIX COMERCIAL (20 DÍAS),2025-02-11,6836.84,0,6836.84,Transferencia,Gastos en General,Pagado,2025-03-03,20,Pendiente,,2025-02-11T12:00:00,,,1
HIST25_471,8235,Factura,Bodega Eléctrica,Bodega Eléctrica,2025-02-11,224.34,0,224.34,Tarjeta,Gastos en General,Pagado,,0,No aplíca,,2025-02-11T12:00:00,,,1
HIST25_472,44651,Factura,Bodega Eléctrica,Bodega Eléctrica,2025-02-07,186.53,0,186.53,Tarjeta,Gastos en General,Pagado,,0,No aplíca,,2025-02-07T12:00:00,,,1
HIST25_473,T,Factura,Sam's Club,Sam's Club,2025-02-08,230.0,0,230.0,Tarjeta,Gastos en General,Pagado,,0,No aplíca,,2025-02-08T12:00:00,,,1
HIST25_474,#FACTURAT,Factura,City Club,City Club,2025-02-08,483.65,0,483.65,Tarjeta,Adquisición de mercancias,Pagado,,0,No aplíca,,2025-02-08T12:00:00,,,1
HIST25_475,T,Factura,SORIANA,SORIANA,2025-02-08,11.78,0,11.78,Tarjeta,Adquisición de mercancias,Pagado,,0,No aplíca,,2025-02-08T12:00:00,,,1
HIST25_476,T,Factura,Sam's Club,Sam's Club,2025-02-08,264.0,0,264.0,Tarjeta,Adquisición de mercancias,Pagado,,0,No aplíca,,2025-02-08T12:00:00,,,1
HIST25_477,T,Factura,Sam's Club,Sam's Club,2025-02-10,1227.5,0,1227.5,Tarjeta,Gastos en General,Pagado,,0,No aplíca,,2025-02-10T12:00:00,,,1
HIST25_478,T,Factura,Sam's Club,Sam's Club,2025-02-10,1219.0,0,1219.0,Tarjeta,Adquisición de mercancias,Pagado,,0,No aplíca,,2025-02-10T12:00:00,,,1
HIST25_479,27587,Factura,SUKARNE,SUKARNE,2025-02-11,4644.6,0,4644.6,Tarjeta,Adquisición de mercancias,Pagado,,0,No aplíca,,2025-02-11T12:00:00,,,1
HIST25_480,27586,Factura,SUKARNE,SUKARNE,2025-02-11,4491.3,0,4491.3,Tarjeta,Adquisición de mercancias,Pagado,,0,No aplíca,,2025-02-11T12:00:00,,,1
HIST25_481,#FACTURA,Factura,Materiales Américas,Materiales Américas,2025-02-11,537.82,0,537.82,Tarjeta,Gastos en General,Pagado,,0,No aplíca,,2025-02-11T12:00:00,,,1
HIST25_482,#FACTURA,Factura,Web2Native,Web2Native,2025-02-08,3050.0,0,3050.0,Tarjeta,Gastos en General,Pagado,,0,No aplíca,,2025-02-08T12:00:00,,,1
HIST25_483,#FACTURA,Factura,Apple,Apple,2025-02-08,1749.0,0,1749.0,Tarjeta,Gastos en General,Pagado,,0,No aplíca,,2025-02-08T12:00:00,,,1
HIST25_484,#FACTURA,Factura,Google Play,Google Play,2025-02-08,500.0,0,500.0,Tarjeta,Gastos en General,Pagado,,0,No aplíca,,2025-02-08T12:00:00,,,1
HIST25_485,#FACTURA,,IMPUESTO SOBRE NÓMINA,IMPUESTO SOBRE NÓMINA,2025-02-12,5188.0,0,5188.0,Transferencia,Gastos en General,Pagado,,0,No aplíca,,2025-02-12T12:00:00,,,1
HIST25_486,#FACTURA,,IMSS,IMSS,2025-02-12,17283.99,0,17283.99,Transferencia,Gastos en General,Pagado,,0,No aplíca,,2025-02-12T12:00:00,,,1
HIST25_487,#FACTURA,,NOMINA,NOMINA,2025-01-31,27039.2,0,27039.2,Transferencia,Gastos en General,Pagado,,0,No aplíca,,2025-01-31T12:00:00,,,1
HIST25_488,#FACTURA,,SODEXO,SODEXO,2025-01-31,2845.7,0,2845.7,Transferencia,Gastos en General,Pagado,,0,No aplíca,,2025-01-31T12:00:00,,,1
HIST25_489,#FACTURA,,PENSIÓN ALIMENTICIA,PENSIÓN ALIMENTICIA,2025-01-31,866.12,0,866.12,Transferencia,Gastos en General,Pagado,,0,No aplíca,,2025-01-31T12:00:00,,,1
HIST25_490,#FACTURA,,NOMINA,NOMINA,2025-02-06,20569.8,0,20569.8,Transferencia,Gastos en General,Pagado,,0,No aplíca,,2025-02-06T12:00:00,,,1
HIST25_491,#FACTURA,,SODEXO,SODEXO,2025-02-06,2716.9,0,2716.9,Transferencia,Gastos en General,Pagado,,0,No aplíca,,2025-02-06T12:00:00,,,1
HIST25_492,#FACTURA,,PENSIÓN ALIMENTICIA,PENSIÓN ALIMENTICIA,2025-02-06,866.12,0,866.12,Transferencia,Gastos en General,Pagado,,0,No aplíca,,2025-02-06T12:00:00,,,1
HIST25_493,#FACTURA,,TARJETA CREDITO NEGOCIO,TARJETA CREDITO NEGOCIO,2025-02-07,15146.53,0,15146.53,Transferencia,Gastos en General,Pagado,,0,Pendiente,,2025-02-07T12:00:00,,,1
HIST25_494,#FACTURA,,RODOLFO LECHUGA RAMIREZ,RODOLFO LECHUGA RAMIREZ,2025-02-07,25000.0,0,25000.0,Transferencia,Prestamos / Créditos,Pagado,,0,Pendiente,,2025-02-07T12:00:00,,,1
HIST25_495,845,Factura,NANCY J MATA ARMENDARIZ,NANCY J MATA ARMENDARIZ,2025-02-12,3295.0,0,3295.0,Transferencia,Adquisición de mercancias,Pagado,2025-02-13,1,Pendiente,,2025-02-12T12:00:00,,,1
HIST25_496,FACTURA 13-02-25,Factura,ANDRES EDUARDO ALVIDREZ V,ANDRES EDUARDO ALVIDREZ V,2025-02-13,8175.0,0,8175.0,Transferencia,Adquisición de mercancias,Pagado,,0,Pendiente,,2025-02-13T12:00:00,,,1
HIST25_497,#FACTURA,,NOMINA,NOMINA,2025-02-13,23347.0,0,23347.0,Transferencia,Gastos en General,Pagado,,0,No aplíca,,2025-02-13T12:00:00,,,1
HIST25_498,#FACTURA,,SODEXO,SODEXO,2025-02-13,2956.57,0,2956.57,Transferencia,Gastos en General,Pagado,,0,Pendiente,,2025-02-13T12:00:00,,,1
HIST25_499,#FACTURA,,PENSIÓN ALIMENTICIA,PENSIÓN ALIMENTICIA,2025-02-13,866.12,0,866.12,Transferencia,Gastos en General,Pagado,,0,No aplíca,,2025-02-13T12:00:00,,,1
HIST25_500,#FACTURA,,IMPUESTOS FEDERALES,IMPUESTOS FEDERALES,2025-02-13,23995.0,0,23995.0,Transferencia,Gastos en General,Pagado,,0,Pendiente,,2025-02-13T12:00:00,,,1
HIST25_501,#FACTURA,,IMPUESTOS FEDERALES,IMPUESTOS FEDERALES,2025-02-13,165.0,0,165.0,Transferencia,Gastos en General,Pagado,,0,Pendiente,,2025-02-13T12:00:00,,,1
HIST25_502,#FACTURA,Factura,Sergio Galvan / Ramon Manuel Frías,Sergio Galvan / Ramon Manuel Frías,2025-02-13,1624.0,0,1624.0,Transferencia,Gastos en General,Pagado,,0,No aplíca,,2025-02-13T12:00:00,,,1
HIST25_503,#FACTURA,,Salvador Macías,Salvador Macías,2025-02-14,9179.07,0,9179.07,Transferencia,Gastos en General,Pagado,,0,No aplíca,,2025-02-14T12:00:00,,,1
HIST25_504,14022025,Remisión,Salsa La Moncha / Janeth Gonzalez (14 días),Salsa La Moncha / Janeth Gonzalez (14 días),2025-02-14,720.0,0,720.0,Transferencia,Adquisición de mercancias,Pagado,2025-02-19,5,Pendiente,,2025-02-14T12:00:00,,,1
HIST25_505,1873,Remisión,NARANJA Y LIMÓN (7 DÍAS),NARANJA Y LIMÓN (7 DÍAS),2025-02-11,1095.0,0,1095.0,Transferencia,Adquisición de mercancias,Pagado,2025-02-16,5,Pendiente,,2025-02-11T12:00:00,,,1
HIST25_506,11022025,Factura,La Espiga Dorada  / JUAN MANUEL CASTRO (7 días),La Espiga Dorada  / JUAN MANUEL CASTRO (7 días),2025-02-11,1100.0,0,1100.0,Transferencia,Adquisición de mercancias,Pagado,2025-02-17,6,Pendiente,,2025-02-11T12:00:00,,,1
HIST25_507,716,Factura,Dumbo / Diana Silva Ponce (12 días),Dumbo / Diana Silva Ponce (12 días),2025-02-11,556.0,0,556.0,Transferencia,Adquisición de mercancias,Pagado,2025-02-17,6,Pendiente,,2025-02-11T12:00:00,,,1
HIST25_508,4186,Factura,Ma Eugenia Payan / Tortillas (14 días),Ma Eugenia Payan / Tortillas (14 días),2025-02-12,2320.5,0,2320.5,Transferencia,Adquisición de mercancias,Pagado,2025-02-26,14,Pendiente,,2025-02-12T12:00:00,,,1
HIST25_509,99808,Factura,Diplas / Hector A Portillo (20 días),Diplas / Hector A Portillo (20 días),2025-02-11,936.42,0,936.42,Transferencia,Gastos en General,Pagado,2025-03-03,20,Pendiente,,2025-02-11T12:00:00,,,1
HIST25_510,59102,Factura,KEY QUÍMICA (14 DÍAS),KEY QUÍMICA (14 DÍAS),2025-02-11,505.76,0,505.76,Transferencia,Gastos en General,Pagado,2025-02-26,15,Pendiente,,2025-02-11T12:00:00,,,1
HIST25_511,41182,Remisión,"AGYDSA ""Aceite"" (7 días)","AGYDSA ""Aceite"" (7 días)",2025-02-11,2100.0,0,2100.0,Transferencia,Adquisición de mercancias,Pagado,2025-02-17,6,Pendiente,,2025-02-11T12:00:00,,,1
HIST25_512,54284,Factura,EMPAQUES Y ENVASES/JOSE LUIS MORALES GARCIA (7 días),EMPAQUES Y ENVASES/JOSE LUIS MORALES GARCIA (7 días),2025-02-12,1140.41,0,1140.41,Transferencia,Gastos en General,Pagado,2025-02-17,5,Pendiente,,2025-02-12T12:00:00,,,1
HIST25_513,10942,Factura,Colesa (7 días),Colesa (7 días),2025-02-12,841.7,0,841.7,Transferencia,Adquisición de mercancias,Pagado,2025-02-17,5,Pendiente,,2025-02-12T12:00:00,,,1
HIST25_514,586516,Remisión,Productos Lácteos Los Pinos (7 DÍAS),Productos Lácteos Los Pinos (7 DÍAS),2025-02-13,370.0,0,370.0,Transferencia,Adquisición de mercancias,Pagado,2025-02-18,5,Pendiente,,2025-02-13T12:00:00,,,1
HIST25_515,67652,Factura,PROMAR DEL NORTE (14 DÍAS),PROMAR DEL NORTE (14 DÍAS),2025-02-13,2947.2,0,2947.2,Transferencia,Adquisición de mercancias,Pagado,2025-02-27,14,Pendiente,,2025-02-13T12:00:00,,,1
HIST25_516,69444,Factura,DIPACSA (7 días),DIPACSA (7 días),2025-02-13,904.0,0,904.0,Transferencia,Adquisición de mercancias,Pagado,2025-02-18,5,Pendiente,,2025-02-13T12:00:00,,,1
HIST25_517,11049,Factura,Colesa (7 días),Colesa (7 días),2025-02-13,657.0,0,657.0,Transferencia,Adquisición de mercancias,Pagado,2025-02-18,5,Pendiente,,2025-02-13T12:00:00,,,1
HIST25_518,1882,Remisión,La Cosecha / Guadalupe Caro S. (14 días),La Cosecha / Guadalupe Caro S. (14 días),2025-02-13,978.0,0,978.0,Transferencia,Adquisición de mercancias,Pagado,2025-02-28,15,Pendiente,,2025-02-13T12:00:00,,,1
HIST25_519,20079,Factura,Quesos y + Quesos / Armando Villanueva (7 días),Quesos y + Quesos / Armando Villanueva (7 días),2025-02-14,2410.4,0,2410.4,Transferencia,Adquisición de mercancias,Pagado,2025-02-19,5,Pendiente,,2025-02-14T12:00:00,,,1
HIST25_520,11125,Factura,Colesa (7 días),Colesa (7 días),2025-02-14,980.05,0,980.05,Transferencia,Adquisición de mercancias,Pagado,2025-02-19,5,Pendiente,,2025-02-14T12:00:00,,,1
HIST25_521,FPE82,Factura,SURTIDORA BOTANAS (7 DÍAS),SURTIDORA BOTANAS (7 DÍAS),2025-02-14,807.52,0,807.52,Transferencia,Adquisición de mercancias,Pagado,2025-02-19,5,Pendiente,,2025-02-14T12:00:00,,,1
HIST25_522,69475,Factura,DIPACSA (7 días),DIPACSA (7 días),2025-02-14,1844.0,0,1844.0,Transferencia,Adquisición de mercancias,Pagado,2025-02-19,5,Pendiente,,2025-02-14T12:00:00,,,1
HIST25_523,263901,Factura,MEDFRUT (7 DÍAS),MEDFRUT (7 DÍAS),2025-02-14,538.0,0,538.0,Transferencia,Adquisición de mercancias,Pagado,2025-02-19,5,Pendiente,,2025-02-14T12:00:00,,,1
HIST25_524,27596,Factura,SUKARNE,SUKARNE,2025-02-12,3709.9,0,3709.9,Tarjeta,Adquisición de mercancias,Pagado,,0,No aplíca,,2025-02-12T12:00:00,,,1
HIST25_525,T,Factura,Alsuper,Alsuper,2025-02-12,257.48,0,257.48,Tarjeta,Adquisición de mercancias,Pagado,,0,No aplíca,,2025-02-12T12:00:00,,,1
HIST25_526,T,Factura,Sam's Club,Sam's Club,2025-02-11,989.0,0,989.0,Tarjeta,Adquisición de mercancias,Pagado,,0,No aplíca,,2025-02-11T12:00:00,,,1
HIST25_527,T,Factura,Sam's Club,Sam's Club,2025-02-11,352.99,0,352.99,Tarjeta,Gastos en General,Pagado,,0,No aplíca,,2025-02-11T12:00:00,,,1
HIST25_528,T,Factura,City Club,City Club,2025-02-11,338.0,0,338.0,Tarjeta,Adquisición de mercancias,Pagado,,0,No aplíca,,2025-02-11T12:00:00,,,1
HIST25_529,T,Factura,Corp Arpe Gasolina,Corp Arpe Gasolina,2025-02-08,1376.97,0,1376.97,Tarjeta,Gastos en General,Pagado,,0,No aplíca,,2025-02-08T12:00:00,,,1
HIST25_530,T,Factura,Alsuper,Alsuper,2025-02-12,476.0,0,476.0,Tarjeta,Adquisición de mercancias,Pagado,,0,No aplíca,,2025-02-12T12:00:00,,,1
HIST25_531,T,Factura,Combustibles del Bosque,Combustibles del Bosque,2025-02-06,500.0,0,500.0,Tarjeta,Gastos en General,Pagado,,0,No aplíca,,2025-02-06T12:00:00,,,1
HIST25_532,27595,Factura,SUKARNE,SUKARNE,2025-02-12,4171.1,0,4171.1,Tarjeta,Adquisición de mercancias,Pagado,,0,No aplíca,,2025-02-12T12:00:00,,,1
HIST25_533,T,Factura,Sam's Club,Sam's Club,2025-02-12,1286.98,0,1286.98,Tarjeta,Adquisición de mercancias,Pagado,,0,No aplíca,,2025-02-12T12:00:00,,,1
HIST25_534,T,Factura,Costco,Costco,2025-02-12,1147.13,0,1147.13,Tarjeta,Gastos en General,Pagado,,0,No aplíca,,2025-02-12T12:00:00,,,1
HIST25_535,T,Factura,City Club,City Club,2025-02-12,707.0,0,707.0,Tarjeta,Adquisición de mercancias,Pagado,,0,No aplíca,,2025-02-12T12:00:00,,,1
HIST25_536,T,Factura,Sam's Club,Sam's Club,2025-02-12,563.0,0,563.0,Tarjeta,Adquisición de mercancias,Pagado,,0,No aplíca,,2025-02-12T12:00:00,,,1
HIST25_537,27612,Factura,SUKARNE,SUKARNE,2025-02-13,4228.4,0,4228.4,Tarjeta,Adquisición de mercancias,Pagado,,0,No aplíca,,2025-02-13T12:00:00,,,1
HIST25_538,T,Factura,Alsuper,Alsuper,2025-02-14,33.8,0,33.8,Tarjeta,Gastos en General,Pagado,,0,No aplíca,,2025-02-14T12:00:00,,,1
HIST25_539,T,Factura,Alsuper,Alsuper,2025-02-14,203.11,0,203.11,Tarjeta,Adquisición de mercancias,Pagado,,0,No aplíca,,2025-02-14T12:00:00,,,1
HIST25_540,27625,Factura,SUKARNE,SUKARNE,2025-02-14,4600.8,0,4600.8,Tarjeta,Adquisición de mercancias,Pagado,,0,No aplíca,,2025-02-14T12:00:00,,,1
HIST25_541,27624,Factura,SUKARNE,SUKARNE,2025-02-14,4381.7,0,4381.7,Tarjeta,Adquisición de mercancias,Pagado,,0,No aplíca,,2025-02-14T12:00:00,,,1
HIST25_542,37001286,Factura,Bachoco,Bachoco,2025-02-12,18495.8,0,18495.8,Tarjeta,Adquisición de mercancias,Pagado,,0,No aplíca,,2025-02-12T12:00:00,,,1
HIST25_543,0233525,Factura,AB Pollo,AB Pollo,2025-02-12,1078.8,0,1078.8,Tarjeta,Adquisición de mercancias,Pagado,,0,No aplíca,,2025-02-12T12:00:00,,,1
HIST25_544,37017952,Factura,Bachoco,Bachoco,2025-02-14,11455.56,0,11455.56,Tarjeta,Adquisición de mercancias,Pagado,,0,No aplíca,,2025-02-14T12:00:00,,,1
HIST25_545,#FACTURA,,NOMINA,NOMINA,2025-02-14,23347.0,0,23347.0,Transferencia,Gastos en General,Pagado,,0,No aplíca,,2025-02-14T12:00:00,,,1
HIST25_546,#FACTURA,,SODEXO,SODEXO,2025-02-13,2956.57,0,2956.57,Transferencia,Gastos en General,Pagado,,0,Pendiente,,2025-02-13T12:00:00,,,1
HIST25_547,#FACTURA,,PENSIÓN ALIMENTICIA,PENSIÓN ALIMENTICIA,2025-02-14,2956.57,0,2956.57,Transferencia,Gastos en General,Pagado,,0,No aplíca,,2025-02-14T12:00:00,,,1
HIST25_548,2561,Factura,Paser / Araceli V. Padilla (14 dias),Paser / Araceli V. Padilla (14 dias),2025-02-15,827.5,0,827.5,Transferencia,Adquisición de mercancias,Pagado,2025-03-01,14,Pendiente,,2025-02-15T12:00:00,,,1
HIST25_549,T,Factura,WALMART,WALMART,2025-02-13,47.0,0,47.0,Tarjeta,Adquisición de mercancias,Pagado,,0,No aplíca,,2025-02-13T12:00:00,,,1
HIST25_550,t,Factura,Sam's Club,Sam's Club,,1149.5,0,1149.5,Tarjeta,Adquisición de mercancias,Pagado,,0,No aplíca,,,,,1
HIST25_551,t,Factura,Sam's Club,Sam's Club,2025-02-14,1126.0,0,1126.0,Tarjeta,Adquisición de mercancias,Pagado,,0,No aplíca,,2025-02-14T12:00:00,,,1
HIST25_552,#FACTURA,,NOMINA,NOMINA,2025-02-14,2545.5,0,2545.5,Cheque,Gastos en General,Pagado,,0,No aplíca,,2025-02-14T12:00:00,,,1
HIST25_553,27639,Factura,SUKARNE,SUKARNE,2025-02-15,3556.5,0,3556.5,Tarjeta,Adquisición de mercancias,Pagado,,0,No aplíca,,2025-02-15T12:00:00,,,1
HIST25_554,54362,Factura,EMPAQUES Y ENVASES/JOSE LUIS MORALES GARCIA (7 días),EMPAQUES Y ENVASES/JOSE LUIS MORALES GARCIA (7 días),2025-02-15,823.21,0,823.21,Transferencia,Gastos en General,Pagado,2025-02-20,5,Pendiente,,2025-02-15T12:00:00,,,1
HIST25_555,263990,Factura,MEDFRUT (7 DÍAS),MEDFRUT (7 DÍAS),2025-02-15,710.0,0,710.0,Transferencia,Adquisición de mercancias,Pagado,2025-02-20,5,Pendiente,,2025-02-15T12:00:00,,,1
HIST25_556,t,Factura,Alsuper,Alsuper,2025-02-17,314.75,0,314.75,Tarjeta,Adquisición de mercancias,Pagado,,0,No aplíca,,2025-02-17T12:00:00,,,1
HIST25_557,27654,Factura,SUKARNE,SUKARNE,2025-02-17,5603.1,0,5603.1,Tarjeta,Adquisición de mercancias,Pagado,,0,No aplíca,,2025-02-17T12:00:00,,,1
HIST25_558,19468,Factura,ADOSA,ADOSA,2025-02-17,170.5,0,170.5,Tarjeta,Gastos en General,Pagado,,0,No aplíca,,2025-02-17T12:00:00,,,1
HIST25_559,t,Factura,Sam's Club,Sam's Club,2025-02-15,550.0,0,550.0,Tarjeta,Adquisición de mercancias,Pagado,,0,No aplíca,,2025-02-15T12:00:00,,,1
HIST25_560,t,Factura,Escuadron Montados y Burritos,Escuadron Montados y Burritos,2025-02-15,1548.0,0,1548.0,Tarjeta,Gastos en General,Pagado,,0,No aplíca,,2025-02-15T12:00:00,,,1
HIST25_561,t,Factura,Costco,Costco,2025-02-15,1244.0,0,1244.0,Tarjeta,Adquisición de mercancias,Pagado,,0,No aplíca,,2025-02-15T12:00:00,,,1
HIST25_562,69536,Factura,DIPACSA (7 días),DIPACSA (7 días),2025-02-17,904.0,0,904.0,Transferencia,Adquisición de mercancias,Pagado,2025-02-22,5,Pendiente,,2025-02-17T12:00:00,,,1
HIST25_563,34272,Factura,Papas Santa Fe / Procepap (7 dias),Papas Santa Fe / Procepap (7 dias),2025-02-17,483.0,0,483.0,Transferencia,Adquisición de mercancias,Pagado,2025-02-22,5,Pendiente,,2025-02-17T12:00:00,,,1
HIST25_564,264095,Factura,MEDFRUT (7 DÍAS),MEDFRUT (7 DÍAS),2025-02-17,487.8,0,487.8,Transferencia,Adquisición de mercancias,Pagado,2025-02-22,5,Pendiente,,2025-02-17T12:00:00,,,1
HIST25_565,67735,Factura,PROMAR DEL NORTE (14 DÍAS),PROMAR DEL NORTE (14 DÍAS),2025-02-17,4066.98,0,4066.98,Transferencia,Adquisición de mercancias,Pagado,2025-03-03,14,Pendiente,,2025-02-17T12:00:00,,,1
HIST25_566,0149,Remisión,NARANJA Y LIMÓN (7 DÍAS),NARANJA Y LIMÓN (7 DÍAS),2025-02-18,1210.0,0,1210.0,Transferencia,Adquisición de mercancias,Pagado,2025-02-23,5,Pendiente,,2025-02-18T12:00:00,,,1
HIST25_567,1925,Remisión,La Cosecha / Guadalupe Caro S. (14 días),La Cosecha / Guadalupe Caro S. (14 días),2025-02-18,1605.0,0,1605.0,Transferencia,Adquisición de mercancias,Pagado,2025-03-05,15,Pendiente,,2025-02-18T12:00:00,,,1
HIST25_568,11282,Factura,Colesa (7 días),Colesa (7 días),2025-02-17,575.9,0,575.9,Transferencia,Adquisición de mercancias,Pagado,2025-02-22,5,Pendiente,,2025-02-17T12:00:00,,,1
HIST25_569,148162,Factura,Abarrotes Inst. (7 días),Abarrotes Inst. (7 días),2025-02-17,2030.14,0,2030.14,Transferencia,Adquisición de mercancias,Pagado,2025-02-22,5,Pendiente,,2025-02-17T12:00:00,,,1
HIST25_570,264212,Factura,MEDFRUT (7 DÍAS),MEDFRUT (7 DÍAS),2025-02-18,130.0,0,130.0,Transferencia,Adquisición de mercancias,Pagado,2025-02-23,5,Pendiente,,2025-02-18T12:00:00,,,1
HIST25_571,69577,Factura,DIPACSA (7 días),DIPACSA (7 días),2025-02-18,904.0,0,904.0,Transferencia,Adquisición de mercancias,Pagado,2025-02-23,5,Pendiente,,2025-02-18T12:00:00,,,1
HIST25_572,28152,Factura,Colesa (7 días),Colesa (7 días),2025-02-18,721.8,0,721.8,Transferencia,Adquisición de mercancias,Pagado,2025-02-23,5,Pendiente,,2025-02-18T12:00:00,,,1
HIST25_573,14819,Factura,ERO Grande (20 días),ERO Grande (20 días),2025-02-18,1028.0,0,1028.0,Transferencia,Adquisición de mercancias,Pagado,2025-02-28,10,Pendiente,,2025-02-18T12:00:00,,,1
HIST25_574,4188,Factura,Ma Eugenia Payan / Tortillas (14 días),Ma Eugenia Payan / Tortillas (14 días),2025-02-17,2688.0,0,2688.0,Transferencia,Adquisición de mercancias,Pagado,2025-03-03,14,Pendiente,,2025-02-17T12:00:00,,,1
HIST25_575,021456,Factura,INIX COMERCIAL (20 DÍAS),INIX COMERCIAL (20 DÍAS),2025-02-19,2818.63,0,2818.63,Transferencia,Gastos en General,Pagado,2025-03-11,20,Pendiente,,2025-02-19T12:00:00,,,1
HIST25_576,69607,Factura,DIPACSA (7 días),DIPACSA (7 días),2025-02-18,904.0,0,904.0,Transferencia,Adquisición de mercancias,Pagado,2025-02-23,5,Pendiente,,2025-02-18T12:00:00,,,1
HIST25_577,41251,Remisión,"AGYDSA ""Aceite"" (7 días)","AGYDSA ""Aceite"" (7 días)",2025-02-19,2100.0,0,2100.0,Transferencia,Adquisición de mercancias,Pagado,2025-02-24,5,Pendiente,,2025-02-19T12:00:00,,,1
HIST25_578,100046,Factura,Diplas / Hector A Portillo (20 días),Diplas / Hector A Portillo (20 días),2025-02-18,1472.65,0,1472.65,Transferencia,Gastos en General,Pagado,2025-03-20,30,Pendiente,,2025-02-18T12:00:00,,,1
HIST25_579,T,Factura,Alsuper,Alsuper,2025-02-18,447.0,0,447.0,Tarjeta,Adquisición de mercancias,Pagado,,0,No aplíca,,2025-02-18T12:00:00,,,1
HIST25_580,27665,Factura,SUKARNE,SUKARNE,2025-02-18,2219.0,0,2219.0,Tarjeta,Adquisición de mercancias,Pagado,,0,No aplíca,,2025-02-18T12:00:00,,,1
HIST25_581,T,Factura,Sam's Club,Sam's Club,2025-02-17,575.0,0,575.0,Tarjeta,Adquisición de mercancias,Pagado,,0,No aplíca,,2025-02-17T12:00:00,,,1
HIST25_582,T,Factura,Sam's Club,Sam's Club,2025-02-17,799.0,0,799.0,Tarjeta,Adquisición de mercancias,Pagado,,0,No aplíca,,2025-02-17T12:00:00,,,1
HIST25_583,T,Factura,Sam's Club,Sam's Club,2025-02-17,230.0,0,230.0,Tarjeta,Gastos en General,Pagado,,0,No aplíca,,2025-02-17T12:00:00,,,1
HIST25_584,27664,Factura,SUKARNE,SUKARNE,2025-02-18,6780.9,0,6780.9,Tarjeta,Adquisición de mercancias,Pagado,,0,No aplíca,,2025-02-18T12:00:00,,,1
HIST25_585,#FACTURA,Factura,HOME DEPOT,HOME DEPOT,2025-02-11,455.0,0,455.0,Tarjeta,Gastos en General,Pagado,,0,No aplíca,,2025-02-11T12:00:00,,,1
HIST25_586,#FACTURA,Factura,Gelos Market,Gelos Market,2025-02-18,105.51,0,105.51,Tarjeta,Adquisición de mercancias,Pagado,,0,No aplíca,,2025-02-18T12:00:00,,,1
HIST25_587,#FACTURA,Factura,Materiales Américas,Materiales Américas,2025-02-18,862.69,0,862.69,Tarjeta,Gastos en General,Pagado,,0,No aplíca,,2025-02-18T12:00:00,,,1
HIST25_588,37037281,Factura,SUKARNE,SUKARNE,2025-02-17,19293.87,0,19293.87,Tarjeta,Adquisición de mercancias,Pagado,,0,No aplíca,,2025-02-17T12:00:00,,,1
HIST25_589,197303,Factura,Madereria Valles Grijalva,Madereria Valles Grijalva,2025-02-17,678.92,0,678.92,Tarjeta,Gastos en General,Pagado,,0,No aplíca,,2025-02-17T12:00:00,,,1
HIST25_590,167040,Factura,Gas El Sobrante,Gas El Sobrante,2025-02-16,599.99,0,599.99,Tarjeta,Gastos en General,Pagado,,0,No aplíca,,2025-02-16T12:00:00,,,1
HIST25_591,88873,Factura,Ricasa Limpieza,Ricasa Limpieza,2025-02-14,218.89,0,218.89,Tarjeta,Gastos en General,Pagado,,0,No aplíca,,2025-02-14T12:00:00,,,1
HIST25_592,#FACTURA,Factura,Alsuper,Alsuper,2025-02-19,114.2,0,114.2,Tarjeta,Adquisición de mercancias,Pagado,,0,No aplíca,,2025-02-19T12:00:00,,,1
HIST25_593,#FACTURA,Factura,City Club,City Club,2025-02-18,576.0,0,576.0,Tarjeta,Adquisición de mercancias,Pagado,,0,No aplíca,,2025-02-18T12:00:00,,,1
HIST25_594,#FACTURA,Factura,Sam's Club,Sam's Club,2025-02-18,517.0,0,517.0,Tarjeta,Adquisición de mercancias,Pagado,,0,No aplíca,,2025-02-18T12:00:00,,,1
HIST25_595,#FACTURA,Factura,City Club,City Club,2025-02-18,250.0,0,250.0,Tarjeta,Gastos en General,Pagado,,0,No aplíca,,2025-02-18T12:00:00,,,1
HIST25_596,#FACTURA,Factura,Corp Arpe Gasolina,Corp Arpe Gasolina,2025-02-13,1329.33,0,1329.33,Tarjeta,Gastos en General,Pagado,,0,No aplíca,,2025-02-13T12:00:00,,,1
HIST25_597,#FACTURA,,HIPOTECA LUIS ELIZONDO,HIPOTECA LUIS ELIZONDO,2025-02-21,20235.0,0,20235.0,Transferencia,Prestamos / Créditos,Pagado,,0,No aplíca,,2025-02-21T12:00:00,,,1
HIST25_598,#FACTURA,,SGMM,SGMM,2025-02-21,4763.0,0,4763.0,Transferencia,Gastos en General,Pagado,,0,Pendiente,,2025-02-21T12:00:00,,,1
HIST25_599,#FACTURA,,HIPOTECA ADELA ALVIDREZ BARRON,HIPOTECA ADELA ALVIDREZ BARRON,2025-02-21,28298.23,0,28298.23,Transferencia,Prestamos / Créditos,Pagado,,0,Pendiente,,2025-02-21T12:00:00,,,1
HIST25_600,#FACTURA,,NOMINA,NOMINA,2025-02-21,27385.2,0,27385.2,Transferencia,Gastos en General,Pagado,,0,Recibido,,2025-02-21T12:00:00,,,1
HIST25_601,#FACTURA,,SODEXO,SODEXO,2025-02-21,3067.45,0,3067.45,Transferencia,Gastos en General,Pagado,,0,Pendiente,,2025-02-21T12:00:00,,,1
HIST25_602,#FACTURA,,PENSIÓN ALIMENTICIA,PENSIÓN ALIMENTICIA,2025-02-21,866.12,0,866.12,Transferencia,Gastos en General,Pagado,,0,No aplíca,,2025-02-21T12:00:00,,,1
HIST25_603,#FACTURA,,TARJETA CRÉDITO LEA,TARJETA CRÉDITO LEA,2025-02-21,27765.0,0,27765.0,Transferencia,Gastos Socios,Pagado,,0,Pendiente,,2025-02-21T12:00:00,,,1
HIST25_604,#FACTURA,,SKANDIA,SKANDIA,2025-02-21,2000.0,0,2000.0,Transferencia,Gastos en General,Pagado,,0,Pendiente,,2025-02-21T12:00:00,,,1
HIST25_605,28260,Factura,Colesa (7 días),Colesa (7 días),2025-02-21,1584.4,0,1584.4,Transferencia,Adquisición de mercancias,Pagado,2025-02-26,5,Pendiente,,2025-02-21T12:00:00,,,1
HIST25_606,FPE123,Factura,SURTIDORA BOTANAS (7 DÍAS),SURTIDORA BOTANAS (7 DÍAS),2025-02-21,701.68,0,701.68,Transferencia,Adquisición de mercancias,Pagado,2025-02-26,5,Pendiente,,2025-02-21T12:00:00,,,1
HIST25_607,190225,Remisión,Sal de mar/ Celia i. Germes,Sal de mar/ Celia i. Germes,2025-02-19,350.0,0,350.0,Transferencia,Adquisición de mercancias,Pagado,2025-02-24,5,Pendiente,,2025-02-19T12:00:00,,,1
HIST25_608,725,Factura,Dumbo / Diana Silva Ponce (12 días),Dumbo / Diana Silva Ponce (12 días),2025-02-18,556.0,0,556.0,Transferencia,Adquisición de mercancias,Pagado,2025-02-23,5,Pendiente,,2025-02-18T12:00:00,,,1
HIST25_609,28211,Factura,Colesa (7 días),Colesa (7 días),2025-02-19,1299.8,0,1299.8,Transferencia,Adquisición de mercancias,Pagado,2025-02-24,5,Pendiente,,2025-02-19T12:00:00,,,1
HIST25_610,2575,Factura,Paser / Araceli V. Padilla (14 dias),Paser / Araceli V. Padilla (14 dias),2025-02-19,1655.0,0,1655.0,Transferencia,Adquisición de mercancias,Pagado,2025-03-05,14,Pendiente,,2025-02-19T12:00:00,,,1
HIST25_611,54442,Factura,EMPAQUES Y ENVASES/JOSE LUIS MORALES GARCIA (7 días),EMPAQUES Y ENVASES/JOSE LUIS MORALES GARCIA (7 días),2025-02-19,3067.81,0,3067.81,Transferencia,Gastos en General,Pagado,2025-02-24,5,Pendiente,,2025-02-19T12:00:00,,,1
HIST25_612,20161,Factura,Quesos y + Quesos / Armando Villanueva (7 días),Quesos y + Quesos / Armando Villanueva (7 días),2025-02-20,2565.1,0,2565.1,Transferencia,Adquisición de mercancias,Pagado,2025-02-25,5,Pendiente,,2025-02-20T12:00:00,,,1
HIST25_613,67805,Factura,PROMAR DEL NORTE (14 DÍAS),PROMAR DEL NORTE (14 DÍAS),2025-02-20,4121.6,0,4121.6,Transferencia,Adquisición de mercancias,Pagado,2025-03-06,14,Pendiente,,2025-02-20T12:00:00,,,1
HIST25_614,69643,Factura,DIPACSA (7 días),DIPACSA (7 días),2025-02-20,835.0,0,835.0,Transferencia,Adquisición de mercancias,Pagado,2025-02-25,5,Pendiente,,2025-02-20T12:00:00,,,1
HIST25_615,26,Factura,Carmen Ortega P. / Salsa Macha Pepis (14 días),Carmen Ortega P. / Salsa Macha Pepis (14 días),2025-02-20,1440.0,0,1440.0,Transferencia,Adquisición de mercancias,Pagado,2025-03-06,14,Pendiente,,2025-02-20T12:00:00,,,1
HIST25_616,19022025,Factura,La Espiga Dorada  / JUAN MANUEL CASTRO (7 días),La Espiga Dorada  / JUAN MANUEL CASTRO (7 días),2025-02-19,770.0,0,770.0,Transferencia,Adquisición de mercancias,Pagado,2025-02-24,5,Pendiente,,2025-02-19T12:00:00,,,1
HIST25_617,148263,Factura,Abarrotes Inst. (7 días),Abarrotes Inst. (7 días),2025-02-20,3008.64,0,3008.64,Transferencia,Adquisición de mercancias,Pagado,2025-02-25,5,Pendiente,,2025-02-20T12:00:00,,,1
HIST25_618,14836,Factura,ERO Grande (20 días),ERO Grande (20 días),2025-02-20,712.0,0,712.0,Transferencia,Adquisición de mercancias,Pagado,2025-03-02,10,Pendiente,,2025-02-20T12:00:00,,,1
HIST25_619,11512,Factura,Colesa (7 días),Colesa (7 días),2025-02-20,712.6,0,712.6,Transferencia,Adquisición de mercancias,Pagado,2025-02-25,5,Pendiente,,2025-02-20T12:00:00,,,1
HIST25_620,11582,Factura,Colesa (7 días),Colesa (7 días),2025-02-21,712.6,0,712.6,Transferencia,Adquisición de mercancias,Pagado,2025-02-26,5,Pendiente,,2025-02-21T12:00:00,,,1
HIST25_621,2587,Factura,Paser / Araceli V. Padilla (14 dias),Paser / Araceli V. Padilla (14 dias),2025-02-22,827.5,0,827.5,Transferencia,Adquisición de mercancias,Pagado,2025-03-08,14,Pendiente,,2025-02-22T12:00:00,,,1
HIST25_622,11683,Factura,Colesa (7 días),Colesa (7 días),2025-02-22,759.35,0,759.35,Transferencia,Adquisición de mercancias,Pagado,2025-02-27,5,Pendiente,,2025-02-22T12:00:00,,,1
HIST25_623,725,Factura,Dumbo / Diana Silva Ponce (12 días),Dumbo / Diana Silva Ponce (12 días),2025-02-22,556.0,0,556.0,Transferencia,Adquisición de mercancias,Pagado,2025-02-27,5,Pendiente,,2025-02-22T12:00:00,,,1
HIST25_624,67849,Factura,PROMAR DEL NORTE (14 DÍAS),PROMAR DEL NORTE (14 DÍAS),2025-02-22,4081.93,0,4081.93,Transferencia,Adquisición de mercancias,Pagado,2025-03-08,14,Pendiente,,2025-02-22T12:00:00,,,1
HIST25_625,69722,Factura,DIPACSA (7 días),DIPACSA (7 días),2025-02-22,904.0,0,904.0,Transferencia,Adquisición de mercancias,Pagado,2025-02-27,5,Pendiente,,2025-02-22T12:00:00,,,1
HIST25_626,137846,Factura,Abarrotes Inst. (7 días),Abarrotes Inst. (7 días),2025-02-21,2923.57,0,2923.57,Transferencia,Adquisición de mercancias,Pagado,2025-02-26,5,Pendiente,,2025-02-21T12:00:00,,,1
HIST25_627,700992,Factura,Casa Reza (7 días),Casa Reza (7 días),2025-02-21,3880.0,0,3880.0,Transferencia,Adquisición de mercancias,Pagado,2025-02-26,5,Pendiente,,2025-02-21T12:00:00,,,1
HIST25_628,54532,Factura,EMPAQUES Y ENVASES/JOSE LUIS MORALES GARCIA (7 días),EMPAQUES Y ENVASES/JOSE LUIS MORALES GARCIA (7 días),2025-02-22,1069.9,0,1069.9,Transferencia,Gastos en General,Pagado,2025-02-27,5,Pendiente,,2025-02-22T12:00:00,,,1
HIST25_629,1970,Remisión,La Cosecha / Guadalupe Caro S. (14 días),La Cosecha / Guadalupe Caro S. (14 días),2025-02-22,1225.0,0,1225.0,Transferencia,Adquisición de mercancias,Pagado,2025-03-09,15,Pendiente,,2025-02-22T12:00:00,,,1
HIST25_630,137901,Factura,Abarrotes Inst. (7 días),Abarrotes Inst. (7 días),2025-02-24,1409.36,0,1409.36,Transferencia,Adquisición de mercancias,Pagado,2025-03-01,5,Pendiente,,2025-02-24T12:00:00,,,1
HIST25_631,FPE143,Factura,SURTIDORA BOTANAS (7 DÍAS),SURTIDORA BOTANAS (7 DÍAS),2025-02-24,767.34,0,767.34,Transferencia,Adquisición de mercancias,Pagado,2025-03-01,5,Pendiente,,2025-02-24T12:00:00,,,1
HIST25_632,264686,Factura,MEDFRUT (7 DÍAS),MEDFRUT (7 DÍAS),2025-02-24,550.0,0,550.0,Transferencia,Adquisición de mercancias,Pagado,2025-03-01,5,Pendiente,,2025-02-24T12:00:00,,,1
HIST25_633,240225,Factura,La Espiga Dorada  / JUAN MANUEL CASTRO (7 días),La Espiga Dorada  / JUAN MANUEL CASTRO (7 días),2025-02-24,770.0,0,770.0,Transferencia,Adquisición de mercancias,Pagado,2025-03-01,5,Pendiente,,2025-02-24T12:00:00,,,1
HIST25_634,11776,Factura,Colesa (7 días),Colesa (7 días),2025-02-24,482.0,0,482.0,Transferencia,Adquisición de mercancias,Pagado,2025-03-01,5,Pendiente,,2025-02-24T12:00:00,,,1
HIST25_635,455584,Factura,Casa Myers,Casa Myers,2025-02-24,63.62,0,63.62,Tarjeta,Gastos en General,Pagado,,0,No aplíca,,2025-02-24T12:00:00,,,1
HIST25_636,27695,Factura,SUKARNE,SUKARNE,2025-02-20,6692.1,0,6692.1,Tarjeta,Adquisición de mercancias,Pagado,,0,No aplíca,,2025-02-20T12:00:00,,,1
HIST25_637,#FACTURA,Factura,Sam's Club,Sam's Club,2025-02-19,1433.0,0,1433.0,Tarjeta,Adquisición de mercancias,Pagado,,0,No aplíca,,2025-02-19T12:00:00,,,1
HIST25_638,#FACTURA,Factura,Sam's Club,Sam's Club,2025-02-20,1039.0,0,1039.0,Tarjeta,Adquisición de mercancias,Pagado,,0,No aplíca,,2025-02-20T12:00:00,,,1
HIST25_639,339603,Factura,Casa Myers,Casa Myers,2025-02-20,20.91,0,20.91,Tarjeta,Gastos en General,Pagado,,0,No aplíca,,2025-02-20T12:00:00,,,1
HIST25_640,27713,Factura,SUKARNE,SUKARNE,2025-02-21,3857.7,0,3857.7,Tarjeta,Adquisición de mercancias,Pagado,,0,No aplíca,,2025-02-21T12:00:00,,,1
HIST25_641,27712,Factura,SUKARNE,SUKARNE,2025-02-21,3916.9,0,3916.9,Tarjeta,Adquisición de mercancias,Pagado,,0,No aplíca,,2025-02-21T12:00:00,,,1
HIST25_642,#FACTURA,Factura,City Club,City Club,2025-02-22,124.0,0,124.0,Tarjeta,Gastos en General,Pagado,,0,No aplíca,,2025-02-22T12:00:00,,,1
HIST25_643,#FACTURA,Factura,City Club,City Club,2025-02-22,548.0,0,548.0,Tarjeta,Adquisición de mercancias,Pagado,,0,No aplíca,,2025-02-22T12:00:00,,,1
HIST25_644,#FACTURA,Factura,Sam's Club,Sam's Club,2025-02-21,1100.48,0,1100.48,Tarjeta,Adquisición de mercancias,Pagado,,0,No aplíca,,2025-02-21T12:00:00,,,1
HIST25_645,#FACTURA,Factura,Sam's Club,Sam's Club,2025-02-22,712.9,0,712.9,Tarjeta,Adquisición de mercancias,Pagado,,0,No aplíca,,2025-02-22T12:00:00,,,1
HIST25_646,27687,Factura,SUKARNE,SUKARNE,2025-02-19,3260.9,0,3260.9,Tarjeta,Adquisición de mercancias,Pagado,,0,No aplíca,,2025-02-19T12:00:00,,,1
HIST25_647,27686,Factura,SUKARNE,SUKARNE,2025-02-19,3265.3,0,3265.3,Tarjeta,Adquisición de mercancias,Pagado,,0,No aplíca,,2025-02-19T12:00:00,,,1
HIST25_648,#FACTURA,Factura,Alsuper,Alsuper,2025-02-21,531.93,0,531.93,Tarjeta,Adquisición de mercancias,Pagado,,0,No aplíca,,2025-02-21T12:00:00,,,1
HIST25_649,#FACTURA,Factura,Sam's Club,Sam's Club,2025-02-21,499.0,0,499.0,Tarjeta,Adquisición de mercancias,Pagado,,0,No aplíca,,2025-02-21T12:00:00,,,1
HIST25_650,#FACTURA,Factura,Sam's Club,Sam's Club,2025-02-20,129.0,0,129.0,Tarjeta,Adquisición de mercancias,Pagado,,0,No aplíca,,2025-02-20T12:00:00,,,1
HIST25_651,#FACTURA,Factura,Sam's Club,Sam's Club,2025-02-21,230.0,0,230.0,Tarjeta,Gastos en General,Pagado,,0,No aplíca,,2025-02-21T12:00:00,,,1
HIST25_652,#FACTURA,Factura,Alsuper,Alsuper,2025-02-22,129.8,0,129.8,Tarjeta,Adquisición de mercancias,Pagado,,0,No aplíca,,2025-02-22T12:00:00,,,1
HIST25_653,27727,Factura,SUKARNE,SUKARNE,2025-02-22,4065.0,0,4065.0,Tarjeta,Adquisición de mercancias,Pagado,,0,No aplíca,,2025-02-22T12:00:00,,,1
HIST25_654,#FACTURA,Factura,Alsuper,Alsuper,2025-02-24,310.58,0,310.58,Tarjeta,Adquisición de mercancias,Pagado,,0,No aplíca,,2025-02-24T12:00:00,,,1
HIST25_655,#FACTURA,Factura,Costco,Costco,2025-02-20,3039.4,0,3039.4,Tarjeta,Adquisición de mercancias,Pagado,,0,No aplíca,,2025-02-20T12:00:00,,,1
HIST25_656,37071673,Factura,Bachoco,Bachoco,2025-02-21,18091.97,0,18091.97,Tarjeta,Adquisición de mercancias,Pagado,,0,No aplíca,,2025-02-21T12:00:00,,,1
HIST25_657,37054419,Factura,Bachoco,Bachoco,2025-02-19,12758.97,0,12758.97,Tarjeta,Adquisición de mercancias,Pagado,,0,No aplíca,,2025-02-19T12:00:00,,,1
HIST25_658,37090548,Factura,Bachoco,Bachoco,2025-02-24,19041.84,0,19041.84,Tarjeta,Adquisición de mercancias,Pagado,,0,No aplíca,,2025-02-24T12:00:00,,,1
HIST25_659,6352,Factura,SUBAUTOMOTORES SUBARU,SUBAUTOMOTORES SUBARU,2025-02-21,5415.45,0,5415.45,Tarjeta,Gastos en General,Pagado,,0,No aplíca,,2025-02-21T12:00:00,,,1
HIST25_660,4189,Factura,Ma Eugenia Payan / Tortillas (14 días),Ma Eugenia Payan / Tortillas (14 días),2025-02-25,2887.5,0,2887.5,Transferencia,Adquisición de mercancias,Pagado,2025-03-02,5,Pendiente,,2025-02-25T12:00:00,,,1
HIST25_661,730,Factura,Dumbo / Diana Silva Ponce (12 días),Dumbo / Diana Silva Ponce (12 días),2025-02-25,670.0,0,670.0,Transferencia,Adquisición de mercancias,Pagado,2025-03-02,5,Pendiente,,2025-02-25T12:00:00,,,1
HIST25_662,#FACTURA,Factura,City Club,City Club,2025-02-24,121.74,0,121.74,Tarjeta,Gastos en General,Pagado,,0,No aplíca,,2025-02-24T12:00:00,,,1
HIST25_663,#FACTURA,Factura,Costco,Costco,2025-02-24,1184.5,0,1184.5,Tarjeta,Gastos en General,Pagado,,0,No aplíca,,2025-02-24T12:00:00,,,1
HIST25_664,#FACTURA,Factura,Sam's Club,Sam's Club,2025-02-24,442.0,0,442.0,Tarjeta,Adquisición de mercancias,Pagado,,0,No aplíca,,2025-02-24T12:00:00,,,1
HIST25_665,#FACTURA,Factura,Sam's Club,Sam's Club,2025-02-24,362.0,0,362.0,Tarjeta,Gastos en General,Pagado,,0,No aplíca,,2025-02-24T12:00:00,,,1
HIST25_666,1885,Remisión,NARANJA Y LIMÓN (7 DÍAS),NARANJA Y LIMÓN (7 DÍAS),2025-02-24,1270.0,0,1270.0,Transferencia,Adquisición de mercancias,Pagado,2025-03-01,5,Pendiente,,2025-02-24T12:00:00,,,1
HIST25_667,#FACTURA,Factura,Materiales Américas,Materiales Américas,2025-02-25,806.73,0,806.73,Tarjeta,Gastos en General,Pagado,,0,No aplíca,,2025-02-25T12:00:00,,,1
HIST25_668,#FACTURA,Factura,Alsuper,Alsuper,2025-02-25,33.8,0,33.8,Tarjeta,Gastos en General,Pagado,,0,No aplíca,,2025-02-25T12:00:00,,,1
HIST25_669,#FACTURA,Factura,Alsuper,Alsuper,2025-02-25,106.58,0,106.58,Tarjeta,Adquisición de mercancias,Pagado,,0,No aplíca,,2025-02-25T12:00:00,,,1
HIST25_670,#FACTURA,Factura,SUKARNE,SUKARNE,2025-02-25,3421.2,0,3421.2,Tarjeta,Adquisición de mercancias,Pagado,,0,No aplíca,,2025-02-25T12:00:00,,,1
HIST25_671,27765,Factura,SUKARNE,SUKARNE,2025-02-25,4611.6,0,4611.6,Tarjeta,Adquisición de mercancias,Pagado,,0,No aplíca,,2025-02-25T12:00:00,,,1
HIST25_672,153941,Factura,Colesa (7 días),Colesa (7 días),2025-02-25,281.0,0,281.0,Transferencia,Adquisición de mercancias,Pagado,2025-03-30,33,Pendiente,,2025-02-25T12:00:00,,,1
HIST25_673,429,Remisión,TARTARAS LUZ ALICIA RODRIGUEZ,TARTARAS LUZ ALICIA RODRIGUEZ,2025-02-25,750.0,0,750.0,Transferencia,Adquisición de mercancias,Pagado,2025-03-02,5,Pendiente,,2025-02-25T12:00:00,,,1
HIST25_674,67897,Factura,PROMAR DEL NORTE (14 DÍAS),PROMAR DEL NORTE (14 DÍAS),2025-02-25,3654.7,0,3654.7,Transferencia,Adquisición de mercancias,Pagado,2025-03-11,14,Pendiente,,2025-02-25T12:00:00,,,1
HIST25_675,#FACTURA100318,Factura,Diplas / Hector A Portillo (20 días),Diplas / Hector A Portillo (20 días),2025-02-25,1565.68,0,1565.68,Transferencia,Gastos en General,Pagado,2025-03-11,14,Pendiente,,2025-02-25T12:00:00,,,1
HIST25_676,264827,Factura,MEDFRUT (7 DÍAS),MEDFRUT (7 DÍAS),2025-02-25,302.0,0,302.0,Transferencia,Adquisición de mercancias,Pagado,2025-03-02,5,Pendiente,,2025-02-25T12:00:00,,,1
HIST25_677,69796,Factura,DIPACSA (7 días),DIPACSA (7 días),2025-02-25,904.0,0,904.0,Transferencia,Adquisición de mercancias,Pagado,2025-04-02,36,Pendiente,,2025-02-25T12:00:00,,,1
HIST25_678,#FACTURA,,NOMINA,NOMINA,2025-02-28,24934.8,0,24934.8,Transferencia,Gastos en General,Pagado,,0,No aplíca,,2025-02-28T12:00:00,,,1
HIST25_679,#FACTURA,,SODEXO,SODEXO,2025-02-28,3048.08,0,3048.08,Transferencia,Gastos en General,Pagado,,0,Pendiente,,2025-02-28T12:00:00,,,1
HIST25_680,#FACTURA,,PENSIÓN ALIMENTICIA,PENSIÓN ALIMENTICIA,2025-02-28,866.12,0,866.12,Transferencia,Gastos en General,Pagado,,0,Pendiente,,2025-02-28T12:00:00,,,1
HIST25_681,69818,Factura,DIPACSA (7 días),DIPACSA (7 días),2025-02-26,835.0,0,835.0,Transferencia,Adquisición de mercancias,Pagado,2025-03-03,5,Pendiente,,2025-02-26T12:00:00,,,1
HIST25_682,021568,Factura,INIX COMERCIAL (20 DÍAS),INIX COMERCIAL (20 DÍAS),2025-02-26,6517.25,0,6517.25,Transferencia,Gastos en General,Pagado,2025-03-18,20,Pendiente,,2025-02-26T12:00:00,,,1
HIST25_683,264906,Factura,MEDFRUT (7 DÍAS),MEDFRUT (7 DÍAS),2025-02-26,648.0,0,648.0,Transferencia,Adquisición de mercancias,Pagado,2025-03-03,5,Pendiente,,2025-02-26T12:00:00,,,1
HIST25_684,003812,Factura,Fumigaciones Aguirre (14 días),Fumigaciones Aguirre (14 días),2025-02-25,1132.74,0,1132.74,Transferencia,Gastos en General,Pagado,2025-03-11,14,Pendiente,,2025-02-25T12:00:00,,,1
HIST25_685,28284,Factura,Colesa (7 días),Colesa (7 días),2025-02-26,948.3,0,948.3,Transferencia,Adquisición de mercancias,Pagado,2025-03-03,5,Pendiente,,2025-02-26T12:00:00,,,1
HIST25_686,41315,Factura,"AGYDSA ""Aceite"" (7 días)","AGYDSA ""Aceite"" (7 días)",2025-02-26,1400.0,0,1400.0,Transferencia,Adquisición de mercancias,Pagado,2025-03-03,5,Pendiente,,2025-02-26T12:00:00,,,1
HIST25_687,2601,Factura,Paser / Araceli V. Padilla (14 dias),Paser / Araceli V. Padilla (14 dias),2025-02-26,827.5,0,827.5,Transferencia,Adquisición de mercancias,Pagado,2025-03-12,14,Pendiente,,2025-02-26T12:00:00,,,1
HIST25_688,34789,Factura,Papas Santa Fe / Procepap (7 dias),Papas Santa Fe / Procepap (7 dias),2025-02-27,505.6,0,505.6,Transferencia,Adquisición de mercancias,Pagado,2025-03-04,5,Pendiente,,2025-02-27T12:00:00,,,1
HIST25_689,69843,Factura,DIPACSA (7 días),DIPACSA (7 días),2025-02-27,904.0,0,904.0,Transferencia,Adquisición de mercancias,Pagado,2025-03-04,5,Pendiente,,2025-02-27T12:00:00,,,1
HIST25_690,27022025,Factura,Salsa La Moncha / Janeth Gonzalez (14 días),Salsa La Moncha / Janeth Gonzalez (14 días),2025-02-27,533.0,0,533.0,Transferencia,Adquisición de mercancias,Pagado,2025-03-04,5,Pendiente,,2025-02-27T12:00:00,,,1
HIST25_691,114342,Factura,Colesa (7 días),Colesa (7 días),2025-02-27,954.2,0,954.2,Transferencia,Adquisición de mercancias,Pagado,2025-03-04,5,Pendiente,,2025-02-27T12:00:00,,,1
HIST25_692,27022025,Factura,La Espiga Dorada  / JUAN MANUEL CASTRO (7 días),La Espiga Dorada  / JUAN MANUEL CASTRO (7 días),2025-02-27,550.0,0,550.0,Transferencia,Adquisición de mercancias,Pagado,2025-03-03,4,Pendiente,,2025-02-27T12:00:00,,,1
HIST25_693,586418,Factura,Productos Lácteos Los Pinos (7 DÍAS),Productos Lácteos Los Pinos (7 DÍAS),2025-02-27,814.0,0,814.0,Transferencia,Adquisición de mercancias,Pagado,2025-03-04,5,Pendiente,,2025-02-27T12:00:00,,,1
HIST25_694,1334,Remisión,La Cosecha / Guadalupe Caro S. (14 días),La Cosecha / Guadalupe Caro S. (14 días),2025-02-27,1175.0,0,1175.0,Transferencia,Adquisición de mercancias,Pagado,2025-03-17,18,Pendiente,,2025-02-27T12:00:00,,,1
HIST25_695,265092,Factura,MEDFRUT (7 DÍAS),MEDFRUT (7 DÍAS),2025-02-28,368.0,0,368.0,Transferencia,Adquisición de mercancias,Pagado,2025-03-05,5,Pendiente,,2025-02-28T12:00:00,,,1
HIST25_696,#FACTURA,Factura,TARTARAS LUZ ALICIA RODRIGUEZ,TARTARAS LUZ ALICIA RODRIGUEZ,2025-02-27,750.0,0,750.0,Transferencia,Adquisición de mercancias,Pagado,,0,Pendiente,,2025-02-27T12:00:00,,,1
HIST25_697,#FACTURA,,TARJETA CRÉDITO LEC,TARJETA CRÉDITO LEC,2025-03-04,20821.8,0,20821.8,Transferencia,Gastos Socios,Pagado,,0,Pendiente,,2025-03-04T12:00:00,,,1
HIST25_698,#FACTURA,,ECOGAS MEXICO,ECOGAS MEXICO,2025-03-04,10501.0,0,10501.0,Transferencia,Gastos en General,Pagado,,0,Pendiente,,2025-03-04T12:00:00,,,1
HIST25_699,69874,Factura,DIPACSA (7 días),DIPACSA (7 días),2025-02-27,904.0,0,904.0,Transferencia,Adquisición de mercancias,Pagado,2025-03-06,7,Pendiente,,2025-02-27T12:00:00,,,1
HIST25_700,12002,Factura,Colesa (7 días),Colesa (7 días),2025-02-28,595.1,0,595.1,Transferencia,Adquisición de mercancias,Pagado,2025-03-06,6,Pendiente,,2025-02-28T12:00:00,,,1
HIST25_701,#FACTURA184,Factura,SURTIDORA BOTANAS (7 DÍAS),SURTIDORA BOTANAS (7 DÍAS),2025-02-28,746.77,0,746.77,Transferencia,Adquisición de mercancias,Pagado,2025-03-06,6,Pendiente,,2025-02-28T12:00:00,,,1
HIST25_702,0251,Remisión,NARANJA Y LIMÓN (7 DÍAS),NARANJA Y LIMÓN (7 DÍAS),2025-02-28,965.0,0,965.0,Transferencia,Adquisición de mercancias,Pagado,2025-03-06,6,Pendiente,,2025-02-28T12:00:00,,,1
HIST25_703,59298,Factura,KEY QUÍMICA (14 DÍAS),KEY QUÍMICA (14 DÍAS),2025-02-28,1027.76,0,1027.76,Transferencia,Gastos en General,Pagado,2025-03-14,14,Pendiente,,2025-02-28T12:00:00,,,1
HIST25_704,2616,Factura,Paser / Araceli V. Padilla (14 dias),Paser / Araceli V. Padilla (14 dias),2025-02-28,1655.0,0,1655.0,Transferencia,Adquisición de mercancias,Pagado,2025-03-14,14,Pendiente,,2025-02-28T12:00:00,,,1
HIST25_705,265234,Factura,MEDFRUT (7 DÍAS),MEDFRUT (7 DÍAS),2025-03-01,880.0,0,880.0,Transferencia,Adquisición de mercancias,Pagado,2025-03-07,6,Pendiente,,2025-03-01T12:00:00,,,1
HIST25_706,69942,Factura,DIPACSA (7 días),DIPACSA (7 días),2025-03-03,904.0,0,904.0,Transferencia,Adquisición de mercancias,Pagado,2025-03-08,5,Pendiente,,2025-03-03T12:00:00,,,1
HIST25_707,41357,Factura,"AGYDSA ""Aceite"" (7 días)","AGYDSA ""Aceite"" (7 días)",2025-03-03,2100.0,0,2100.0,Transferencia,Adquisición de mercancias,Pagado,2025-03-08,5,Pendiente,,2025-03-03T12:00:00,,,1
HIST25_708,#FACTURA138040,Factura,Abarrotes Inst. (7 días),Abarrotes Inst. (7 días),2025-03-03,3404.84,0,3404.84,Transferencia,Adquisición de mercancias,Pagado,2025-03-08,5,Pendiente,,2025-03-03T12:00:00,,,1
HIST25_709,68004,Factura,PROMAR DEL NORTE (14 DÍAS),PROMAR DEL NORTE (14 DÍAS),2025-03-03,6083.1,0,6083.1,Transferencia,Adquisición de mercancias,Pagado,2025-03-17,14,Pendiente,,2025-03-03T12:00:00,,,1
HIST25_710,701363,Factura,Casa Reza (7 días),Casa Reza (7 días),2025-03-03,3880.0,0,3880.0,Transferencia,Adquisición de mercancias,Pagado,2025-03-08,5,Pendiente,,2025-03-03T12:00:00,,,1
HIST25_711,#FACTURA69898,Factura,DIPACSA (7 días),DIPACSA (7 días),2025-03-01,904.0,0,904.0,Transferencia,Adquisición de mercancias,Pagado,2025-03-06,5,Pendiente,,2025-03-01T12:00:00,,,1
HIST25_712,34923,Factura,Papas Santa Fe / Procepap (7 dias),Papas Santa Fe / Procepap (7 dias),2025-03-01,544.0,0,544.0,Transferencia,Adquisición de mercancias,Pagado,2025-03-06,5,Pendiente,,2025-03-01T12:00:00,,,1
HIST25_713,67979,Factura,PROMAR DEL NORTE (14 DÍAS),PROMAR DEL NORTE (14 DÍAS),2025-03-01,4193.3,0,4193.3,Transferencia,Adquisición de mercancias,Pagado,2025-03-15,14,Pendiente,,2025-03-01T12:00:00,,,1
HIST25_714,12076,Factura,Colesa (7 días),Colesa (7 días),2025-03-01,768.8,0,768.8,Transferencia,Adquisición de mercancias,Pagado,2025-03-06,5,Pendiente,,2025-03-01T12:00:00,,,1
HIST25_715,19037,Remisión,Quesos y + Quesos / Armando Villanueva (7 días),Quesos y + Quesos / Armando Villanueva (7 días),2025-03-01,2394.2,0,2394.2,Transferencia,Adquisición de mercancias,Pagado,2025-03-06,5,Pendiente,,2025-03-01T12:00:00,,,1
HIST25_716,740,Factura,Dumbo / Diana Silva Ponce (12 días),Dumbo / Diana Silva Ponce (12 días),2025-03-03,556.0,0,556.0,Transferencia,Adquisición de mercancias,Pagado,2025-03-08,5,Pendiente,,2025-03-03T12:00:00,,,1
HIST25_717,54729,Factura,EMPAQUES Y ENVASES/JOSE LUIS MORALES GARCIA (7 días),EMPAQUES Y ENVASES/JOSE LUIS MORALES GARCIA (7 días),2025-03-03,3510.4,0,3510.4,Transferencia,Gastos en General,Pagado,2025-03-08,5,Pendiente,,2025-03-03T12:00:00,,,1
HIST25_718,100543,Factura,Diplas / Hector A Portillo (20 días),Diplas / Hector A Portillo (20 días),2025-03-03,1044.41,0,1044.41,Transferencia,Gastos en General,Pagado,2025-03-23,20,Pendiente,,2025-03-03T12:00:00,,,1
HIST25_719,27799,Factura,SUKARNE,SUKARNE,2025-02-28,4217.5,0,4217.5,Tarjeta,Adquisición de mercancias,Pagado,,0,No aplíca,,2025-02-28T12:00:00,,,1
HIST25_720,#FACTURA,Factura,Hágalo,Hágalo,2025-02-27,109.99,0,109.99,Tarjeta,Gastos en General,Pagado,,0,No aplíca,,2025-02-27T12:00:00,,,1
HIST25_721,#FACTURA,Factura,Combustibles San Allejo,Combustibles San Allejo,2025-02-25,1367.43,0,1367.43,Tarjeta,Gastos en General,Pagado,,0,No aplíca,,2025-02-25T12:00:00,,,1
HIST25_722,#FACTURA,Factura,Combustibles del Bosque,Combustibles del Bosque,2025-02-19,1299.22,0,1299.22,Tarjeta,Gastos en General,Pagado,,0,No aplíca,,2025-02-19T12:00:00,,,1
HIST25_723,#FACTURA,Factura,Combustibles del Bosque,Combustibles del Bosque,2025-02-23,324.76,0,324.76,Tarjeta,Gastos en General,Pagado,,0,No aplíca,,2025-02-23T12:00:00,,,1
HIST25_724,#FACTURA,Factura,Sam's Club,Sam's Club,2025-02-27,398.0,0,398.0,Tarjeta,Adquisición de mercancias,Pagado,,0,No aplíca,,2025-02-27T12:00:00,,,1
HIST25_725,#FACTURA,Factura,Sam's Club,Sam's Club,2025-02-28,417.99,0,417.99,Tarjeta,Gastos en General,Pagado,,0,No aplíca,,2025-02-28T12:00:00,,,1
HIST25_726,#FACTURA,Factura,Sam's Club,Sam's Club,2025-02-28,1137.0,0,1137.0,Tarjeta,Adquisición de mercancias,Pagado,,0,No aplíca,,2025-02-28T12:00:00,,,1
HIST25_727,#FACTURA,Factura,Sam's Club,Sam's Club,2025-02-27,1415.0,0,1415.0,Tarjeta,Adquisición de mercancias,Pagado,,0,No aplíca,,2025-02-27T12:00:00,,,1
HIST25_728,#FACTURA,Factura,Alsuper,Alsuper,2025-02-26,99.9,0,99.9,Tarjeta,Gastos en General,Pagado,,0,No aplíca,,2025-02-26T12:00:00,,,1
HIST25_729,#FACTURA,Factura,Alsuper,Alsuper,2025-02-26,457.75,0,457.75,Tarjeta,Adquisición de mercancias,Pagado,,0,No aplíca,,2025-02-26T12:00:00,,,1
HIST25_730,277779,Factura,SUKARNE,SUKARNE,2025-02-26,3572.8,0,3572.8,Tarjeta,Adquisición de mercancias,Pagado,,0,No aplíca,,2025-02-26T12:00:00,,,1
HIST25_731,27788,Factura,SUKARNE,SUKARNE,2025-02-27,4480.7,0,4480.7,Tarjeta,Adquisición de mercancias,Pagado,,0,No aplíca,,2025-02-27T12:00:00,,,1
HIST25_732,#FACTURA,Factura,Alsuper,Alsuper,2025-02-27,102.5,0,102.5,Tarjeta,Adquisición de mercancias,Pagado,,0,No aplíca,,2025-02-27T12:00:00,,,1
HIST25_733,27778,Factura,SUKARNE,SUKARNE,2025-02-26,3610.3,0,3610.3,Tarjeta,Adquisición de mercancias,Pagado,,0,No aplíca,,2025-02-26T12:00:00,,,1
HIST25_734,#FACTURA,Factura,City Club,City Club,2025-02-27,840.49,0,840.49,Tarjeta,Adquisición de mercancias,Pagado,,0,No aplíca,,2025-02-27T12:00:00,,,1
HIST25_735,#FACTURA,Factura,Sam's Club,Sam's Club,2025-02-25,1577.51,0,1577.51,Tarjeta,Adquisición de mercancias,Pagado,,0,No aplíca,,2025-02-25T12:00:00,,,1
HIST25_736,#FACTURA,Factura,Costco,Costco,2025-02-27,662.0,0,662.0,Tarjeta,Adquisición de mercancias,Pagado,,0,No aplíca,,2025-02-27T12:00:00,,,1
HIST25_737,#FACTURA,Factura,Sam's Club,Sam's Club,2025-02-26,228.26,0,228.26,Tarjeta,Gastos en General,Pagado,,0,No aplíca,,2025-02-26T12:00:00,,,1
HIST25_738,#FACTURA,Factura,Sam's Club,Sam's Club,2025-02-26,1676.69,0,1676.69,Tarjeta,Adquisición de mercancias,Pagado,,0,No aplíca,,2025-02-26T12:00:00,,,1
HIST25_739,#FACTURA,Factura,Alsuper,Alsuper,2025-02-28,249.5,0,249.5,Tarjeta,Adquisición de mercancias,Pagado,,0,No aplíca,,2025-02-28T12:00:00,,,1
HIST25_740,37125124,Factura,Bachoco,Bachoco,2025-02-28,15707.72,0,15707.72,Tarjeta,Adquisición de mercancias,Pagado,,0,No aplíca,,2025-02-28T12:00:00,,,1
HIST25_741,37107618,Factura,Bachoco,Bachoco,2025-02-26,6800.04,0,6800.04,Tarjeta,Adquisición de mercancias,Pagado,,0,No aplíca,,2025-02-26T12:00:00,,,1
HIST25_742,271024,Factura,COFIASA,COFIASA,2025-02-26,1582.82,0,1582.82,Tarjeta,Gastos en General,Pagado,,0,No aplíca,,2025-02-26T12:00:00,,,1
HIST25_743,#FACTURA,Factura,Sam's Club,Sam's Club,2025-03-01,215.34,0,215.34,Tarjeta,Gastos en General,Pagado,,0,No aplíca,,2025-03-01T12:00:00,,,1
HIST25_744,#FACTURA,Factura,City Club,City Club,2025-03-01,690.0,0,690.0,Tarjeta,Adquisición de mercancias,Pagado,,0,No aplíca,,2025-03-01T12:00:00,,,1
HIST25_745,#FACTURA,Factura,Sam's Club,Sam's Club,2025-03-01,646.0,0,646.0,Tarjeta,Adquisición de mercancias,Pagado,,0,No aplíca,,2025-03-01T12:00:00,,,1
HIST25_746,#FACTURA,Factura,Alsuper,Alsuper,2025-03-01,279.3,0,279.3,Tarjeta,Adquisición de mercancias,Pagado,,0,No aplíca,,2025-03-01T12:00:00,,,1
HIST25_747,#FACTURA,Factura,Alsuper,Alsuper,2025-03-01,177.88,0,177.88,Tarjeta,Adquisición de mercancias,Pagado,,0,No aplíca,,2025-03-01T12:00:00,,,1
HIST25_748,27817,Factura,SUKARNE,SUKARNE,2025-03-01,4313.4,0,4313.4,Tarjeta,Adquisición de mercancias,Pagado,,0,No aplíca,,2025-03-01T12:00:00,,,1
HIST25_749,27816,Factura,SUKARNE,SUKARNE,2025-03-01,4399.9,0,4399.9,Tarjeta,Adquisición de mercancias,Pagado,,0,No aplíca,,2025-03-01T12:00:00,,,1
HIST25_750,#FACTURA,Factura,Alsuper,Alsuper,2025-03-03,250.1,0,250.1,Tarjeta,Adquisición de mercancias,Pagado,,0,No aplíca,,2025-03-03T12:00:00,,,1
HIST25_751,#FACTURA,Factura,Alsuper,Alsuper,2025-03-03,129.38,0,129.38,Tarjeta,Adquisición de mercancias,Pagado,,0,No aplíca,,2025-03-03T12:00:00,,,1
HIST25_752,27838,Factura,SUKARNE,SUKARNE,2025-03-03,4610.1,0,4610.1,Tarjeta,Adquisición de mercancias,Pagado,,0,No aplíca,,2025-03-03T12:00:00,,,1
HIST25_753,27836,Factura,SUKARNE,SUKARNE,2025-03-03,3548.4,0,3548.4,Tarjeta,Adquisición de mercancias,Pagado,,0,No aplíca,,2025-03-03T12:00:00,,,1
HIST25_754,27837,Factura,SUKARNE,SUKARNE,2025-03-03,3583.1,0,3583.1,Tarjeta,Adquisición de mercancias,Pagado,,0,No aplíca,,2025-03-03T12:00:00,,,1
HIST25_755,37143823,Factura,Bachoco,Bachoco,2025-03-03,16230.08,0,16230.08,Tarjeta,Adquisición de mercancias,Pagado,,0,No aplíca,,2025-03-03T12:00:00,,,1
HIST25_756,264695,Factura,Colesa (7 días),Colesa (7 días),2025-03-05,901.3,0,901.3,Transferencia,Adquisición de mercancias,Pagado,2025-03-10,5,Pendiente,,2025-03-05T12:00:00,,,1
HIST25_757,#FACTURA,,JUNTA MUNICIPAL DE AGUA (JMAS),JUNTA MUNICIPAL DE AGUA (JMAS),2025-03-05,2834.0,0,2834.0,Transferencia,Gastos en General,Pagado,2025-03-10,5,Pendiente,,2025-03-05T12:00:00,,,1
HIST25_758,206469,Factura,Colesa (7 días),Colesa (7 días),2025-03-06,1481.0,0,1481.0,Transferencia,Adquisición de mercancias,Pagado,2025-03-11,5,Pendiente,,2025-03-06T12:00:00,,,1
HIST25_759,14932,Factura,ERO Grande (20 días),ERO Grande (20 días),2025-03-06,712.0,0,712.0,Transferencia,Adquisición de mercancias,Pagado,2025-03-16,10,Pendiente,,2025-03-06T12:00:00,,,1
HIST25_760,590866,Remisión,Productos Lácteos Los Pinos (7 DÍAS),Productos Lácteos Los Pinos (7 DÍAS),2025-03-06,740.0,0,740.0,Transferencia,Adquisición de mercancias,Pagado,2025-03-11,5,Pendiente,,2025-03-06T12:00:00,,,1
HIST25_761,0253,Remisión,NARANJA Y LIMÓN (7 DÍAS),NARANJA Y LIMÓN (7 DÍAS),2025-03-05,1320.0,0,1320.0,Transferencia,Adquisición de mercancias,Pagado,2025-03-10,5,Pendiente,,2025-03-05T12:00:00,,,1
HIST25_762,05032025,Factura,La Espiga Dorada  / JUAN MANUEL CASTRO (7 días),La Espiga Dorada  / JUAN MANUEL CASTRO (7 días),2025-03-05,880.0,0,880.0,Transferencia,Adquisición de mercancias,Pagado,2025-03-10,5,Pendiente,,2025-03-05T12:00:00,,,1
HIST25_763,69966,Factura,DIPACSA (7 días),DIPACSA (7 días),2025-03-03,904.0,0,904.0,Transferencia,Adquisición de mercancias,Pagado,2025-03-08,5,Pendiente,,2025-03-03T12:00:00,,,1
HIST25_764,4190,Factura,Ma Eugenia Payan / Tortillas (14 días),Ma Eugenia Payan / Tortillas (14 días),2025-03-03,2845.5,0,2845.5,Transferencia,Adquisición de mercancias,Pagado,2025-03-17,14,Pendiente,,2025-03-03T12:00:00,,,1
HIST25_765,211,Factura,SURTIDORA BOTANAS (7 DÍAS),SURTIDORA BOTANAS (7 DÍAS),2025-03-04,1081.92,0,1081.92,Transferencia,Adquisición de mercancias,Pagado,2025-03-09,5,Pendiente,,2025-03-04T12:00:00,,,1
HIST25_766,021674,Factura,INIX COMERCIAL (20 DÍAS),INIX COMERCIAL (20 DÍAS),2025-03-04,3066.98,0,3066.98,Transferencia,Gastos en General,Pagado,2025-03-24,20,Pendiente,,2025-03-04T12:00:00,,,1
HIST25_767,54795,Factura,EMPAQUES Y ENVASES/JOSE LUIS MORALES GARCIA (7 días),EMPAQUES Y ENVASES/JOSE LUIS MORALES GARCIA (7 días),2025-03-05,1001.0,0,1001.0,Transferencia,Gastos en General,Pagado,2025-03-10,5,Pendiente,,2025-03-05T12:00:00,,,1
HIST25_768,12248,Factura,Colesa (7 días),Colesa (7 días),2025-03-04,655.5,0,655.5,Transferencia,Adquisición de mercancias,Pagado,2025-03-09,5,Pendiente,,2025-03-04T12:00:00,,,1
HIST25_769,265454,Factura,MEDFRUT (7 DÍAS),MEDFRUT (7 DÍAS),2025-03-04,165.0,0,165.0,Transferencia,Adquisición de mercancias,Pagado,2025-03-09,5,Pendiente,,2025-03-04T12:00:00,,,1
HIST25_770,20345,Factura,Quesos y + Quesos / Armando Villanueva (7 días),Quesos y + Quesos / Armando Villanueva (7 días),2025-03-06,2475.9,0,2475.9,Transferencia,Adquisición de mercancias,Pagado,2025-03-12,6,Pendiente,,2025-03-06T12:00:00,,,1
HIST25_771,746,Factura,Dumbo / Diana Silva Ponce (12 días),Dumbo / Diana Silva Ponce (12 días),2025-03-05,670.0,0,670.0,Transferencia,Adquisición de mercancias,Pagado,2025-03-10,5,Pendiente,,2025-03-05T12:00:00,,,1
HIST25_772,148639,Factura,Abarrotes Inst. (7 días),Abarrotes Inst. (7 días),2025-03-05,85.98,0,85.98,Transferencia,Gastos en General,Pagado,2025-03-10,5,Pendiente,,2025-03-05T12:00:00,,,1
HIST25_773,68073,Factura,PROMAR DEL NORTE (14 DÍAS),PROMAR DEL NORTE (14 DÍAS),2025-03-06,4839.7,0,4839.7,Transferencia,Adquisición de mercancias,Pagado,2025-03-20,14,Pendiente,,2025-03-06T12:00:00,,,1
HIST25_774,234,Factura,SURTIDORA BOTANAS (7 DÍAS),SURTIDORA BOTANAS (7 DÍAS),2025-03-06,580.15,0,580.15,Transferencia,Adquisición de mercancias,Pagado,2025-03-11,5,Pendiente,,2025-03-06T12:00:00,,,1
HIST25_775,70030,Factura,DIPACSA (7 días),DIPACSA (7 días),2025-03-06,2679.0,0,2679.0,Transferencia,Adquisición de mercancias,Pagado,2025-03-11,5,Pendiente,,2025-03-06T12:00:00,,,1
HIST25_776,265561,Factura,MEDFRUT (7 DÍAS),MEDFRUT (7 DÍAS),2025-03-06,1182.4,0,1182.4,Transferencia,Adquisición de mercancias,Pagado,2025-03-11,5,Pendiente,,2025-03-06T12:00:00,,,1
HIST25_777,#FACTURA,Factura,Alsuper,Alsuper,2025-03-06,118.8,0,118.8,Tarjeta,Adquisición de mercancias,Pagado,,0,No aplíca,,2025-03-06T12:00:00,,,1
HIST25_778,#FACTURA,Factura,Costco,Costco,2025-03-04,665.0,0,665.0,Tarjeta,Adquisición de mercancias,Pagado,,0,No aplíca,,2025-03-04T12:00:00,,,1
HIST25_779,#FACTURA,Factura,Sam's Club,Sam's Club,2025-03-04,126.8,0,126.8,Tarjeta,Adquisición de mercancias,Pagado,,0,No aplíca,,2025-03-04T12:00:00,,,1
HIST25_780,#FACTURA,Factura,Sam's Club,Sam's Club,2025-03-04,1046.0,0,1046.0,Tarjeta,Adquisición de mercancias,Pagado,,0,No aplíca,,2025-03-04T12:00:00,,,1
HIST25_781,#FACTURA,Factura,Sam's Club,Sam's Club,2025-03-05,518.0,0,518.0,Tarjeta,Adquisición de mercancias,Pagado,,0,No aplíca,,2025-03-05T12:00:00,,,1
HIST25_782,27881,Factura,SUKARNE,SUKARNE,2025-03-06,4635.7,0,4635.7,Tarjeta,Adquisición de mercancias,Pagado,,0,No aplíca,,2025-03-06T12:00:00,,,1
HIST25_783,#FACTURA,Factura,Sam's Club,Sam's Club,2025-03-03,983.5,0,983.5,Tarjeta,Adquisición de mercancias,Pagado,,0,No aplíca,,2025-03-03T12:00:00,,,1
HIST25_784,#FACTURA,Factura,Alsuper,Alsuper,2025-03-05,42.99,0,42.99,Tarjeta,Adquisición de mercancias,Pagado,,0,No aplíca,,2025-03-05T12:00:00,,,1
HIST25_785,27865,Factura,SUKARNE,SUKARNE,2025-03-05,3600.0,0,3600.0,Tarjeta,Adquisición de mercancias,Pagado,,0,No aplíca,,2025-03-05T12:00:00,,,1
HIST25_786,301916,Factura,HOME DEPOT,HOME DEPOT,2025-03-03,634.14,0,634.14,Tarjeta,Gastos en General,Pagado,,0,No aplíca,,2025-03-03T12:00:00,,,1
HIST25_787,4880A,Factura,Que Pescados!,Que Pescados!,2025-03-04,3400.0,0,3400.0,Tarjeta,Adquisición de mercancias,Pagado,,0,No aplíca,,2025-03-04T12:00:00,,,1
HIST25_788,27857,Factura,SUKARNE,SUKARNE,2025-03-04,3391.9,0,3391.9,Tarjeta,Adquisición de mercancias,Pagado,,0,No aplíca,,2025-03-04T12:00:00,,,1
HIST25_789,125271,Factura,EMPAQUES Y ENVASES/JOSE LUIS MORALES GARCIA (7 días),EMPAQUES Y ENVASES/JOSE LUIS MORALES GARCIA (7 días),2025-03-05,337.0,0,337.0,Tarjeta,Gastos en General,Pagado,,0,No aplíca,,2025-03-05T12:00:00,,,1
HIST25_790,37160627,Factura,Bachoco,Bachoco,2025-03-05,18173.72,0,18173.72,Tarjeta,Adquisición de mercancias,Pagado,,0,No aplíca,,2025-03-05T12:00:00,,,1
HIST25_791,#01032025,Factura,Lilia Velo Saenz,Lilia Velo Saenz,2025-03-01,5840.0,0,5840.0,Transferencia,Adquisición de mercancias,Pagado,2025-03-06,5,Pendiente,,2025-03-01T12:00:00,,,1
HIST25_792,#FACTURA,Factura,Combustibles San Allejo,Combustibles San Allejo,2025-03-04,1330.65,0,1330.65,Tarjeta,Gastos en General,Pagado,,0,No aplíca,,2025-03-04T12:00:00,,,1
HIST25_793,19000,Factura,Aseo y Recolección Estrada (14 días),Aseo y Recolección Estrada (14 días),2025-03-06,1997.06,0,1997.06,Transferencia,Gastos en General,Pagado,2025-03-20,14,Pendiente,,2025-03-06T12:00:00,,,1
HIST25_794,12428,Factura,Colesa (7 días),Colesa (7 días),2025-03-07,556.3,0,556.3,Transferencia,Adquisición de mercancias,Pagado,2025-03-12,5,Pendiente,,2025-03-07T12:00:00,,,1
HIST25_795,01713,Factura,INIX COMERCIAL (20 DÍAS),INIX COMERCIAL (20 DÍAS),2025-03-07,5868.83,0,5868.83,Transferencia,Gastos en General,Pagado,2025-03-27,20,Pendiente,,2025-03-07T12:00:00,,,1
HIST25_796,70058,Factura,DIPACSA (7 días),DIPACSA (7 días),2025-03-07,904.0,0,904.0,Transferencia,Adquisición de mercancias,Pagado,2025-03-12,5,Pendiente,,2025-03-07T12:00:00,,,1
HIST25_797,07032025,Factura,Salsa La Moncha / Janeth Gonzalez (14 días),Salsa La Moncha / Janeth Gonzalez (14 días),2025-03-07,280.0,0,280.0,Transferencia,Adquisición de mercancias,Pagado,2025-03-12,5,Pendiente,,2025-03-07T12:00:00,,,1
HIST25_798,1445,Remisión,La Cosecha / Guadalupe Caro S. (14 días),La Cosecha / Guadalupe Caro S. (14 días),2025-03-06,1225.0,0,1225.0,Transferencia,Adquisición de mercancias,Pagado,2025-03-21,15,Pendiente,,2025-03-06T12:00:00,,,1
HIST25_799,0502177,Factura,Alsuper,Alsuper,2025-03-07,315.04,0,315.04,Tarjeta,Adquisición de mercancias,Pagado,,0,No aplíca,,2025-03-07T12:00:00,,,1
HIST25_800,91135,Factura,SUKARNE,SUKARNE,2025-03-07,5149.5,0,5149.5,Tarjeta,Adquisición de mercancias,Pagado,,0,No aplíca,,2025-03-07T12:00:00,,,1
HIST25_801,37177997,Factura,Bachoco,Bachoco,2025-03-07,14857.98,0,14857.98,Tarjeta,Adquisición de mercancias,Pagado,,0,No aplíca,,2025-03-07T12:00:00,,,1
HIST25_802,68109,Factura,PROMAR DEL NORTE (14 DÍAS),PROMAR DEL NORTE (14 DÍAS),2025-03-08,3654.7,0,3654.7,Transferencia,Adquisición de mercancias,Pagado,2025-03-22,14,Pendiente,,2025-03-08T12:00:00,,,1
HIST25_803,35349,Factura,Papas Santa Fe / Procepap (7 dias),Papas Santa Fe / Procepap (7 dias),2025-03-10,492.8,0,492.8,Transferencia,Adquisición de mercancias,Pagado,2025-03-15,5,Pendiente,,2025-03-10T12:00:00,,,1
HIST25_804,265896,Factura,MEDFRUT (7 DÍAS),MEDFRUT (7 DÍAS),2025-03-10,308.0,0,308.0,Transferencia,Adquisición de mercancias,Pagado,2025-03-15,5,Pendiente,,2025-03-10T12:00:00,,,1
HIST25_805,37196296,Factura,Bachoco,Bachoco,2025-03-10,17392.06,0,17392.06,Tarjeta,Adquisición de mercancias,Pagado,,0,No aplíca,,2025-03-10T12:00:00,,,1
HIST25_806,1678,Factura,GONZALO GALLEGOS,GONZALO GALLEGOS,2025-03-03,1215.0,0,1215.0,Transferencia,Adquisición de mercancias,Pagado,,0,Pendiente,,2025-03-03T12:00:00,,,1
HIST25_807,#FACTURA,,TARJETA CREDITO NEGOCIO,TARJETA CREDITO NEGOCIO,2025-03-10,12285.57,0,12285.57,Transferencia,Gastos en General,Pagado,,0,Pendiente,,2025-03-10T12:00:00,,,1
HIST25_808,251,Factura,SURTIDORA BOTANAS (7 DÍAS),SURTIDORA BOTANAS (7 DÍAS),2025-03-08,937.87,0,937.87,Transferencia,Adquisición de mercancias,Pagado,2025-03-13,5,Pendiente,,2025-03-08T12:00:00,,,1
HIST25_809,148742,Factura,Abarrotes Inst. (7 días),Abarrotes Inst. (7 días),2025-03-08,2805.85,0,2805.85,Transferencia,Adquisición de mercancias,Pagado,2025-03-13,5,Pendiente,,2025-03-08T12:00:00,,,1
HIST25_810,12511,Factura,Colesa (7 días),Colesa (7 días),2025-03-08,729.9,0,729.9,Transferencia,Adquisición de mercancias,Pagado,2025-03-13,5,Pendiente,,2025-03-08T12:00:00,,,1
HIST25_811,28,Factura,Carmen Ortega P. / Salsa Macha Pepis (14 días),Carmen Ortega P. / Salsa Macha Pepis (14 días),2025-03-09,1440.0,0,1440.0,Transferencia,Adquisición de mercancias,Pagado,2025-03-23,14,Pendiente,,2025-03-09T12:00:00,,,1
HIST25_812,2648,Factura,Paser / Araceli V. Padilla (14 dias),Paser / Araceli V. Padilla (14 dias),2025-03-10,827.5,0,827.5,Transferencia,Adquisición de mercancias,Pagado,2025-03-24,14,Pendiente,,2025-03-10T12:00:00,,,1
HIST25_813,70159,Factura,DIPACSA (7 días),DIPACSA (7 días),2025-03-11,1674.0,0,1674.0,Transferencia,Adquisición de mercancias,Pagado,2025-03-16,5,Pendiente,,2025-03-11T12:00:00,,,1
HIST25_814,100849,Factura,Diplas / Hector A Portillo (20 días),Diplas / Hector A Portillo (20 días),2025-03-10,1980.55,0,1980.55,Transferencia,Gastos en General,Pagado,2025-03-30,20,Pendiente,,2025-03-10T12:00:00,,,1
HIST25_815,54888,Factura,EMPAQUES Y ENVASES/JOSE LUIS MORALES GARCIA (7 días),EMPAQUES Y ENVASES/JOSE LUIS MORALES GARCIA (7 días),2025-03-10,1002.11,0,1002.11,Transferencia,Gastos en General,Pagado,2025-03-15,5,Pendiente,,2025-03-10T12:00:00,,,1
HIST25_816,#FACTURA,Factura,Combustibles San Allejo,Combustibles San Allejo,2025-03-04,1330.65,0,1330.65,Tarjeta,Gastos en General,Pagado,,0,No aplíca,,2025-03-04T12:00:00,,,1
HIST25_817,#FACTURA,Factura,STEREN,STEREN,2025-03-08,179.0,0,179.0,Tarjeta,Gastos en General,Pagado,,0,No aplíca,,2025-03-08T12:00:00,,,1
HIST25_818,#FACTURA,Factura,Alsuper,Alsuper,2025-03-08,245.99,0,245.99,Tarjeta,Adquisición de mercancias,Pagado,,0,No aplíca,,2025-03-08T12:00:00,,,1
HIST25_819,#FACTURA,Factura,HOME DEPOT,HOME DEPOT,2025-03-08,1180.0,0,1180.0,Tarjeta,Gastos en General,Pagado,,0,No aplíca,,2025-03-08T12:00:00,,,1
HIST25_820,27905,Factura,SUKARNE,SUKARNE,2025-03-08,3576.8,0,3576.8,Tarjeta,Adquisición de mercancias,Pagado,,0,No aplíca,,2025-03-08T12:00:00,,,1
HIST25_821,#FACTURA,Factura,Alsuper,Alsuper,2025-03-10,16.9,0,16.9,Tarjeta,Gastos en General,Pagado,,0,No aplíca,,2025-03-10T12:00:00,,,1
HIST25_822,#FACTURA,Factura,Alsuper,Alsuper,2025-03-10,313.25,0,313.25,Tarjeta,Adquisición de mercancias,Pagado,,0,No aplíca,,2025-03-10T12:00:00,,,1
HIST25_823,27920,Factura,SUKARNE,SUKARNE,2025-03-10,4572.8,0,4572.8,Tarjeta,Adquisición de mercancias,Pagado,,0,No aplíca,,2025-03-10T12:00:00,,,1
HIST25_824,#FACTURA,Factura,Farmacia del Ahorro,Farmacia del Ahorro,2025-03-08,64.0,0,64.0,Tarjeta,Gastos en General,Pagado,,0,No aplíca,,2025-03-08T12:00:00,,,1
HIST25_825,#FACTURA,Factura,Sam's Club,Sam's Club,2025-03-05,1190.0,0,1190.0,Tarjeta,Adquisición de mercancias,Pagado,,0,No aplíca,,2025-03-05T12:00:00,,,1
HIST25_826,#FACTURA,Factura,Sam's Club,Sam's Club,2025-03-06,213.98,0,213.98,Tarjeta,Gastos en General,Pagado,,0,No aplíca,,2025-03-06T12:00:00,,,1
HIST25_827,#FACTURA,Factura,Sam's Club,Sam's Club,2025-03-05,1327.5,0,1327.5,Tarjeta,Adquisición de mercancias,Pagado,,0,No aplíca,,2025-03-05T12:00:00,,,1
HIST25_828,#FACTURA,Factura,Costco,Costco,2025-03-06,1164.5,0,1164.5,Tarjeta,Gastos en General,Pagado,,0,No aplíca,,2025-03-06T12:00:00,,,1
HIST25_829,#FACTURA,Factura,Costco,Costco,2025-03-06,738.0,0,738.0,Tarjeta,Adquisición de mercancias,Pagado,,0,No aplíca,,2025-03-06T12:00:00,,,1
HIST25_830,#FACTURA,Factura,City Club,City Club,2025-03-07,700.0,0,700.0,Tarjeta,Adquisición de mercancias,Pagado,,0,No aplíca,,2025-03-07T12:00:00,,,1
HIST25_831,#FACTURA,Factura,Sam's Club,Sam's Club,2025-03-08,759.0,0,759.0,Tarjeta,Adquisición de mercancias,Pagado,,0,No aplíca,,2025-03-08T12:00:00,,,1
HIST25_832,#FACTURA,Factura,Sam's Club,Sam's Club,2025-03-07,1859.0,0,1859.0,Tarjeta,Adquisición de mercancias,Pagado,,0,No aplíca,,2025-03-07T12:00:00,,,1
HIST25_833,#FACTURA,Factura,Costco,Costco,2025-03-08,405.0,0,405.0,Tarjeta,Adquisición de mercancias,Pagado,,0,No aplíca,,2025-03-08T12:00:00,,,1
HIST25_834,303458,Factura,HOME DEPOT,HOME DEPOT,2025-03-08,60.0,0,60.0,Tarjeta,Gastos en General,Pagado,,0,No aplíca,,2025-03-08T12:00:00,,,1
HIST25_835,#FACTURA,Factura,City Club,City Club,2025-03-10,124.0,0,124.0,Tarjeta,Gastos en General,Pagado,,0,No aplíca,,2025-03-10T12:00:00,,,1
HIST25_836,#FACTURA,Factura,City Club,City Club,2025-03-10,262.0,0,262.0,Tarjeta,Adquisición de mercancias,Pagado,,0,No aplíca,,2025-03-10T12:00:00,,,1
HIST25_837,#FACTURA,Factura,Sam's Club,Sam's Club,2025-03-10,1341.0,0,1341.0,Tarjeta,Adquisición de mercancias,Pagado,,0,No aplíca,,2025-03-10T12:00:00,,,1
HIST25_838,#FACTURA,Factura,Alsuper,Alsuper,2025-03-11,205.54,0,205.54,Tarjeta,Adquisición de mercancias,Pagado,,0,No aplíca,,2025-03-11T12:00:00,,,1
HIST25_839,27932,Factura,SUKARNE,SUKARNE,2025-03-11,3781.2,0,3781.2,Tarjeta,Adquisición de mercancias,Pagado,,0,No aplíca,,2025-03-11T12:00:00,,,1
HIST25_840,27933,Factura,SUKARNE,SUKARNE,2025-03-11,3938.4,0,3938.4,Tarjeta,Adquisición de mercancias,Pagado,,0,No aplíca,,2025-03-11T12:00:00,,,1
HIST25_841,0237008,Factura,AB Pollo,AB Pollo,2025-03-06,1078.8,0,1078.8,Tarjeta,Adquisición de mercancias,Pagado,,0,No aplíca,,2025-03-06T12:00:00,,,1
HIST25_842,167588,Factura,Gas El Sobrante,Gas El Sobrante,2025-03-10,200.36,0,200.36,Tarjeta,Gastos en General,Pagado,,0,No aplíca,,2025-03-10T12:00:00,,,1
HIST25_843,#FACTURA,Factura,Bodega Eléctrica,Bodega Eléctrica,2025-03-05,158.92,0,158.92,Tarjeta,Gastos en General,Pagado,,0,No aplíca,,2025-03-05T12:00:00,,,1
HIST25_844,2665,Factura,Paser / Araceli V. Padilla (14 dias),Paser / Araceli V. Padilla (14 dias),2025-03-12,827.5,0,827.5,Transferencia,Adquisición de mercancias,Pagado,2025-03-26,14,Pendiente,,2025-03-12T12:00:00,,,1
HIST25_845,68184,Factura,PROMAR DEL NORTE (14 DÍAS),PROMAR DEL NORTE (14 DÍAS),2025-03-13,3654.7,0,3654.7,Transferencia,Adquisición de mercancias,Pagado,2025-03-27,14,Pendiente,,2025-03-13T12:00:00,,,1
HIST25_846,148941,Factura,Abarrotes Inst. (7 días),Abarrotes Inst. (7 días),2025-03-13,1621.96,0,1621.96,Transferencia,Adquisición de mercancias,Pagado,2025-03-18,5,Pendiente,,2025-03-13T12:00:00,,,1
HIST25_847,749,Factura,Dumbo / Diana Silva Ponce (12 días),Dumbo / Diana Silva Ponce (12 días),2025-03-11,480.0,0,480.0,Transferencia,Adquisición de mercancias,Pagado,2025-03-16,5,Pendiente,,2025-03-11T12:00:00,,,1
HIST25_848,20420,Factura,Quesos y + Quesos / Armando Villanueva (7 días),Quesos y + Quesos / Armando Villanueva (7 días),2025-03-12,2114.8,0,2114.8,Transferencia,Adquisición de mercancias,Pagado,2025-03-17,5,Pendiente,,2025-03-12T12:00:00,,,1
HIST25_849,70192,Factura,DIPACSA (7 días),DIPACSA (7 días),2025-03-12,904.0,0,904.0,Transferencia,Adquisición de mercancias,Pagado,2025-03-17,5,Pendiente,,2025-03-12T12:00:00,,,1
HIST25_850,266109,Factura,MEDFRUT (7 DÍAS),MEDFRUT (7 DÍAS),2025-03-12,700.0,0,700.0,Transferencia,Adquisición de mercancias,Pagado,2025-03-17,5,Pendiente,,2025-03-12T12:00:00,,,1
HIST25_851,021777,Factura,INIX COMERCIAL (20 DÍAS),INIX COMERCIAL (20 DÍAS),2025-03-12,1162.01,0,1162.01,Transferencia,Gastos en General,Pagado,2025-04-01,20,Pendiente,,2025-03-12T12:00:00,,,1
HIST25_852,#FACTURA,Factura,La Espiga Dorada  / JUAN MANUEL CASTRO (7 días),La Espiga Dorada  / JUAN MANUEL CASTRO (7 días),2025-03-11,880.0,0,880.0,Transferencia,Adquisición de mercancias,Pagado,2025-03-15,4,Pendiente,,2025-03-11T12:00:00,,,1
HIST25_853,41434,Factura,"AGYDSA ""Aceite"" (7 días)","AGYDSA ""Aceite"" (7 días)",2025-03-11,2100.0,0,2100.0,Transferencia,Adquisición de mercancias,Pagado,2025-03-16,5,Pendiente,,2025-03-11T12:00:00,,,1
HIST25_854,28521,Factura,Colesa (7 días),Colesa (7 días),2025-03-11,612.65,0,612.65,Transferencia,Adquisición de mercancias,Pagado,2025-03-16,5,Pendiente,,2025-03-11T12:00:00,,,1
HIST25_855,68156,Factura,PROMAR DEL NORTE (14 DÍAS),PROMAR DEL NORTE (14 DÍAS),2025-03-11,1364.9,0,1364.9,Transferencia,Adquisición de mercancias,Pagado,2025-03-25,14,Pendiente,,2025-03-11T12:00:00,,,1
HIST25_856,#FACTURA265,Factura,SURTIDORA BOTANAS (7 DÍAS),SURTIDORA BOTANAS (7 DÍAS),2025-03-11,671.3,0,671.3,Transferencia,Adquisición de mercancias,Pagado,2025-03-16,5,Pendiente,,2025-03-11T12:00:00,,,1
HIST25_857,#FACTURA,,CFE,CFE,2025-03-12,2069.0,0,2069.0,Transferencia,Gastos en General,Pagado,2025-03-17,5,Pendiente,,2025-03-12T12:00:00,,,1
HIST25_858,#FACTURA,Factura,HOME DEPOT,HOME DEPOT,2025-03-12,448.84,0,448.84,Tarjeta,Gastos en General,Pagado,,0,No aplíca,,2025-03-12T12:00:00,,,1
HIST25_859,#FACTURA,Factura,Costco,Costco,2025-03-12,2735.25,0,2735.25,Tarjeta,Adquisición de mercancias,Pagado,,0,No aplíca,,2025-03-12T12:00:00,,,1
HIST25_860,#FACTURA,Factura,Alsuper,Alsuper,2025-03-12,113.74,0,113.74,Tarjeta,Adquisición de mercancias,Pagado,,0,No aplíca,,2025-03-12T12:00:00,,,1
HIST25_861,27946,Factura,SUKARNE,SUKARNE,2025-03-12,4033.5,0,4033.5,Tarjeta,Adquisición de mercancias,Pagado,,0,No aplíca,,2025-03-12T12:00:00,,,1
HIST25_862,#FACTURA,Factura,Alsuper,Alsuper,2025-03-13,423.75,0,423.75,Tarjeta,Adquisición de mercancias,Pagado,,0,No aplíca,,2025-03-13T12:00:00,,,1
HIST25_863,27963,Factura,SUKARNE,SUKARNE,2025-03-13,4280.3,0,4280.3,Tarjeta,Adquisición de mercancias,Pagado,,0,No aplíca,,2025-03-13T12:00:00,,,1
HIST25_864,#FACTURA,Factura,Gelos Market,Gelos Market,2025-03-11,147.77,0,147.77,Tarjeta,Adquisición de mercancias,Pagado,,0,No aplíca,,2025-03-11T12:00:00,,,1
HIST25_865,#FACTURA,Factura,Sam's Club,Sam's Club,2025-03-11,209.0,0,209.0,Tarjeta,Gastos en General,Pagado,,0,No aplíca,,2025-03-11T12:00:00,,,1
HIST25_866,#FACTURA,Factura,WALMART,WALMART,2025-03-11,62.0,0,62.0,Tarjeta,Adquisición de mercancias,Pagado,,0,No aplíca,,2025-03-11T12:00:00,,,1
HIST25_867,#FACTURA,Factura,Sam's Club,Sam's Club,2025-03-11,1234.0,0,1234.0,Tarjeta,Adquisición de mercancias,Pagado,,0,No aplíca,,2025-03-11T12:00:00,,,1
HIST25_868,#FACTURA,Factura,SORIANA,SORIANA,2025-03-11,107.7,0,107.7,Tarjeta,Adquisición de mercancias,Pagado,,0,No aplíca,,2025-03-11T12:00:00,,,1
HIST25_869,#FACTURA,Factura,Sam's Club,Sam's Club,2025-03-12,592.0,0,592.0,Tarjeta,Adquisición de mercancias,Pagado,,0,No aplíca,,2025-03-12T12:00:00,,,1
HIST25_870,#FACTURA,Factura,Costco,Costco,2025-03-12,1293.15,0,1293.15,Tarjeta,Adquisición de mercancias,Pagado,,0,No aplíca,,2025-03-12T12:00:00,,,1
HIST25_871,#FACTURA,Factura,Costco,Costco,2025-03-12,2459.0,0,2459.0,Tarjeta,Gastos en General,Pagado,,0,No aplíca,,2025-03-12T12:00:00,,,1
HIST25_872,#FACTURA,Factura,City Club,City Club,2025-03-12,627.0,0,627.0,Tarjeta,Adquisición de mercancias,Pagado,,0,No aplíca,,2025-03-12T12:00:00,,,1
HIST25_873,37213874,Factura,Bachoco,Bachoco,2025-03-12,14290.97,0,14290.97,Tarjeta,Adquisición de mercancias,Pagado,,0,No aplíca,,2025-03-12T12:00:00,,,1
HIST25_874,287,Factura,SURTIDORA BOTANAS (7 DÍAS),SURTIDORA BOTANAS (7 DÍAS),2025-03-13,681.1,0,681.1,Transferencia,Adquisición de mercancias,Pagado,2025-03-18,5,Pendiente,,2025-03-13T12:00:00,,,1
HIST25_875,54979,Factura,EMPAQUES Y ENVASES/JOSE LUIS MORALES GARCIA (7 días),EMPAQUES Y ENVASES/JOSE LUIS MORALES GARCIA (7 días),2025-03-13,1291.01,0,1291.01,Transferencia,Gastos en General,Pagado,2025-03-18,5,Pendiente,,2025-03-13T12:00:00,,,1
HIST25_876,#FACTURA,,IMSS,IMSS,2025-03-13,64985.65,0,64985.65,Transferencia,Gastos en General,Pagado,,0,Pendiente,,2025-03-13T12:00:00,,,1
HIST25_877,#FACTURA,,IMPUESTO SOBRE NÓMINA,IMPUESTO SOBRE NÓMINA,2025-03-13,4079.0,0,4079.0,Transferencia,Gastos en General,Pagado,,0,Pendiente,,2025-03-13T12:00:00,,,1
HIST25_878,#FACTURA,,NOMINA,NOMINA,2025-03-13,25221.6,0,25221.6,Transferencia,Gastos en General,Pagado,,0,Pendiente,,2025-03-13T12:00:00,,,1
HIST25_879,#FACTURA,,SODEXO,SODEXO,2025-03-13,4079.0,0,4079.0,Transferencia,Gastos en General,Pagado,,0,Pendiente,,2025-03-13T12:00:00,,,1
HIST25_880,#FACTURA,,PENSIÓN ALIMENTICIA,PENSIÓN ALIMENTICIA,2025-03-13,866.12,0,866.12,Transferencia,Gastos en General,Pagado,,0,Pendiente,,2025-03-13T12:00:00,,,1
HIST25_881,1356,Remisión,La Cosecha / Guadalupe Caro S. (14 días),La Cosecha / Guadalupe Caro S. (14 días),2025-03-13,1465.0,0,1465.0,Transferencia,Adquisición de mercancias,Pagado,2025-03-28,15,Pendiente,,2025-03-13T12:00:00,,,1
HIST25_882,13/03/25,Factura,Salsa La Moncha / Janeth Gonzalez (14 días),Salsa La Moncha / Janeth Gonzalez (14 días),2025-03-13,305.0,0,305.0,Transferencia,Adquisición de mercancias,Pagado,2025-03-18,5,Pendiente,,2025-03-13T12:00:00,,,1
HIST25_883,12810,Factura,Colesa (7 días),Colesa (7 días),2025-03-13,1978.7,0,1978.7,Transferencia,Adquisición de mercancias,Pagado,2025-03-18,5,Pendiente,,2025-03-13T12:00:00,,,1
HIST25_884,12886,Factura,Colesa (7 días),Colesa (7 días),2025-03-14,657.0,0,657.0,Transferencia,Adquisición de mercancias,Pagado,2025-03-19,5,Pendiente,,2025-03-14T12:00:00,,,1
HIST25_885,70272,Factura,DIPACSA (7 días),DIPACSA (7 días),2025-03-14,904.0,0,904.0,Transferencia,Adquisición de mercancias,Pagado,2025-03-19,5,Pendiente,,2025-03-14T12:00:00,,,1
HIST25_886,70260,Factura,DIPACSA (7 días),DIPACSA (7 días),2025-03-14,1739.0,0,1739.0,Transferencia,Adquisición de mercancias,Pagado,2025-03-19,5,Pendiente,,2025-03-14T12:00:00,,,1
HIST25_887,7413410,Factura,Bachoco,Bachoco,2025-03-14,12796.99,0,12796.99,Tarjeta,Adquisición de mercancias,Pagado,,0,Pendiente,,2025-03-14T12:00:00,,,1
HIST25_888,91369,Factura,SUKARNE,SUKARNE,2025-03-14,5361.1,0,5361.1,Tarjeta,Adquisición de mercancias,Pagado,,0,Pendiente,,2025-03-14T12:00:00,,,1
HIST25_889,0030008,Factura,Alsuper,Alsuper,2025-03-14,134.09,0,134.09,Tarjeta,Adquisición de mercancias,Pagado,,0,Pendiente,,2025-03-14T12:00:00,,,1
HIST25_890,#FACTURA,,IMPUESTOS FEDERALES,IMPUESTOS FEDERALES,2025-03-15,24687.0,0,24687.0,Transferencia,Gastos en General,Pagado,,0,Pendiente,,2025-03-15T12:00:00,,,1
HIST25_891,#FACTURA,,Salvador Macías,Salvador Macías,2025-03-15,9149.07,0,9149.07,Transferencia,Gastos en General,Pagado,,0,Pendiente,,2025-03-15T12:00:00,,,1
HIST25_892,2676,Factura,Paser / Araceli V. Padilla (14 dias),Paser / Araceli V. Padilla (14 dias),2025-03-15,827.5,0,827.5,Transferencia,Adquisición de mercancias,Pagado,2025-03-29,14,Pendiente,,2025-03-15T12:00:00,,,1
HIST25_893,PAGO ANTICIPADO,,ALEJANDRO FELIPE ZERON LARA,ALEJANDRO FELIPE ZERON LARA,2025-03-19,53027.49,0,53027.49,Transferencia,Adquisición de mercancias,Pagado,,0,Pendiente,,2025-03-19T12:00:00,,,1
HIST25_894,114586,Factura,Colesa (7 días),Colesa (7 días),2025-03-19,1513.1,0,1513.1,Transferencia,Adquisición de mercancias,Pagado,2025-03-24,5,Pendiente,,2025-03-19T12:00:00,,,1
HIST25_895,55080,Factura,EMPAQUES Y ENVASES/JOSE LUIS MORALES GARCIA (7 días),EMPAQUES Y ENVASES/JOSE LUIS MORALES GARCIA (7 días),2025-03-19,680.0,0,680.0,Transferencia,Gastos en General,Pagado,2025-03-24,5,Pendiente,,2025-03-19T12:00:00,,,1
HIST25_896,41503,Remisión,"AGYDSA ""Aceite"" (7 días)","AGYDSA ""Aceite"" (7 días)",2025-03-19,2100.0,0,2100.0,Transferencia,Gastos en General,Pagado,2025-03-24,5,Pendiente,,2025-03-19T12:00:00,,,1
HIST25_897,35822,Factura,Papas Santa Fe / Procepap (7 dias),Papas Santa Fe / Procepap (7 dias),2025-03-19,969.8,0,969.8,Transferencia,Adquisición de mercancias,Pagado,2025-03-24,5,Pendiente,,2025-03-19T12:00:00,,,1
HIST25_898,266682,Factura,MEDFRUT (7 DÍAS),MEDFRUT (7 DÍAS),2025-03-19,1344.0,0,1344.0,Transferencia,Adquisición de mercancias,Pagado,2025-03-24,5,Pendiente,,2025-03-19T12:00:00,,,1
HIST25_899,138279,Factura,Abarrotes Inst. (7 días),Abarrotes Inst. (7 días),2025-03-19,1756.89,0,1756.89,Transferencia,Adquisición de mercancias,Pagado,2025-03-24,5,Pendiente,,2025-03-19T12:00:00,,,1
HIST25_900,9325,Remisión,DIPACSA (7 días),DIPACSA (7 días),2025-03-19,1627.0,0,1627.0,Transferencia,Adquisición de mercancias,Pagado,2025-03-24,5,Pendiente,,2025-03-19T12:00:00,,,1
HIST25_901,021864,Factura,INIX COMERCIAL (20 DÍAS),INIX COMERCIAL (20 DÍAS),2025-03-19,6769.76,0,6769.76,Transferencia,Gastos en General,Pagado,2025-04-08,20,Pendiente,,2025-03-19T12:00:00,,,1
HIST25_902,021867,Factura,INIX COMERCIAL (20 DÍAS),INIX COMERCIAL (20 DÍAS),2025-03-19,1245.12,0,1245.12,Transferencia,Gastos en General,Pagado,2025-04-08,20,Pendiente,,2025-03-19T12:00:00,,,1
HIST25_903,7420345,Factura,Bachoco,Bachoco,2025-03-19,17577.65,0,17577.65,Tarjeta,Adquisición de mercancias,Pagado,,0,Pendiente,,2025-03-19T12:00:00,,,1
HIST25_904,91519,Factura,SUKARNE,SUKARNE,2025-03-19,5716.0,0,5716.0,Tarjeta,Adquisición de mercancias,Pagado,,0,Pendiente,,2025-03-19T12:00:00,,,1
HIST25_905,91520,Factura,SUKARNE,SUKARNE,2025-03-19,5182.3,0,5182.3,Tarjeta,Adquisición de mercancias,Pagado,,0,Pendiente,,2025-03-19T12:00:00,,,1
HIST25_906,0615063,Factura,Alsuper,Alsuper,2025-03-15,157.53,0,157.53,Tarjeta,Adquisición de mercancias,Pagado,,0,Pendiente,,2025-03-15T12:00:00,,,1
HIST25_907,0182411,Factura,Alsuper,Alsuper,2025-03-18,18.9,0,18.9,Tarjeta,Gastos en General,Pagado,,0,Pendiente,,2025-03-18T12:00:00,,,1
HIST25_908,f,Factura,Sam's Club,Sam's Club,2025-03-18,1232.0,0,1232.0,Tarjeta,Adquisición de mercancias,Pagado,,0,Pendiente,,2025-03-18T12:00:00,,,1
HIST25_909,f,Factura,Sam's Club,Sam's Club,2025-03-19,992.0,0,992.0,Tarjeta,Adquisición de mercancias,Pagado,,0,Pendiente,,2025-03-19T12:00:00,,,1
HIST25_910,2466412,Factura,Gelos Market,Gelos Market,2025-03-19,103.77,0,103.77,Tarjeta,Gastos en General,Pagado,,0,Pendiente,,2025-03-19T12:00:00,,,1
HIST25_911,149035,Factura,Abarrotes Inst. (7 días),Abarrotes Inst. (7 días),2025-03-15,2342.18,0,2342.18,Transferencia,Adquisición de mercancias,Pagado,2025-03-20,5,Pendiente,,2025-03-15T12:00:00,,,1
HIST25_912,12956,Factura,Colesa (7 días),Colesa (7 días),2025-03-15,331.74,0,331.74,Transferencia,Adquisición de mercancias,Pagado,2025-03-20,5,Pendiente,,2025-03-15T12:00:00,,,1
HIST25_913,68231,Factura,PROMAR DEL NORTE (14 DÍAS),PROMAR DEL NORTE (14 DÍAS),2025-03-15,2610.5,0,2610.5,Transferencia,Adquisición de mercancias,Pagado,2025-03-29,14,Pendiente,,2025-03-15T12:00:00,,,1
HIST25_914,266398,Factura,MEDFRUT (7 DÍAS),MEDFRUT (7 DÍAS),2025-03-15,289.6,0,289.6,Transferencia,Adquisición de mercancias,Pagado,2025-03-20,5,Pendiente,,2025-03-15T12:00:00,,,1
HIST25_915,18032025,Factura,Salsa La Moncha / Janeth Gonzalez (14 días),Salsa La Moncha / Janeth Gonzalez (14 días),2025-03-18,413.0,0,413.0,Transferencia,Adquisición de mercancias,Pagado,2025-03-23,5,Pendiente,,2025-03-18T12:00:00,,,1
HIST25_916,20482,Factura,Quesos y + Quesos / Armando Villanueva (7 días),Quesos y + Quesos / Armando Villanueva (7 días),2025-03-18,2521.2,0,2521.2,Transferencia,Adquisición de mercancias,Pagado,2025-03-23,5,Pendiente,,2025-03-18T12:00:00,,,1
HIST25_917,309,Factura,SURTIDORA BOTANAS (7 DÍAS),SURTIDORA BOTANAS (7 DÍAS),2025-03-18,630.14,0,630.14,Transferencia,Adquisición de mercancias,Pagado,2025-03-23,5,Pendiente,,2025-03-18T12:00:00,,,1
HIST25_918,110419,Factura,Colesa (7 días),Colesa (7 días),2025-03-18,1059.9,0,1059.9,Transferencia,Adquisición de mercancias,Pagado,2025-03-23,5,Pendiente,,2025-03-18T12:00:00,,,1
HIST25_919,28018,Factura,SUKARNE,SUKARNE,2025-03-18,4662.3,0,4662.3,Tarjeta,Adquisición de mercancias,Pagado,,0,Recibido,,2025-03-18T12:00:00,,,1
HIST25_920,t,Factura,Alsuper,Alsuper,2025-03-18,139.5,0,139.5,Tarjeta,Adquisición de mercancias,Pagado,,0,No aplíca,,2025-03-18T12:00:00,,,1
HIST25_921,4926,Factura,Que Pescados!,Que Pescados!,2025-03-13,850.0,0,850.0,Tarjeta,Adquisición de mercancias,Pagado,,0,No aplíca,,2025-03-13T12:00:00,,,1
HIST25_922,#FACTURA,Factura,Alsuper,Alsuper,2025-03-13,40.48,0,40.48,Tarjeta,Adquisición de mercancias,Pagado,,0,No aplíca,,2025-03-13T12:00:00,,,1
HIST25_923,#FACTURA,Factura,Sam's Club,Sam's Club,2025-03-13,854.0,0,854.0,Tarjeta,Adquisición de mercancias,Pagado,,0,No aplíca,,2025-03-13T12:00:00,,,1
HIST25_924,306062,Factura,HOME DEPOT,HOME DEPOT,2025-03-16,200.0,0,200.0,Tarjeta,Gastos en General,Pagado,,0,No aplíca,,2025-03-16T12:00:00,,,1
HIST25_925,#FACTURA,Factura,City Club,City Club,2025-03-14,210.6,0,210.6,Tarjeta,Adquisición de mercancias,Pagado,,0,No aplíca,,2025-03-14T12:00:00,,,1
HIST25_926,#FACTURA,Factura,Costco,Costco,2025-03-15,983.0,0,983.0,Tarjeta,Adquisición de mercancias,Pagado,,0,No aplíca,,2025-03-15T12:00:00,,,1
HIST25_927,#FACTURA,Factura,Sam's Club,Sam's Club,2025-03-14,609.0,0,609.0,Tarjeta,Adquisición de mercancias,Pagado,,0,No aplíca,,2025-03-14T12:00:00,,,1
HIST25_928,#FACTURA,Factura,Sam's Club,Sam's Club,2025-03-15,723.95,0,723.95,Tarjeta,Adquisición de mercancias,Pagado,,0,No aplíca,,2025-03-15T12:00:00,,,1
HIST25_929,27994,Factura,SUKARNE,SUKARNE,2025-03-15,5223.4,0,5223.4,Tarjeta,Adquisición de mercancias,Pagado,,0,No aplíca,,2025-03-15T12:00:00,,,1
HIST25_930,#FACTURA,Factura,Sam's Club,Sam's Club,2025-03-18,1104.0,0,1104.0,Tarjeta,Adquisición de mercancias,Pagado,,0,No aplíca,,2025-03-18T12:00:00,,,1
HIST25_931,#FACTURA,Factura,Costco,Costco,2025-03-18,3103.8,0,3103.8,Tarjeta,Adquisición de mercancias,Pagado,,0,No aplíca,,2025-03-18T12:00:00,,,1
HIST25_932,#FACTURA,Factura,Costco,Costco,2025-03-18,159.0,0,159.0,Tarjeta,Adquisición de mercancias,Pagado,,0,No aplíca,,2025-03-18T12:00:00,,,1
HIST25_933,#FACTURA,Factura,Costco,Costco,2025-03-18,4286.45,0,4286.45,Tarjeta,Adquisición de mercancias,Pagado,,0,No aplíca,,2025-03-18T12:00:00,,,1
HIST25_934,#FACTURA,Factura,Alsuper,Alsuper,2025-03-12,190.7,0,190.7,Tarjeta,Adquisición de mercancias,Pagado,,0,No aplíca,,2025-03-12T12:00:00,,,1
HIST25_935,#FACTURA,Factura,Alsuper,Alsuper,2025-03-07,576.39,0,576.39,Tarjeta,Adquisición de mercancias,Pagado,,0,No aplíca,,2025-03-07T12:00:00,,,1
HIST25_936,6431,Factura,SUBAUTOMOTORES SUBARU,SUBAUTOMOTORES SUBARU,2025-03-12,8230.7,0,8230.7,Tarjeta,Gastos en General,Pagado,,0,No aplíca,,2025-03-12T12:00:00,,,1
HIST25_937,EFBCH-12057135,Factura,ECOGAS MEXICO,ECOGAS MEXICO,2025-03-20,6735.0,0,6735.0,Transferencia,Gastos en General,Pagado,2025-03-28,8,Pendiente,,2025-03-20T12:00:00,,,1
HIST25_938,#FACTURA,,HIPOTECA ADELA ALVIDREZ BARRON,HIPOTECA ADELA ALVIDREZ BARRON,2025-03-20,28298.23,0,28298.23,Transferencia,Gastos en General,Pagado,2025-03-20,0,Pendiente,,2025-03-20T12:00:00,,,1
HIST25_939,#FACTURA,,HIPOTECA LUIS ELIZONDO,HIPOTECA LUIS ELIZONDO,2025-03-20,20235.0,0,20235.0,Transferencia,Gastos en General,Pagado,2025-03-20,0,Pendiente,,2025-03-20T12:00:00,,,1
HIST25_940,1026,Factura,Sergio Galvan / Ramon Manuel Frías,Sergio Galvan / Ramon Manuel Frías,2025-03-20,5220.0,0,5220.0,Transferencia,Gastos en General,Pagado,2025-03-20,0,Pendiente,,2025-03-20T12:00:00,,,1
HIST25_941,13243,Factura,Colesa (7 días),Colesa (7 días),2025-03-20,1492.36,0,1492.36,Transferencia,Adquisición de mercancias,Pagado,2025-03-25,5,Pendiente,,2025-03-20T12:00:00,,,1
HIST25_942,19/03/25,Factura,La Espiga Dorada  / JUAN MANUEL CASTRO (7 días),La Espiga Dorada  / JUAN MANUEL CASTRO (7 días),2025-03-19,1320.0,0,1320.0,Transferencia,Adquisición de mercancias,Pagado,2025-03-24,5,Pendiente,,2025-03-19T12:00:00,,,1
HIST25_943,68312,Factura,PROMAR DEL NORTE (14 DÍAS),PROMAR DEL NORTE (14 DÍAS),2025-03-20,6287.5,0,6287.5,Transferencia,Adquisición de mercancias,Pagado,2025-04-03,14,Pendiente,,2025-03-20T12:00:00,,,1
HIST25_944,702111,Factura,Casa Reza (7 días),Casa Reza (7 días),2025-03-20,3880.0,0,3880.0,Transferencia,Adquisición de mercancias,Pagado,2025-03-25,5,Pendiente,,2025-03-20T12:00:00,,,1
HIST25_945,70403,Factura,DIPACSA (7 días),DIPACSA (7 días),2025-03-20,904.0,0,904.0,Transferencia,Adquisición de mercancias,Pagado,2025-03-25,5,Pendiente,,2025-03-20T12:00:00,,,1
HIST25_946,#FACTURA,Factura,Alsuper,Alsuper,2025-03-19,450.0,0,450.0,Tarjeta,Adquisición de mercancias,Pendiente,,0,Pendiente,,2025-03-19T12:00:00,,,1
HIST25_947,21/03/25,Factura,Dumbo / Diana Silva Ponce (12 días),Dumbo / Diana Silva Ponce (12 días),2025-03-21,480.0,0,480.0,Transferencia,Adquisición de mercancias,Pagado,2025-03-26,5,Pendiente,,2025-03-21T12:00:00,,,1
HIST25_948,101235,Factura,Diplas / Hector A Portillo (20 días),Diplas / Hector A Portillo (20 días),2025-03-20,1980.55,0,1980.55,Transferencia,Gastos en General,Pagado,2025-04-10,21,Pendiente,,2025-03-20T12:00:00,,,1
HIST25_949,59525,Factura,KEY QUÍMICA (14 DÍAS),KEY QUÍMICA (14 DÍAS),2025-03-20,1566.0,0,1566.0,Transferencia,Gastos en General,Pagado,2025-04-04,15,Pendiente,,2025-03-20T12:00:00,,,1
HIST25_950,59526,Factura,KEY QUÍMICA (14 DÍAS),KEY QUÍMICA (14 DÍAS),2025-03-20,125.0,0,125.0,Transferencia,Gastos en General,Pagado,2025-04-03,14,Pendiente,,2025-03-20T12:00:00,,,1
HIST25_951,13324,Factura,Colesa (7 días),Colesa (7 días),2025-03-21,313.4,0,313.4,Transferencia,Adquisición de mercancias,Pagado,2025-03-26,5,Pendiente,,2025-03-21T12:00:00,,,1
HIST25_952,70432,Factura,DIPACSA (7 días),DIPACSA (7 días),2025-03-21,904.0,0,904.0,Transferencia,Adquisición de mercancias,Pagado,2025-03-26,5,Pendiente,,2025-03-21T12:00:00,,,1
HIST25_953,2701,Factura,Paser / Araceli V. Padilla (14 dias),Paser / Araceli V. Padilla (14 dias),2025-03-21,827.5,0,827.5,Transferencia,Adquisición de mercancias,Pagado,2025-04-05,15,Pendiente,,2025-03-21T12:00:00,,,1
HIST25_954,149227,Factura,Abarrotes Inst. (7 días),Abarrotes Inst. (7 días),2025-03-21,1536.06,0,1536.06,Transferencia,Adquisición de mercancias,Pagado,2025-03-26,5,Pendiente,,2025-03-21T12:00:00,,,1
HIST25_955,37283530,Factura,Bachoco,Bachoco,2025-03-21,19090.6,0,19090.6,Tarjeta,Adquisición de mercancias,Pagado,,0,Pendiente,,2025-03-21T12:00:00,,,1
HIST25_956,33265,Factura,SUKARNE,SUKARNE,2025-03-21,5261.2,0,5261.2,Tarjeta,Adquisición de mercancias,Pagado,,0,Pendiente,,2025-03-21T12:00:00,,,1
HIST25_957,33240,Factura,SUKARNE,SUKARNE,2025-03-21,4359.4,0,4359.4,Tarjeta,Adquisición de mercancias,Pagado,,0,Pendiente,,2025-03-21T12:00:00,,,1
HIST25_958,33239,Factura,SUKARNE,SUKARNE,2025-03-21,4248.7,0,4248.7,Tarjeta,Adquisición de mercancias,Pagado,,0,Pendiente,,2025-03-21T12:00:00,,,1
HIST25_959,0061432,Factura,Alsuper,Alsuper,2025-03-20,180.06,0,180.06,Tarjeta,Adquisición de mercancias,Pagado,,0,Pendiente,,2025-03-20T12:00:00,,,1
HIST25_960,0618274,Factura,Alsuper,Alsuper,2025-03-21,22.54,0,22.54,Tarjeta,Adquisición de mercancias,Pagado,,0,Pendiente,,2025-03-21T12:00:00,,,1
HIST25_961,13403,Factura,Colesa (7 días),Colesa (7 días),2025-03-22,1245.8,0,1245.8,Transferencia,Adquisición de mercancias,Pagado,2025-03-27,5,Pendiente,,2025-03-22T12:00:00,,,1
HIST25_962,68351,Factura,PROMAR DEL NORTE (14 DÍAS),PROMAR DEL NORTE (14 DÍAS),2025-03-22,3654.7,0,3654.7,Transferencia,Adquisición de mercancias,Pagado,2025-04-06,15,Pendiente,,2025-03-22T12:00:00,,,1
HIST25_963,55159,Factura,EMPAQUES Y ENVASES/JOSE LUIS MORALES GARCIA (7 días),EMPAQUES Y ENVASES/JOSE LUIS MORALES GARCIA (7 días),2025-03-22,612.4,0,612.4,Transferencia,Gastos en General,Pagado,2025-03-27,5,Pendiente,,2025-03-22T12:00:00,,,1
HIST25_964,91632,Factura,SUKARNE,SUKARNE,2025-03-22,5708.0,0,5708.0,Tarjeta,Adquisición de mercancias,Pagado,,0,Pendiente,,2025-03-22T12:00:00,,,1
HIST25_965,267127,Factura,MEDFRUT (7 DÍAS),MEDFRUT (7 DÍAS),2025-03-24,1422.0,0,1422.0,Transferencia,Adquisición de mercancias,Pagado,2025-03-29,5,Pendiente,,2025-03-24T12:00:00,,,1
HIST25_966,2708,Factura,Paser / Araceli V. Padilla (14 dias),Paser / Araceli V. Padilla (14 dias),2025-03-24,1655.0,0,1655.0,Transferencia,Adquisición de mercancias,Pagado,2025-04-08,15,Pendiente,,2025-03-24T12:00:00,,,1
HIST25_967,363,Factura,SURTIDORA BOTANAS (7 DÍAS),SURTIDORA BOTANAS (7 DÍAS),2025-03-24,554.68,0,554.68,Transferencia,Adquisición de mercancias,Pagado,2025-03-29,5,Pendiente,,2025-03-24T12:00:00,,,1
HIST25_968,70513,Factura,DIPACSA (7 días),DIPACSA (7 días),2025-03-24,2643.0,0,2643.0,Transferencia,Adquisición de mercancias,Pagado,2025-03-29,5,Pendiente,,2025-03-24T12:00:00,,,1
HIST25_969,91684,Factura,SUKARNE,SUKARNE,2025-03-24,3760.0,0,3760.0,Tarjeta,Adquisición de mercancias,Pagado,,0,Pendiente,,2025-03-24T12:00:00,,,1
HIST25_970,91685,Factura,SUKARNE,SUKARNE,2025-03-24,3854.4,0,3854.4,Tarjeta,Adquisición de mercancias,Pagado,,0,Pendiente,,2025-03-24T12:00:00,,,1
HIST25_971,29892,Factura,ADOSA,ADOSA,2025-03-24,164.4,0,164.4,Tarjeta,Gastos en General,Pagado,,0,Pendiente,,2025-03-24T12:00:00,,,1
HIST25_972,0114047,Factura,Alsuper,Alsuper,2025-03-24,307.02,0,307.02,Tarjeta,Adquisición de mercancias,Pagado,,0,Pendiente,,2025-03-24T12:00:00,,,1
HIST25_973,0002236839,Factura,Costco gas s.a,Costco gas s.a,2025-03-22,676.65,0,676.65,Tarjeta,Gastos en General,Pagado,,0,Pendiente,,2025-03-22T12:00:00,,,1
HIST25_974,2467777,Factura,Gelos Market,Gelos Market,2025-03-22,32.99,0,32.99,Tarjeta,Adquisición de mercancias,Pagado,,0,Pendiente,,2025-03-22T12:00:00,,,1
HIST25_975,t,Factura,WALMART,WALMART,2025-03-22,619.0,0,619.0,Tarjeta,Adquisición de mercancias,Pagado,,0,Pendiente,,2025-03-22T12:00:00,,,1
HIST25_976,122325,Factura,SORIANA,SORIANA,2025-03-22,104.52,0,104.52,Tarjeta,Adquisición de mercancias,Pagado,,0,Pendiente,,2025-03-22T12:00:00,,,1
HIST25_977,27303173,Factura,Bachoco,Bachoco,2025-03-24,18273.35,0,18273.35,Tarjeta,Adquisición de mercancias,Pagado,,0,Pendiente,,2025-03-24T12:00:00,,,1
HIST25_978,0263,Remisión,NARANJA Y LIMÓN (7 DÍAS),NARANJA Y LIMÓN (7 DÍAS),2025-03-19,1455.0,0,1455.0,Transferencia,Adquisición de mercancias,Pagado,2025-03-24,5,Pendiente,,2025-03-19T12:00:00,,,1
HIST25_979,1259,Remisión,La Cosecha / Guadalupe Caro S. (14 días),La Cosecha / Guadalupe Caro S. (14 días),2025-03-20,1365.0,0,1365.0,Transferencia,Adquisición de mercancias,Pagado,2025-04-04,15,Pendiente,,2025-03-20T12:00:00,,,1
HIST25_980,4191,Factura,Ma Eugenia Payan / Tortillas (14 días),Ma Eugenia Payan / Tortillas (14 días),2025-03-11,2730.0,0,2730.0,Transferencia,Adquisición de mercancias,Pagado,2025-03-26,15,Pendiente,,2025-03-11T12:00:00,,,1
HIST25_981,4195,Factura,Ma Eugenia Payan / Tortillas (14 días),Ma Eugenia Payan / Tortillas (14 días),2025-03-18,2761.5,0,2761.5,Transferencia,Adquisición de mercancias,Pagado,2025-03-30,12,Pendiente,,2025-03-18T12:00:00,,,1
HIST25_982,149285,Factura,Abarrotes Inst. (7 días),Abarrotes Inst. (7 días),2025-03-22,2923.16,0,2923.16,Transferencia,Adquisición de mercancias,Pagado,2025-03-27,5,Pendiente,,2025-03-22T12:00:00,,,1
HIST25_983,149383,Factura,Abarrotes Inst. (7 días),Abarrotes Inst. (7 días),2025-03-25,1084.04,0,1084.04,Transferencia,Adquisición de mercancias,Pagado,2025-03-30,5,Pendiente,,2025-03-25T12:00:00,,,1
HIST25_984,110452,Factura,Colesa (7 días),Colesa (7 días),2025-03-25,976.9,0,976.9,Transferencia,Adquisición de mercancias,Pagado,2025-03-30,5,Pendiente,,2025-03-25T12:00:00,,,1
HIST25_985,41554,Remisión,"AGYDSA ""Aceite"" (7 días)","AGYDSA ""Aceite"" (7 días)",2025-03-25,1400.0,0,1400.0,Transferencia,Adquisición de mercancias,Pagado,2025-03-30,5,Pendiente,,2025-03-25T12:00:00,,,1
HIST25_986,15665,Factura,Especias Naturales del Norte,Especias Naturales del Norte,2025-03-24,116.24,0,116.24,Tarjeta,Adquisición de mercancias,Pagado,,0,No aplíca,,2025-03-24T12:00:00,,,1
HIST25_987,28104,Factura,SUKARNE,SUKARNE,2025-03-25,5199.5,0,5199.5,Tarjeta,Adquisición de mercancias,Pagado,,0,No aplíca,,2025-03-25T12:00:00,,,1
HIST25_988,28105,Factura,SUKARNE,SUKARNE,2025-03-25,2753.7,0,2753.7,Tarjeta,Adquisición de mercancias,Pagado,,0,No aplíca,,2025-03-25T12:00:00,,,1
HIST25_989,#FACTURA,Factura,Alsuper,Alsuper,2025-03-25,436.57,0,436.57,Tarjeta,Adquisición de mercancias,Pagado,,0,No aplíca,,2025-03-25T12:00:00,,,1
HIST25_990,#FACTURA,Factura,Sam's Club,Sam's Club,2025-03-22,1118.0,0,1118.0,Tarjeta,Adquisición de mercancias,Pagado,,0,No aplíca,,2025-03-22T12:00:00,,,1
HIST25_991,#FACTURA,Factura,Sam's Club,Sam's Club,2025-03-25,1391.58,0,1391.58,Tarjeta,Adquisición de mercancias,Pagado,,0,No aplíca,,2025-03-25T12:00:00,,,1
HIST25_992,#FACTURA,Factura,City Club,City Club,2025-03-25,339.0,0,339.0,Tarjeta,Adquisición de mercancias,Pagado,,0,No aplíca,,2025-03-25T12:00:00,,,1
HIST25_993,#FACTURA,Factura,Gelos Market,Gelos Market,2025-03-24,13.41,0,13.41,Tarjeta,Adquisición de mercancias,Pagado,,0,No aplíca,,2025-03-24T12:00:00,,,1
HIST25_994,#FACTURA,Factura,City Club,City Club,2025-03-24,516.4,0,516.4,Tarjeta,Adquisición de mercancias,Pagado,,0,No aplíca,,2025-03-24T12:00:00,,,1
HIST25_995,0288560,Factura,AB Pollo,AB Pollo,2025-03-18,1162.8,0,1162.8,Tarjeta,Adquisición de mercancias,Pagado,,0,No aplíca,,2025-03-18T12:00:00,,,1
HIST25_996,#FACTURA,Factura,Corp Arpe Gasolina,Corp Arpe Gasolina,2025-03-15,1375.31,0,1375.31,Tarjeta,Gastos en General,Pagado,,0,No aplíca,,2025-03-15T12:00:00,,,1
HIST25_997,341790,Factura,Casa Myers,Casa Myers,2025-03-22,69.92,0,69.92,Tarjeta,Gastos en General,Pagado,,0,No aplíca,,2025-03-22T12:00:00,,,1
HIST25_998,4969,Factura,Que Pescados!,Que Pescados!,2025-03-24,1225.0,0,1225.0,Tarjeta,Adquisición de mercancias,Pagado,,0,No aplíca,,2025-03-24T12:00:00,,,1
HIST25_999,#FACTURA,Factura,City Club,City Club,2025-03-21,480.0,0,480.0,Tarjeta,Adquisición de mercancias,Pagado,,0,No aplíca,,2025-03-21T12:00:00,,,1
HIST25_1000,#FACTURA,Factura,Sam's Club,Sam's Club,2025-03-21,299.0,0,299.0,Tarjeta,Adquisición de mercancias,Pagado,,0,No aplíca,,2025-03-21T12:00:00,,,1
HIST25_1001,#FACTURA,Factura,Sam's Club,Sam's Club,2025-03-21,501.0,0,501.0,Tarjeta,Gastos en General,Pagado,,0,No aplíca,,2025-03-21T12:00:00,,,1
HIST25_1002,#FACTURA,Factura,Sam's Club,Sam's Club,2025-03-21,1576.0,0,1576.0,Tarjeta,Adquisición de mercancias,Pagado,,0,No aplíca,,2025-03-21T12:00:00,,,1
HIST25_1003,#FACTURA,Factura,Sam's Club,Sam's Club,2025-03-20,832.0,0,832.0,Tarjeta,Adquisición de mercancias,Pagado,,0,No aplíca,,2025-03-20T12:00:00,,,1
HIST25_1004,#FACTURA,Factura,Alsuper,Alsuper,2025-03-19,39.5,0,39.5,Tarjeta,Adquisición de mercancias,Pagado,,0,No aplíca,,2025-03-19T12:00:00,,,1
HIST25_1005,#FACTURA,Factura,Alsuper,Alsuper,2025-03-20,722.68,0,722.68,Tarjeta,Adquisición de mercancias,Pagado,,0,No aplíca,,2025-03-20T12:00:00,,,1
HIST25_1006,#FACTURA,Factura,Sam's Club,Sam's Club,2025-03-14,209.0,0,209.0,Tarjeta,Gastos en General,Pagado,,0,No aplíca,,2025-03-14T12:00:00,,,1
HIST25_1007,#FACTURA,Factura,TARTARAS LUZ ALICIA RODRIGUEZ,TARTARAS LUZ ALICIA RODRIGUEZ,2025-03-21,450.0,0,450.0,Transferencia,Adquisición de mercancias,Pagado,,0,Pendiente,,2025-03-21T12:00:00,,,1
HIST25_1008,#FACTURA,,MA DE LOS ANGELES VELO FIERRRO,MA DE LOS ANGELES VELO FIERRRO,2025-03-21,7650.0,0,7650.0,Transferencia,Adquisición de mercancias,Pagado,,0,Pendiente,,2025-03-21T12:00:00,,,1
HIST25_1009,#FACTURA,Factura,ALEJANDRO FELIPE ZERON LARA,ALEJANDRO FELIPE ZERON LARA,2025-03-26,3240.99,0,3240.99,Transferencia,Gastos en General,Pagado,2025-03-28,2,Pendiente,,2025-03-26T12:00:00,,,1
HIST25_1010,37319778,Factura,Bachoco,Bachoco,2025-03-26,12.26,0,12.26,Tarjeta,Adquisición de mercancias,Pagado,,0,Pendiente,,2025-03-26T12:00:00,,,1
HIST25_1011,70582,Factura,DIPACSA (7 días),DIPACSA (7 días),2025-03-26,940.0,0,940.0,Transferencia,Adquisición de mercancias,Pagado,2025-04-01,6,Pendiente,,2025-03-26T12:00:00,,,1
HIST25_1012,20593,Factura,Quesos y + Quesos / Armando Villanueva (7 días),Quesos y + Quesos / Armando Villanueva (7 días),2025-03-25,2560.8,0,2560.8,Transferencia,Adquisición de mercancias,Pagado,2025-03-30,5,Pendiente,,2025-03-25T12:00:00,,,1
HIST25_1013,68407,Factura,PROMAR DEL NORTE (14 DÍAS),PROMAR DEL NORTE (14 DÍAS),2025-03-25,3654.7,0,3654.7,Transferencia,Adquisición de mercancias,Pagado,2025-04-09,15,Pendiente,,2025-03-25T12:00:00,,,1
HIST25_1014,114642,Factura,Colesa (7 días),Colesa (7 días),2025-03-26,204.8,0,204.8,Transferencia,Adquisición de mercancias,Pagado,2025-04-01,6,Pendiente,,2025-03-26T12:00:00,,,1
HIST25_1015,13617,Factura,Colesa (7 días),Colesa (7 días),2025-03-26,808.08,0,808.08,Transferencia,Adquisición de mercancias,Pagado,2025-04-01,6,Pendiente,,2025-03-26T12:00:00,,,1
HIST25_1016,5562,Factura,PIINCA (14 DÍAS),PIINCA (14 DÍAS),2025-03-26,1247.0,0,1247.0,Transferencia,Gastos en General,Pagado,2025-04-10,15,Pendiente,,2025-03-26T12:00:00,,,1
HIST25_1017,55280,Factura,EMPAQUES Y ENVASES/JOSE LUIS MORALES GARCIA (7 días),EMPAQUES Y ENVASES/JOSE LUIS MORALES GARCIA (7 días),2025-03-27,868.0,0,868.0,Transferencia,Adquisición de mercancias,Pagado,2025-04-01,5,Pendiente,,2025-03-27T12:00:00,,,1
HIST25_1018,27/03/25,Factura,Salsa La Moncha / Janeth Gonzalez (14 días),Salsa La Moncha / Janeth Gonzalez (14 días),2025-03-27,703.0,0,703.0,Transferencia,Adquisición de mercancias,Pagado,2025-04-01,5,Pendiente,,2025-03-27T12:00:00,,,1
HIST25_1019,70597,Factura,DIPACSA (7 días),DIPACSA (7 días),2025-03-27,904.0,0,904.0,Transferencia,Adquisición de mercancias,Pagado,2025-04-01,5,Pendiente,,2025-03-27T12:00:00,,,1
HIST25_1020,68442,Factura,PROMAR DEL NORTE (14 DÍAS),PROMAR DEL NORTE (14 DÍAS),2025-03-27,2610.5,0,2610.5,Transferencia,Adquisición de mercancias,Pagado,2025-04-01,5,Pendiente,,2025-03-27T12:00:00,,,1
HIST25_1021,13688,Factura,Colesa (7 días),Colesa (7 días),2025-03-27,432.25,0,432.25,Transferencia,Adquisición de mercancias,Pagado,2025-04-01,5,Pendiente,,2025-03-27T12:00:00,,,1
HIST25_1022,91790,Factura,SUKARNE,SUKARNE,2025-03-27,4121.9,0,4121.9,Tarjeta,Adquisición de mercancias,Pagado,,0,Pendiente,,2025-03-27T12:00:00,,,1
HIST25_1023,#FACTURA,,NOMINA,NOMINA,2025-03-27,25469.4,0,25469.4,Transferencia,Gastos en General,Pagado,,0,Pendiente,,2025-03-27T12:00:00,,,1
HIST25_1024,#FACTURA,,SODEXO,SODEXO,2025-03-27,3004.88,0,3004.88,Transferencia,Gastos en General,Pagado,,0,Pendiente,,2025-03-27T12:00:00,,,1
HIST25_1025,#FACTURA,,PENSIÓN ALIMENTICIA,PENSIÓN ALIMENTICIA,2025-03-27,866.12,0,866.12,Transferencia,Gastos en General,Pagado,,0,Pendiente,,2025-03-27T12:00:00,,,1
HIST25_1026,91789,Factura,SUKARNE,SUKARNE,2025-03-27,3988.1,0,3988.1,Tarjeta,Adquisición de mercancias,Pagado,,0,Pendiente,,2025-03-27T12:00:00,,,1
HIST25_1027,t,Factura,Sam's Club,Sam's Club,2025-03-26,1298.98,0,1298.98,Tarjeta,Adquisición de mercancias,Pagado,,0,Pendiente,,2025-03-26T12:00:00,,,1
HIST25_1028,25/03/25,Factura,Costco,Costco,2025-03-25,899.2,0,899.2,Tarjeta,Adquisición de mercancias,Pagado,,0,Pendiente,,2025-03-25T12:00:00,,,1
HIST25_1029,342105,Factura,Casa Myers,Casa Myers,2025-03-27,41.08,0,41.08,Tarjeta,Gastos en General,Pagado,,0,Pendiente,,2025-03-27T12:00:00,,,1
HIST25_1030,3147,Factura,JUNTA MUNICIPAL DE AGUA (JMAS),JUNTA MUNICIPAL DE AGUA (JMAS),2025-03-27,2854.0,0,2854.0,Transferencia,Gastos en General,Pagado,2025-04-01,5,Pendiente,,2025-03-27T12:00:00,,,1
HIST25_1031,267323,Factura,MEDFRUT (7 DÍAS),MEDFRUT (7 DÍAS),2025-03-27,450.0,0,450.0,Transferencia,Adquisición de mercancias,Pagado,2025-04-01,5,Pendiente,,2025-03-27T12:00:00,,,1
HIST25_1032,0271,Remisión,NARANJA Y LIMÓN (7 DÍAS),NARANJA Y LIMÓN (7 DÍAS),2025-03-27,720.0,0,720.0,Transferencia,Adquisición de mercancias,Pagado,2025-04-01,5,Pendiente,,2025-03-27T12:00:00,,,1
HIST25_1033,1166,Remisión,La Cosecha / Guadalupe Caro S. (14 días),La Cosecha / Guadalupe Caro S. (14 días),2025-03-27,1650.0,0,1650.0,Transferencia,Adquisición de mercancias,Pagado,2025-04-10,14,Pendiente,,2025-03-27T12:00:00,,,1
HIST25_1034,#FACTURA,Factura,Combustibles San Allejo,Combustibles San Allejo,2025-03-26,1350.4,0,1350.4,Tarjeta,Gastos en General,Pagado,,0,No aplíca,,2025-03-26T12:00:00,,,1
HIST25_1035,#FACTURA,Factura,Materiales Américas,Materiales Américas,2025-03-25,715.6,0,715.6,Tarjeta,Gastos en General,Pagado,,0,No aplíca,,2025-03-25T12:00:00,,,1
HIST25_1036,17717,Factura,FERRECHISA,FERRECHISA,2025-03-27,387.0,0,387.0,Tarjeta,Gastos en General,Pagado,,0,No aplíca,,2025-03-27T12:00:00,,,1
HIST25_1037,28/03/25,Factura,Dumbo / Diana Silva Ponce (12 días),Dumbo / Diana Silva Ponce (12 días),2025-03-28,670.0,0,670.0,Transferencia,Adquisición de mercancias,Pagado,2025-04-02,5,Pendiente,,2025-03-28T12:00:00,,,1
HIST25_1038,37337056,Factura,Bachoco,Bachoco,2025-03-28,16990.72,0,16990.72,Tarjeta,Adquisición de mercancias,Pagado,,0,Pendiente,,2025-03-28T12:00:00,,,1
HIST25_1039,36272,Factura,Papas Santa Fe / Procepap (7 dias),Papas Santa Fe / Procepap (7 dias),2025-03-28,414.0,0,414.0,Transferencia,Adquisición de mercancias,Pagado,2025-04-02,5,Pendiente,,2025-03-28T12:00:00,,,1
HIST25_1040,68468,Factura,PROMAR DEL NORTE (14 DÍAS),PROMAR DEL NORTE (14 DÍAS),2025-03-28,3271.1,0,3271.1,Transferencia,Adquisición de mercancias,Pagado,2025-04-11,14,Pendiente,,2025-03-28T12:00:00,,,1
HIST25_1041,022019,Factura,INIX COMERCIAL (20 DÍAS),INIX COMERCIAL (20 DÍAS),2025-03-28,2989.18,0,2989.18,Transferencia,Gastos en General,Pagado,2025-04-17,20,Pendiente,,2025-03-28T12:00:00,,,1
HIST25_1042,70626,Factura,DIPACSA (7 días),DIPACSA (7 días),2025-03-28,904.0,0,904.0,Transferencia,Adquisición de mercancias,Pagado,2025-04-02,5,Pendiente,,2025-03-28T12:00:00,,,1
HIST25_1043,592668,Remisión,Productos Lácteos Los Pinos (7 DÍAS),Productos Lácteos Los Pinos (7 DÍAS),2025-03-27,888.0,0,888.0,Transferencia,Adquisición de mercancias,Pagado,2025-04-02,6,Pendiente,,2025-03-27T12:00:00,,,1
HIST25_1044,91823,Factura,SUKARNE,SUKARNE,2025-03-28,5152.3,0,5152.3,Tarjeta,Adquisición de mercancias,Pagado,,0,Pendiente,,2025-03-28T12:00:00,,,1
HIST25_1045,91824,Factura,SUKARNE,SUKARNE,2025-03-28,3980.3,0,3980.3,Tarjeta,Adquisición de mercancias,Pagado,,0,Pendiente,,2025-03-28T12:00:00,,,1
HIST25_1046,0513986,Factura,Alsuper,Alsuper,2025-03-28,833.45,0,833.45,Tarjeta,Adquisición de mercancias,Pagado,,0,Pendiente,,2025-03-28T12:00:00,,,1
HIST25_1047,5702,Factura,Balatas y Embragues,Balatas y Embragues,2025-03-28,1824.68,0,1824.68,Tarjeta,Gastos en General,Pagado,,0,Pendiente,,2025-03-28T12:00:00,,,1
HIST25_1048,101522,Factura,Diplas / Hector A Portillo (20 días),Diplas / Hector A Portillo (20 días),2025-03-27,2994.39,0,2994.39,Transferencia,Gastos en General,Pagado,2025-04-16,20,Pendiente,,2025-03-27T12:00:00,,,1
HIST25_1049,0047724,Factura,Alsuper,Alsuper,2025-03-26,74.82,0,74.82,Tarjeta,Adquisición de mercancias,Pagado,,0,Pendiente,,2025-03-26T12:00:00,,,1
HIST25_1050,0047723,Factura,Alsuper,Alsuper,2025-03-26,18.9,0,18.9,Tarjeta,Gastos en General,Pagado,,0,Pendiente,,2025-03-26T12:00:00,,,1
HIST25_1051,91754,Factura,SUKARNE,SUKARNE,2025-03-26,5254.6,0,5254.6,Tarjeta,Adquisición de mercancias,Pagado,,0,Pendiente,,2025-03-26T12:00:00,,,1
HIST25_1052,0115058,Factura,Alsuper,Alsuper,2025-03-26,65.63,0,65.63,Tarjeta,Adquisición de mercancias,Pagado,,0,Pendiente,,2025-03-26T12:00:00,,,1
HIST25_1053,22/03/25,Factura,HOME DEPOT,HOME DEPOT,2025-03-22,495.54,0,495.54,Tarjeta,Gastos en General,Pagado,,0,Pendiente,,2025-03-22T12:00:00,,,1
HIST25_1054,22/03/25,Factura,HOME DEPOT,HOME DEPOT,2025-03-22,480.2,0,480.2,Tarjeta,Gastos en General,Pagado,,0,Pendiente,,2025-03-22T12:00:00,,,1
HIST25_1055,25/03/25,Factura,HOME DEPOT,HOME DEPOT,2025-03-25,13665.99,0,13665.99,Tarjeta,Gastos en General,Pagado,,0,Pendiente,,2025-03-25T12:00:00,,,1
HIST25_1056,29658,Factura,Bordados Gardea,Bordados Gardea,2025-03-26,2118.16,0,2118.16,Tarjeta,Gastos en General,Pagado,,0,Pendiente,,2025-03-26T12:00:00,,,1
HIST25_1057,12426,Factura,CILINDROS Y EQUIPOS PARA GAS DE CHIHUAHUA,CILINDROS Y EQUIPOS PARA GAS DE CHIHUAHUA,2025-03-18,600.0,0,600.0,Tarjeta,Gastos en General,Pagado,,0,Pendiente,,2025-03-18T12:00:00,,,1
HIST25_1058,70545,Remisión,DIPACSA (7 días),DIPACSA (7 días),2025-03-10,904.0,0,904.0,Transferencia,Adquisición de mercancias,Pagado,2025-04-02,23,Pendiente,,2025-03-10T12:00:00,,,1
HIST25_1059,70687,Factura,DIPACSA (7 días),DIPACSA (7 días),2025-03-29,904.0,0,904.0,Transferencia,Adquisición de mercancias,Pagado,2025-04-03,5,Pendiente,,2025-03-29T12:00:00,,,1
HIST25_1060,28716,Factura,Colesa (7 días),Colesa (7 días),2025-03-29,1829.86,0,1829.86,Transferencia,Adquisición de mercancias,Pagado,2025-04-03,5,Pendiente,,2025-03-29T12:00:00,,,1
HIST25_1061,702469,Factura,Casa Reza (7 días),Casa Reza (7 días),2025-03-28,3880.0,0,3880.0,Transferencia,Adquisición de mercancias,Pagado,2025-04-02,5,Pendiente,,2025-03-28T12:00:00,,,1
HIST25_1062,91872,Factura,SUKARNE,SUKARNE,2025-03-29,4082.5,0,4082.5,Tarjeta,Adquisición de mercancias,Pagado,,0,Pendiente,,2025-03-29T12:00:00,,,1
HIST25_1063,2775119,Factura,Alsuper,Alsuper,2025-03-29,426.83,0,426.83,Tarjeta,Adquisición de mercancias,Pagado,,0,Pendiente,,2025-03-29T12:00:00,,,1
HIST25_1064,0272,Remisión,NARANJA Y LIMÓN (7 DÍAS),NARANJA Y LIMÓN (7 DÍAS),2025-03-31,1185.0,0,1185.0,Transferencia,Adquisición de mercancias,Pagado,2025-04-05,5,Pendiente,,2025-03-31T12:00:00,,,1
HIST25_1065,149643,Factura,Abarrotes Inst. (7 días),Abarrotes Inst. (7 días),2025-03-31,3059.09,0,3059.09,Transferencia,Adquisición de mercancias,Pagado,2025-04-05,5,Pendiente,,2025-03-31T12:00:00,,,1
HIST25_1066,37355290,Factura,Bachoco,Bachoco,2025-03-31,16146.41,0,16146.41,Tarjeta,Adquisición de mercancias,Pagado,,0,Pendiente,,2025-03-31T12:00:00,,,1
HIST25_1067,2662102,Factura,Colesa (7 días),Colesa (7 días),2025-03-28,1185.1,0,1185.1,Transferencia,Adquisición de mercancias,Pagado,2025-04-04,7,Pendiente,,2025-03-28T12:00:00,,,1
HIST25_1068,20668,Factura,Quesos y + Quesos / Armando Villanueva (7 días),Quesos y + Quesos / Armando Villanueva (7 días),2025-03-31,2556.8,0,2556.8,Transferencia,Adquisición de mercancias,Pagado,2025-04-05,5,Pendiente,,2025-03-31T12:00:00,,,1
HIST25_1069,28750,Factura,Colesa (7 días),Colesa (7 días),2025-03-31,590.8,0,590.8,Transferencia,Adquisición de mercancias,Pagado,2025-04-05,5,Pendiente,,2025-03-31T12:00:00,,,1
HIST25_1070,28752,Factura,Colesa (7 días),Colesa (7 días),2025-03-31,248.4,0,248.4,Transferencia,Adquisición de mercancias,Pagado,2025-04-05,5,Pendiente,,2025-03-31T12:00:00,,,1
HIST25_1071,022057,Factura,INIX COMERCIAL (20 DÍAS),INIX COMERCIAL (20 DÍAS),2025-03-31,3491.78,0,3491.78,Transferencia,Adquisición de mercancias,Pagado,2025-04-20,20,Pendiente,,2025-03-31T12:00:00,,,1
HIST25_1072,64470,Factura,EMPAQUES Y ENVASES/JOSE LUIS MORALES GARCIA (7 días),EMPAQUES Y ENVASES/JOSE LUIS MORALES GARCIA (7 días),2025-04-01,1359.9,0,1359.9,Transferencia,Gastos en General,Pagado,2025-04-06,5,Pendiente,,2025-04-01T12:00:00,,,1
HIST25_1073,2745,Factura,Paser / Araceli V. Padilla (14 dias),Paser / Araceli V. Padilla (14 dias),2025-04-01,827.5,0,827.5,Transferencia,Adquisición de mercancias,Pagado,2025-04-15,14,Pendiente,,2025-04-01T12:00:00,,,1
HIST25_1074,68537,Factura,PROMAR DEL NORTE (14 DÍAS),PROMAR DEL NORTE (14 DÍAS),2025-04-01,4386.7,0,4386.7,Transferencia,Adquisición de mercancias,Pagado,2025-04-15,14,Pendiente,,2025-04-01T12:00:00,,,1
HIST25_1075,70750,Factura,DIPACSA (7 días),DIPACSA (7 días),2025-04-01,2688.0,0,2688.0,Transferencia,Adquisición de mercancias,Pagado,2025-04-06,5,Pendiente,,2025-04-01T12:00:00,,,1
HIST25_1076,149688,Factura,Abarrotes Inst. (7 días),Abarrotes Inst. (7 días),2025-04-01,986.8,0,986.8,Transferencia,Adquisición de mercancias,Pagado,2025-04-06,5,Pendiente,,2025-04-01T12:00:00,,,1
HIST25_1077,267753,Factura,MEDFRUT (7 DÍAS),MEDFRUT (7 DÍAS),2025-04-01,280.0,0,280.0,Transferencia,Adquisición de mercancias,Pagado,2025-04-06,5,Pendiente,,2025-04-01T12:00:00,,,1
HIST25_1078,022058,Factura,INIX COMERCIAL (20 DÍAS),INIX COMERCIAL (20 DÍAS),2025-04-01,1217.72,0,1217.72,Transferencia,Gastos en General,Pagado,2025-04-21,20,Pendiente,,2025-04-01T12:00:00,,,1
HIST25_1079,5003,Factura,Que Pescados!,Que Pescados!,2025-04-01,1275.0,0,1275.0,Tarjeta,Adquisición de mercancias,Pagado,,0,Pendiente,,2025-04-01T12:00:00,,,1
HIST25_1080,91949,Factura,SUKARNE,SUKARNE,2025-04-01,4584.8,0,4584.8,Tarjeta,Adquisición de mercancias,Pagado,,0,Pendiente,,2025-04-01T12:00:00,,,1
HIST25_1081,33518,Factura,SUKARNE,SUKARNE,2025-04-01,4769.6,0,4769.6,Tarjeta,Adquisición de mercancias,Pagado,,0,Pendiente,,2025-04-01T12:00:00,,,1
HIST25_1082,1599387,Factura,Alsuper,Alsuper,2025-04-01,108.53,0,108.53,Tarjeta,Adquisición de mercancias,Pagado,,0,Pendiente,,2025-04-01T12:00:00,,,1
HIST25_1083,2728,Factura,Paser / Araceli V. Padilla (14 dias),Paser / Araceli V. Padilla (14 dias),2025-03-28,827.5,0,827.5,Transferencia,Adquisición de mercancias,Pagado,2025-04-10,13,Pendiente,,2025-03-28T12:00:00,,,1
HIST25_1084,59576,Factura,KEY QUÍMICA (14 DÍAS),KEY QUÍMICA (14 DÍAS),2025-04-01,696.0,0,696.0,Transferencia,Gastos en General,Pagado,2025-04-16,15,Pendiente,,2025-04-01T12:00:00,,,1
HIST25_1085,#FACTURA,Factura,SORIANA,SORIANA,2025-03-28,93.34,0,93.34,Tarjeta,Adquisición de mercancias,Pagado,,0,No aplíca,,2025-03-28T12:00:00,,,1
HIST25_1086,#FACTURA,Factura,City Club,City Club,2025-03-29,658.1,0,658.1,Tarjeta,Adquisición de mercancias,Pagado,,0,No aplíca,,2025-03-29T12:00:00,,,1
HIST25_1087,55357,Factura,EMPAQUES Y ENVASES/JOSE LUIS MORALES GARCIA (7 días),EMPAQUES Y ENVASES/JOSE LUIS MORALES GARCIA (7 días),2025-03-31,875.01,0,875.01,Transferencia,Gastos en General,Pagado,2025-04-05,5,Pendiente,,2025-03-31T12:00:00,,,1
HIST25_1088,#FACTURA,Factura,Costco,Costco,2025-03-27,364.0,0,364.0,Tarjeta,Adquisición de mercancias,Pagado,,0,No aplíca,,2025-03-27T12:00:00,,,1
HIST25_1089,422,Factura,SURTIDORA BOTANAS (7 DÍAS),SURTIDORA BOTANAS (7 DÍAS),2025-03-31,992.74,0,992.74,Transferencia,Adquisición de mercancias,Pagado,2025-04-05,5,Pendiente,,2025-03-31T12:00:00,,,1
HIST25_1090,#FACTURA,Factura,WALMART,WALMART,2025-03-29,124.0,0,124.0,Tarjeta,Adquisición de mercancias,Pagado,,0,No aplíca,,2025-03-29T12:00:00,,,1
HIST25_1091,#FACTURA,Factura,Alsuper,Alsuper,2025-03-27,314.3,0,314.3,Tarjeta,Adquisición de mercancias,Pagado,,0,No aplíca,,2025-03-27T12:00:00,,,1
HIST25_1092,267635,Factura,MEDFRUT (7 DÍAS),MEDFRUT (7 DÍAS),2025-03-31,1100.0,0,1100.0,Transferencia,Adquisición de mercancias,Pagado,2025-04-05,5,Pendiente,,2025-03-31T12:00:00,,,1
HIST25_1093,5080,Factura,SURTIDORA BOTANAS (7 DÍAS),SURTIDORA BOTANAS (7 DÍAS),2025-03-28,125.44,0,125.44,Tarjeta,Adquisición de mercancias,Pagado,,0,No aplíca,,2025-03-28T12:00:00,,,1
HIST25_1094,#FACTURA,Factura,Sam's Club,Sam's Club,2025-03-27,398.0,0,398.0,Tarjeta,Adquisición de mercancias,Pagado,,0,No aplíca,,2025-03-27T12:00:00,,,1
HIST25_1095,126487,Factura,EMPAQUES Y ENVASES/JOSE LUIS MORALES GARCIA (7 días),EMPAQUES Y ENVASES/JOSE LUIS MORALES GARCIA (7 días),2025-03-29,315.0,0,315.0,Tarjeta,Gastos en General,Pagado,,0,Pendiente,,2025-03-29T12:00:00,,,1
HIST25_1096,#FACTURA,Factura,Sam's Club,Sam's Club,2025-03-27,998.58,0,998.58,Tarjeta,Adquisición de mercancias,Pagado,,0,No aplíca,,2025-03-27T12:00:00,,,1
HIST25_1097,#FACTURA,Factura,Gelos Market,Gelos Market,2025-03-27,30.9,0,30.9,Tarjeta,Adquisición de mercancias,Pagado,,0,No aplíca,,2025-03-27T12:00:00,,,1
HIST25_1098,#FACTURA,Factura,Sam's Club,Sam's Club,2025-03-27,1819.0,0,1819.0,Tarjeta,Adquisición de mercancias,Pagado,,0,No aplíca,,2025-03-27T12:00:00,,,1
HIST25_1099,342298,Factura,Casa Myers,Casa Myers,2025-03-29,777.17,0,777.17,Tarjeta,Gastos en General,Pagado,,0,Pendiente,,2025-03-29T12:00:00,,,1
HIST25_1100,#FACTURA,Factura,Alsuper,Alsuper,2025-03-31,168.5,0,168.5,Tarjeta,Adquisición de mercancias,Pagado,,0,No aplíca,,2025-03-31T12:00:00,,,1
HIST25_1101,91918,Factura,SUKARNE,SUKARNE,2025-03-31,3917.6,0,3917.6,Tarjeta,Adquisición de mercancias,Pagado,,0,Pendiente,,2025-03-31T12:00:00,,,1
HIST25_1102,91917,Factura,SUKARNE,SUKARNE,2025-03-31,3885.7,0,3885.7,Tarjeta,Adquisición de mercancias,Pagado,,0,Pendiente,,2025-03-31T12:00:00,,,1
HIST25_1103,28-03-25,Factura,La Espiga Dorada  / JUAN MANUEL CASTRO (7 días),La Espiga Dorada  / JUAN MANUEL CASTRO (7 días),2025-03-28,660.0,0,660.0,Transferencia,Adquisición de mercancias,Pagado,2025-04-02,5,Pendiente,,2025-03-28T12:00:00,,,1
HIST25_1104,27-03-25,Factura,Sal de mar/ Celia i. Germes,Sal de mar/ Celia i. Germes,2025-04-01,400.0,0,400.0,Transferencia,Adquisición de mercancias,Pagado,2025-04-02,1,Pendiente,,2025-04-01T12:00:00,,,1
HIST25_1105,37373570,Factura,Bachoco,Bachoco,2025-04-02,14961.04,0,14961.04,Tarjeta,Adquisición de mercancias,Pagado,,0,Pendiente,,2025-04-02T12:00:00,,,1
HIST25_1106,02/04/25,Factura,Salsa La Moncha / Janeth Gonzalez (14 días),Salsa La Moncha / Janeth Gonzalez (14 días),2025-04-02,613.0,0,613.0,Transferencia,Adquisición de mercancias,Pagado,2025-04-14,12,Pendiente,,2025-04-02T12:00:00,,,1
HIST25_1107,28/03/25,Factura,La Espiga Dorada  / JUAN MANUEL CASTRO (7 días),La Espiga Dorada  / JUAN MANUEL CASTRO (7 días),2025-03-28,660.0,0,660.0,Transferencia,Adquisición de mercancias,Pagado,2025-04-02,5,Pendiente,,2025-03-28T12:00:00,,,1
HIST25_1108,0420171,Factura,Alsuper,Alsuper,2025-04-02,116.51,0,116.51,Tarjeta,Adquisición de mercancias,Pagado,,0,Pendiente,,2025-04-02T12:00:00,,,1
HIST25_1109,0191244,Factura,Alsuper,Alsuper,2025-04-02,99.25,0,99.25,Tarjeta,Adquisición de mercancias,Pagado,,0,Pendiente,,2025-04-02T12:00:00,,,1
HIST25_1110,0517073,Factura,Alsuper,Alsuper,2025-04-02,126.81,0,126.81,Tarjeta,Adquisición de mercancias,Pagado,,0,Pendiente,,2025-04-02T12:00:00,,,1
HIST25_1111,91983,Factura,SUKARNE,SUKARNE,2025-04-02,5065.5,0,5065.5,Tarjeta,Adquisición de mercancias,Pagado,,0,Pendiente,,2025-04-02T12:00:00,,,1
HIST25_1112,t,Factura,Sam's Club,Sam's Club,2025-03-31,432.0,0,432.0,Tarjeta,Adquisición de mercancias,Pagado,,0,Pendiente,,2025-03-31T12:00:00,,,1
HIST25_1113,t,Factura,Sam's Club,Sam's Club,2025-03-31,1330.0,0,1330.0,Tarjeta,Adquisición de mercancias,Pagado,,0,Pendiente,,2025-03-31T12:00:00,,,1
HIST25_1114,59655,Factura,KEY QUÍMICA (14 DÍAS),KEY QUÍMICA (14 DÍAS),2025-04-01,1053.28,0,1053.28,Transferencia,Gastos en General,Pagado,2025-04-16,15,Pendiente,,2025-04-01T12:00:00,,,1
HIST25_1115,022076,Factura,INIX COMERCIAL (20 DÍAS),INIX COMERCIAL (20 DÍAS),2025-04-02,803.51,0,803.51,Transferencia,Gastos en General,Pagado,2025-04-22,20,Pendiente,,2025-04-02T12:00:00,,,1
HIST25_1116,86155,Factura,Plastiproductos del Norte,Plastiproductos del Norte,2025-04-01,825.6,0,825.6,Tarjeta,Gastos en General,Pagado,,0,No aplíca,,2025-04-01T12:00:00,,,1
HIST25_1117,T,Factura,City Club,City Club,2025-04-01,320.0,0,320.0,Tarjeta,Adquisición de mercancias,Pagado,,0,Pendiente,,2025-04-01T12:00:00,,,1
HIST25_1118,#FACTURA,Factura,Inbursa,Inbursa,2025-03-27,15888.52,0,15888.52,Transferencia,Gastos en General,Pagado,2025-09-20,177,Pendiente,,2025-03-27T12:00:00,,,1
HIST25_1119,#FACTURA,Factura,Chubb Seguros México,Chubb Seguros México,2025-03-28,8211.17,0,8211.17,Transferencia,Gastos en General,Pagado,2025-04-03,6,Pendiente,,2025-03-28T12:00:00,,,1
HIST25_1120,t,Factura,City Club,City Club,2025-04-01,118.15,0,118.15,Tarjeta,Gastos en General,Pagado,,0,Pendiente,,2025-04-01T12:00:00,,,1
HIST25_1121,#FACTURA,Factura,Chubb Seguros México,Chubb Seguros México,2025-09-28,7689.34,0,7689.34,Transferencia,Gastos en General,Pagado,2025-09-20,0,Pendiente,,2025-09-28T12:00:00,,,1
HIST25_1122,01/04/25,Factura,Dumbo / Diana Silva Ponce (12 días),Dumbo / Diana Silva Ponce (12 días),2025-04-01,670.0,0,670.0,Transferencia,Adquisición de mercancias,Pagado,2025-04-06,5,Pendiente,,2025-04-01T12:00:00,,,1
HIST25_1123,4199,Factura,Ma Eugenia Payan / Tortillas (14 días),Ma Eugenia Payan / Tortillas (14 días),2025-03-31,4872.0,0,4872.0,Transferencia,Adquisición de mercancias,Pagado,2025-04-14,14,Pendiente,,2025-03-31T12:00:00,,,1
HIST25_1124,594168,Remisión,Productos Lácteos Los Pinos (7 DÍAS),Productos Lácteos Los Pinos (7 DÍAS),2025-04-03,518.0,0,518.0,Transferencia,Adquisición de mercancias,Pagado,2025-04-08,5,Pendiente,,2025-04-03T12:00:00,,,1
HIST25_1125,1112,Factura,La Cosecha / Guadalupe Caro S. (14 días),La Cosecha / Guadalupe Caro S. (14 días),2025-04-02,1365.0,0,1365.0,Transferencia,Adquisición de mercancias,Pagado,2025-04-16,14,Pendiente,,2025-04-02T12:00:00,,,1
HIST25_1126,68572,Factura,PROMAR DEL NORTE (14 DÍAS),PROMAR DEL NORTE (14 DÍAS),2025-04-03,4350.65,0,4350.65,Transferencia,Adquisición de mercancias,Pagado,2025-04-17,14,Pendiente,,2025-04-03T12:00:00,,,1
HIST25_1127,14019,Factura,Colesa (7 días),Colesa (7 días),2025-04-03,1075.7,0,1075.7,Transferencia,Adquisición de mercancias,Pagado,2025-04-08,5,Pendiente,,2025-04-03T12:00:00,,,1
HIST25_1128,41634,Factura,"AGYDSA ""Aceite"" (7 días)","AGYDSA ""Aceite"" (7 días)",2025-04-03,2100.0,0,2100.0,Transferencia,Gastos en General,Pagado,2025-04-08,5,Pendiente,,2025-04-03T12:00:00,,,1
HIST25_1129,70793,Factura,DIPACSA (7 días),DIPACSA (7 días),2025-04-03,1808.0,0,1808.0,Transferencia,Adquisición de mercancias,Pagado,2025-04-08,5,Pendiente,,2025-04-03T12:00:00,,,1
HIST25_1130,2751,Factura,Paser / Araceli V. Padilla (14 dias),Paser / Araceli V. Padilla (14 dias),2025-04-03,1655.0,0,1655.0,Transferencia,Adquisición de mercancias,Pagado,2025-04-17,14,Pendiente,,2025-04-03T12:00:00,,,1
HIST25_1131,30,Factura,Carmen Ortega P. / Salsa Macha Pepis (14 días),Carmen Ortega P. / Salsa Macha Pepis (14 días),2025-04-02,1440.0,0,1440.0,Transferencia,Adquisición de mercancias,Pagado,2025-04-16,14,Pendiente,,2025-04-02T12:00:00,,,1
HIST25_1132,92024,Factura,SUKARNE,SUKARNE,2025-04-03,3798.3,0,3798.3,Tarjeta,Adquisición de mercancias,Pagado,,0,Pendiente,,2025-04-03T12:00:00,,,1
HIST25_1133,92025,Factura,SUKARNE,SUKARNE,2025-04-03,3670.1,0,3670.1,Tarjeta,Adquisición de mercancias,Pagado,,0,Pendiente,,2025-04-03T12:00:00,,,1
HIST25_1134,31203,Factura,HOME DEPOT,HOME DEPOT,2025-04-02,7599.0,0,7599.0,Tarjeta,Gastos en General,Pagado,,0,Pendiente,,2025-04-02T12:00:00,,,1
HIST25_1135,t,Factura,WALMART,WALMART,2025-04-03,76.0,0,76.0,Tarjeta,Gastos en General,Pagado,,0,Pendiente,,2025-04-03T12:00:00,,,1
HIST25_1136,37390071,Factura,Bachoco,Bachoco,2025-04-04,21810.53,0,21810.53,Tarjeta,Adquisición de mercancias,Pagado,,0,Pendiente,,2025-04-04T12:00:00,,,1
HIST25_1137,0517834,Factura,Alsuper,Alsuper,2025-04-03,35.8,0,35.8,Tarjeta,Adquisición de mercancias,Pagado,,0,Pendiente,,2025-04-03T12:00:00,,,1
HIST25_1138,0088348,Factura,Alsuper,Alsuper,2025-04-04,37.8,0,37.8,Tarjeta,Gastos en General,Pagado,,0,Pendiente,,2025-04-04T12:00:00,,,1
HIST25_1139,0134290,Factura,Alsuper,Alsuper,2025-04-04,299.9,0,299.9,Tarjeta,Gastos en General,Pagado,,0,Pendiente,,2025-04-04T12:00:00,,,1
HIST25_1140,0088349,Factura,Alsuper,Alsuper,2025-04-04,281.4,0,281.4,Tarjeta,Adquisición de mercancias,Pagado,,0,Pendiente,,2025-04-04T12:00:00,,,1
HIST25_1141,92055,Factura,SUKARNE,SUKARNE,2025-04-04,4415.4,0,4415.4,Tarjeta,Adquisición de mercancias,Pagado,,0,Pendiente,,2025-04-04T12:00:00,,,1
HIST25_1142,342603,Factura,Casa Myers,Casa Myers,2025-04-03,104.11,0,104.11,Tarjeta,Gastos en General,Pagado,,0,Pendiente,,2025-04-03T12:00:00,,,1
HIST25_1143,14096,Factura,Colesa (7 días),Colesa (7 días),2025-04-04,1229.8,0,1229.8,Transferencia,Adquisición de mercancias,Pagado,2025-04-09,5,Pendiente,,2025-04-04T12:00:00,,,1
HIST25_1144,022114,Factura,INIX COMERCIAL (20 DÍAS),INIX COMERCIAL (20 DÍAS),2025-04-05,1527.01,0,1527.01,Transferencia,Gastos en General,Pagado,2025-04-25,20,Pendiente,,2025-04-05T12:00:00,,,1
HIST25_1145,68610,Factura,PROMAR DEL NORTE (14 DÍAS),PROMAR DEL NORTE (14 DÍAS),2025-04-05,4115.8,0,4115.8,Transferencia,Adquisición de mercancias,Pagado,2025-04-19,14,Pendiente,,2025-04-05T12:00:00,,,1
HIST25_1146,150001,Factura,Abarrotes Inst. (7 días),Abarrotes Inst. (7 días),2025-04-05,1536.06,0,1536.06,Transferencia,Adquisición de mercancias,Pagado,2025-04-10,5,Pendiente,,2025-04-05T12:00:00,,,1
HIST25_1147,14169,Factura,Colesa (7 días),Colesa (7 días),2025-04-05,1954.75,0,1954.75,Transferencia,Adquisición de mercancias,Pagado,2025-04-10,5,Pendiente,,2025-04-05T12:00:00,,,1
HIST25_1148,92089,Factura,SUKARNE,SUKARNE,2025-04-05,4054.7,0,4054.7,Tarjeta,Adquisición de mercancias,Pagado,,0,Pendiente,,2025-04-05T12:00:00,,,1
HIST25_1149,92088,Factura,SUKARNE,SUKARNE,2025-04-05,3533.9,0,3533.9,Tarjeta,Adquisición de mercancias,Pagado,,0,Pendiente,,2025-04-05T12:00:00,,,1
HIST25_1150,92054,Factura,SUKARNE,SUKARNE,2025-04-04,3918.5,0,3918.5,Tarjeta,Adquisición de mercancias,Pagado,,0,Pendiente,,2025-04-04T12:00:00,,,1
HIST25_1151,0084596,Factura,Alsuper,Alsuper,2025-04-05,149.4,0,149.4,Tarjeta,Adquisición de mercancias,Pagado,,0,Pendiente,,2025-04-05T12:00:00,,,1
HIST25_1152,0192977,Factura,Alsuper,Alsuper,2025-04-05,35.96,0,35.96,Tarjeta,Adquisición de mercancias,Pagado,,0,Pendiente,,2025-04-05T12:00:00,,,1
HIST25_1153,0192972,Factura,Alsuper,Alsuper,2025-04-05,183.13,0,183.13,Tarjeta,Adquisición de mercancias,Pagado,,0,Pendiente,,2025-04-05T12:00:00,,,1
HIST25_1154,0518396,Factura,Alsuper,Alsuper,2025-04-04,110.52,0,110.52,Tarjeta,Adquisición de mercancias,Pagado,,0,Pendiente,,2025-04-04T12:00:00,,,1
HIST25_1155,02abr25,Factura,La Espiga Dorada  / JUAN MANUEL CASTRO (7 días),La Espiga Dorada  / JUAN MANUEL CASTRO (7 días),2025-04-02,1100.0,0,1100.0,Transferencia,Adquisición de mercancias,Pagado,2025-04-08,6,Pendiente,,2025-04-02T12:00:00,,,1
HIST25_1156,#FACTURA,,NOMINA,NOMINA,2025-03-28,22689.0,0,22689.0,Transferencia,Gastos en General,Pagado,2025-04-04,7,Pendiente,,2025-03-28T12:00:00,,,1
HIST25_1157,#FACTURA,,PENSIÓN ALIMENTICIA,PENSIÓN ALIMENTICIA,2025-04-03,866.12,0,866.12,Transferencia,Gastos en General,Pagado,2025-04-04,1,Pendiente,,2025-04-03T12:00:00,,,1
HIST25_1158,#FACTURA,,SODEXO,SODEXO,2025-04-03,2922.43,0,2922.43,Transferencia,Gastos en General,Pagado,,0,Pendiente,,2025-04-03T12:00:00,,,1
HIST25_1159,138406,Factura,Abarrotes Inst. (7 días),Abarrotes Inst. (7 días),2025-04-07,1850.78,0,1850.78,Transferencia,Adquisición de mercancias,Pagado,2025-04-12,5,Pendiente,,2025-04-07T12:00:00,,,1
HIST25_1160,37408983,Factura,Bachoco,Bachoco,2025-04-07,16840.89,0,16840.89,Tarjeta,Adquisición de mercancias,Pagado,,0,Pendiente,,2025-04-07T12:00:00,,,1
HIST25_1161,4313,Factura,Electro Vim,Electro Vim,2025-04-07,1136.8,0,1136.8,Tarjeta,Gastos en General,Pagado,,0,Pendiente,,2025-04-07T12:00:00,,,1
HIST25_1162,477,Factura,SURTIDORA BOTANAS (7 DÍAS),SURTIDORA BOTANAS (7 DÍAS),2025-04-07,1108.38,0,1108.38,Transferencia,Adquisición de mercancias,Pagado,2025-04-12,5,Pendiente,,2025-04-07T12:00:00,,,1
HIST25_1163,013,Remisión,Frijol / Gozalo Gallegos /Empacadora Chih  (7 días),Frijol / Gozalo Gallegos /Empacadora Chih  (7 días),2025-04-07,1215.0,0,1215.0,Transferencia,Adquisición de mercancias,Pagado,2025-04-12,5,Pendiente,,2025-04-07T12:00:00,,,1
HIST25_1164,70898,Factura,DIPACSA (7 días),DIPACSA (7 días),2025-04-07,904.0,0,904.0,Transferencia,Adquisición de mercancias,Pagado,2025-04-12,5,Pendiente,,2025-04-07T12:00:00,,,1
HIST25_1165,022124,Factura,INIX COMERCIAL (20 DÍAS),INIX COMERCIAL (20 DÍAS),2025-04-07,1451.93,0,1451.93,Transferencia,Gastos en General,Pagado,2025-04-27,20,Pendiente,,2025-04-07T12:00:00,,,1
HIST25_1166,04/04/25,Factura,Dumbo / Diana Silva Ponce (12 días),Dumbo / Diana Silva Ponce (12 días),2025-04-04,480.0,0,480.0,Transferencia,Adquisición de mercancias,Pagado,2025-04-09,5,Pendiente,,2025-04-04T12:00:00,,,1
HIST25_1167,64657,Remisión,EMPAQUES Y ENVASES/JOSE LUIS MORALES GARCIA (7 días),EMPAQUES Y ENVASES/JOSE LUIS MORALES GARCIA (7 días),2025-04-08,683.0,0,683.0,Transferencia,Gastos en General,Pagado,2025-04-13,5,Pendiente,,2025-04-08T12:00:00,,,1
HIST25_1168,68655,Factura,PROMAR DEL NORTE (14 DÍAS),PROMAR DEL NORTE (14 DÍAS),2025-04-08,2610.5,0,2610.5,Transferencia,Adquisición de mercancias,Pagado,2025-04-22,14,Pendiente,,2025-04-08T12:00:00,,,1
HIST25_1169,102006,Factura,Diplas / Hector A Portillo (20 días),Diplas / Hector A Portillo (20 días),2025-04-08,2843.63,0,2843.63,Transferencia,Gastos en General,Pagado,2025-04-28,20,Pendiente,,2025-04-08T12:00:00,,,1
HIST25_1170,268458,Factura,MEDFRUT (7 DÍAS),MEDFRUT (7 DÍAS),2025-04-08,633.6,0,633.6,Transferencia,Adquisición de mercancias,Pagado,2025-04-13,5,Pendiente,,2025-04-08T12:00:00,,,1
HIST25_1171,4200,Factura,Ma Eugenia Payan / Tortillas (14 días),Ma Eugenia Payan / Tortillas (14 días),2025-04-08,2499.0,0,2499.0,Transferencia,Adquisición de mercancias,Pagado,2025-04-22,14,Pendiente,,2025-04-08T12:00:00,,,1
HIST25_1172,268378,Factura,MEDFRUT (7 DÍAS),MEDFRUT (7 DÍAS),2025-04-07,948.0,0,948.0,Transferencia,Adquisición de mercancias,Pagado,2025-04-12,5,Pendiente,,2025-04-07T12:00:00,,,1
HIST25_1173,70918,Factura,DIPACSA (7 días),DIPACSA (7 días),2025-04-08,1739.0,0,1739.0,Transferencia,Adquisición de mercancias,Pagado,2025-04-13,5,Pendiente,,2025-04-08T12:00:00,,,1
HIST25_1174,#FACTURA,Factura,Alsuper,Alsuper,2025-04-07,427.06,0,427.06,Tarjeta,Adquisición de mercancias,Pagado,,0,No aplíca,,2025-04-07T12:00:00,,,1
HIST25_1175,#FACTURA,Factura,Alsuper,Alsuper,2025-04-08,442.01,0,442.01,Tarjeta,Adquisición de mercancias,Pagado,,0,No aplíca,,2025-04-08T12:00:00,,,1
HIST25_1176,28255,Factura,SUKARNE,SUKARNE,2025-04-08,3710.7,0,3710.7,Tarjeta,Adquisición de mercancias,Pagado,,0,No aplíca,,2025-04-08T12:00:00,,,1
HIST25_1177,28256,Factura,SUKARNE,SUKARNE,2025-04-08,4280.3,0,4280.3,Tarjeta,Adquisición de mercancias,Pagado,,0,No aplíca,,2025-04-08T12:00:00,,,1
HIST25_1178,#FACTURA,Factura,Materiales Américas,Materiales Américas,2025-04-01,749.94,0,749.94,Tarjeta,Gastos en General,Pagado,,0,No aplíca,,2025-04-01T12:00:00,,,1
HIST25_1179,#FACTURA,Factura,HOME DEPOT,HOME DEPOT,2025-04-05,120.93,0,120.93,Tarjeta,Gastos en General,Pagado,,0,No aplíca,,2025-04-05T12:00:00,,,1
HIST25_1180,#FACTURA,Factura,HOME DEPOT,HOME DEPOT,2025-04-05,82.12,0,82.12,Tarjeta,Gastos en General,Pagado,,0,No aplíca,,2025-04-05T12:00:00,,,1
HIST25_1181,#FACTURA,Factura,Sam's Club,Sam's Club,2025-04-03,1446.97,0,1446.97,Tarjeta,Adquisición de mercancias,Pagado,,0,No aplíca,,2025-04-03T12:00:00,,,1
HIST25_1182,#FACTURA,Factura,Sam's Club,Sam's Club,2025-04-02,1470.71,0,1470.71,Tarjeta,Adquisición de mercancias,Pagado,,0,No aplíca,,2025-04-02T12:00:00,,,1
HIST25_1183,#FACTURA,Factura,Sam's Club,Sam's Club,2025-04-05,1762.0,0,1762.0,Tarjeta,Adquisición de mercancias,Pagado,,0,No aplíca,,2025-04-05T12:00:00,,,1
HIST25_1184,#FACTURA,Factura,Sam's Club,Sam's Club,2025-04-01,1147.0,0,1147.0,Tarjeta,Adquisición de mercancias,Pagado,,0,No aplíca,,2025-04-01T12:00:00,,,1
HIST25_1185,#FACTURA,Factura,Sam's Club,Sam's Club,2025-04-04,995.0,0,995.0,Tarjeta,Adquisición de mercancias,Pagado,,0,No aplíca,,2025-04-04T12:00:00,,,1
HIST25_1186,#FACTURA,Factura,Costco,Costco,2025-04-03,959.38,0,959.38,Tarjeta,Adquisición de mercancias,Pagado,,0,No aplíca,,2025-04-03T12:00:00,,,1
HIST25_1187,#FACTURA,Factura,Costco,Costco,2025-04-02,690.73,0,690.73,Tarjeta,Gastos en General,Pagado,,0,No aplíca,,2025-04-02T12:00:00,,,1
HIST25_1188,#FACTURA,Factura,Costco,Costco,2025-04-01,428.67,0,428.67,Tarjeta,Gastos en General,Pagado,,0,No aplíca,,2025-04-01T12:00:00,,,1
HIST25_1189,#FACTURA,Factura,Costco,Costco,2025-04-02,405.0,0,405.0,Tarjeta,Adquisición de mercancias,Pagado,,0,No aplíca,,2025-04-02T12:00:00,,,1
HIST25_1190,#FACTURA,Factura,Alsuper,Alsuper,2025-04-07,342.15,0,342.15,Tarjeta,Adquisición de mercancias,Pagado,,0,No aplíca,,2025-04-07T12:00:00,,,1
HIST25_1191,28245,Factura,SUKARNE,SUKARNE,2025-04-07,4818.3,0,4818.3,Tarjeta,Adquisición de mercancias,Pagado,,0,No aplíca,,2025-04-07T12:00:00,,,1
HIST25_1192,#FACTURA,Factura,Agro Chimayo,Agro Chimayo,2025-03-25,2825.0,0,2825.0,Tarjeta,Gastos en General,Pagado,,0,No aplíca,,2025-03-25T12:00:00,,,1
HIST25_1193,11206841,Factura,Harinas (comida pollo),Harinas (comida pollo),2025-04-04,1140.0,0,1140.0,Tarjeta,Adquisición de mercancias,Pagado,,0,No aplíca,,2025-04-04T12:00:00,,,1
HIST25_1194,9684,Factura,Granjero del Norte,Granjero del Norte,2025-04-04,2500.0,0,2500.0,Tarjeta,Adquisición de mercancias,Pagado,,0,No aplíca,,2025-04-04T12:00:00,,,1
HIST25_1195,126834,Factura,EMPAQUES Y ENVASES/JOSE LUIS MORALES GARCIA (7 días),EMPAQUES Y ENVASES/JOSE LUIS MORALES GARCIA (7 días),2025-04-04,653.0,0,653.0,Tarjeta,Gastos en General,Pagado,,0,No aplíca,,2025-04-04T12:00:00,,,1
HIST25_1196,Nómina,,,,2025-04-04,2545.0,0,2545.0,Cheque,Gastos en General,Pagado,,0,No aplíca,,2025-04-04T12:00:00,,,1
HIST25_1197,#FACTURA,Factura,Materiales Américas,Materiales Américas,2025-01-28,1705.93,0,1705.93,Tarjeta,Gastos en General,Pagado,,0,No aplíca,,2025-01-28T12:00:00,,,1
HIST25_1198,02042025,Factura,La Espiga Dorada  / JUAN MANUEL CASTRO (7 días),La Espiga Dorada  / JUAN MANUEL CASTRO (7 días),2025-04-02,1100.0,0,1100.0,Transferencia,Adquisición de mercancias,Pagado,2025-04-09,7,Pendiente,,2025-04-02T12:00:00,,,1
HIST25_1199,#FACTURA,Factura,Combustibles del Bosque,Combustibles del Bosque,2025-03-27,479.8,0,479.8,Tarjeta,Gastos en General,Pagado,,0,No aplíca,,2025-03-27T12:00:00,,,1
HIST25_1200,#FACTURA,Factura,Combustibles del Bosque,Combustibles del Bosque,2025-03-27,1000.0,0,1000.0,Tarjeta,Gastos en General,Pagado,,0,No aplíca,,2025-03-27T12:00:00,,,1
HIST25_1201,#FACTURA,Factura,Corp Arpe Gasolina,Corp Arpe Gasolina,2025-04-03,1345.21,0,1345.21,Tarjeta,Gastos en General,Pagado,,0,No aplíca,,2025-04-03T12:00:00,,,1
HIST25_1202,2781,Factura,Paser / Araceli V. Padilla (14 dias),Paser / Araceli V. Padilla (14 dias),2025-04-09,827.5,0,827.5,Transferencia,Adquisición de mercancias,Pagado,2025-04-23,14,Pendiente,,2025-04-09T12:00:00,,,1
HIST25_1203,150209,Factura,Abarrotes Inst. (7 días),Abarrotes Inst. (7 días),2025-04-09,1158.36,0,1158.36,Transferencia,Adquisición de mercancias,Pagado,2025-04-14,5,Pendiente,,2025-04-09T12:00:00,,,1
HIST25_1204,55572,Factura,EMPAQUES Y ENVASES/JOSE LUIS MORALES GARCIA (7 días),EMPAQUES Y ENVASES/JOSE LUIS MORALES GARCIA (7 días),2025-04-09,299.92,0,299.92,Transferencia,Gastos en General,Pagado,2025-04-14,5,Pendiente,,2025-04-09T12:00:00,,,1
HIST25_1205,138474,Factura,Abarrotes Inst. (7 días),Abarrotes Inst. (7 días),2025-04-09,1335.63,0,1335.63,Transferencia,Adquisición de mercancias,Pagado,2025-04-14,5,Pendiente,,2025-04-09T12:00:00,,,1
HIST25_1206,20770,Factura,Quesos y + Quesos / Armando Villanueva (7 días),Quesos y + Quesos / Armando Villanueva (7 días),2025-04-08,2741.6,0,2741.6,Transferencia,Adquisición de mercancias,Pagado,2025-04-13,5,Pendiente,,2025-04-08T12:00:00,,,1
HIST25_1207,#FACTURA,,PENSION,PENSION,2025-04-10,866.12,0,866.12,Transferencia,Gastos en General,Pagado,2025-04-10,0,Pendiente,,2025-04-10T12:00:00,,,1
HIST25_1208,#FACTURA,,NOMINA,NOMINA,2025-04-10,23596.2,0,23596.2,Transferencia,Gastos en General,Pagado,,0,Pendiente,,2025-04-10T12:00:00,,,1
HIST25_1209,#FACTURA,,SODEXO,SODEXO,2025-04-10,2660.92,0,2660.92,Transferencia,Gastos en General,Pagado,,0,Pendiente,,2025-04-10T12:00:00,,,1
HIST25_1210,#FACTURA,,IMPUESTO SOBRE NÓMINA,IMPUESTO SOBRE NÓMINA,2025-04-10,4205.0,0,4205.0,Transferencia,Gastos en General,Pagado,,0,Pendiente,,2025-04-10T12:00:00,,,1
HIST25_1211,#FACTURA,,IMSS,IMSS,2025-04-10,17238.38,0,17238.38,Transferencia,Gastos en General,Pagado,,0,Pendiente,,2025-04-10T12:00:00,,,1
HIST25_1212,68698,Factura,PROMAR DEL NORTE (14 DÍAS),PROMAR DEL NORTE (14 DÍAS),2025-04-10,4698.9,0,4698.9,Transferencia,Adquisición de mercancias,Pagado,2025-04-24,14,Pendiente,,2025-04-10T12:00:00,,,1
HIST25_1213,10042025,Factura,TARTARAS LUZ ALICIA RODRIGUEZ,TARTARAS LUZ ALICIA RODRIGUEZ,2025-04-10,480.0,0,480.0,Transferencia,Adquisición de mercancias,Pagado,2025-04-15,5,Pendiente,,2025-04-10T12:00:00,,,1
HIST25_1214,36853,Factura,Papas Santa Fe / Procepap (7 dias),Papas Santa Fe / Procepap (7 dias),2025-04-09,450.0,0,450.0,Transferencia,Adquisición de mercancias,Pagado,2025-04-14,5,Pendiente,,2025-04-09T12:00:00,,,1
HIST25_1215,022171,Factura,INIX COMERCIAL (20 DÍAS),INIX COMERCIAL (20 DÍAS),2025-04-10,2490.24,0,2490.24,Transferencia,Gastos en General,Pagado,2025-04-30,20,Pendiente,,2025-04-10T12:00:00,,,1
HIST25_1216,268616,Factura,MEDFRUT (7 DÍAS),MEDFRUT (7 DÍAS),2025-04-10,1210.0,0,1210.0,Transferencia,Adquisición de mercancias,Pagado,2025-04-15,5,Pendiente,,2025-04-10T12:00:00,,,1
HIST25_1217,10,Factura,Salsa La Moncha / Janeth Gonzalez (14 días),Salsa La Moncha / Janeth Gonzalez (14 días),2025-04-09,658.0,0,658.0,Transferencia,Adquisición de mercancias,Pagado,2025-04-14,5,Pendiente,,2025-04-09T12:00:00,,,1
HIST25_1218,70986,Factura,DIPACSA (7 días),DIPACSA (7 días),2025-04-10,1808.0,0,1808.0,Transferencia,Adquisición de mercancias,Pagado,2025-04-15,5,Pendiente,,2025-04-10T12:00:00,,,1
HIST25_1219,138511,Factura,Abarrotes Inst. (7 días),Abarrotes Inst. (7 días),2025-04-10,998.06,0,998.06,Transferencia,Adquisición de mercancias,Pagado,2025-04-15,5,Pendiente,,2025-04-10T12:00:00,,,1
HIST25_1220,0241459,Factura,AB Pollo,AB Pollo,2025-04-09,1162.8,0,1162.8,Tarjeta,Adquisición de mercancias,Pendiente,,0,Pendiente,,2025-04-09T12:00:00,,,1
HIST25_1221,37425929,Factura,Bachoco,Bachoco,2025-04-09,13961.69,0,13961.69,Tarjeta,Adquisición de mercancias,Pagado,,0,No aplíca,,2025-04-09T12:00:00,,,1
HIST25_1222,5040,Factura,Que Pescados!,Que Pescados!,2025-04-09,850.0,0,850.0,Tarjeta,Adquisición de mercancias,Pagado,,0,No aplíca,,2025-04-09T12:00:00,,,1
HIST25_1223,314535,Factura,HOME DEPOT,HOME DEPOT,2025-04-09,622.31,0,622.31,Tarjeta,Gastos en General,Pagado,,0,No aplíca,,2025-04-09T12:00:00,,,1
HIST25_1224,#FACTURA,Factura,Costco,Costco,2025-04-09,1702.3,0,1702.3,Tarjeta,Adquisición de mercancias,Pagado,,0,No aplíca,,2025-04-09T12:00:00,,,1
HIST25_1225,#FACTURA,Factura,HOME DEPOT,HOME DEPOT,2025-04-09,622.3,0,622.3,Tarjeta,Adquisición de mercancias,Pagado,,0,No aplíca,,2025-04-09T12:00:00,,,1
HIST25_1226,28273,Factura,SUKARNE,SUKARNE,2025-04-09,3868.9,0,3868.9,Tarjeta,Adquisición de mercancias,Pagado,,0,No aplíca,,2025-04-09T12:00:00,,,1
HIST25_1227,#FACTURA,Factura,Alsuper,Alsuper,2025-04-10,288.28,0,288.28,Tarjeta,Adquisición de mercancias,Pagado,,0,No aplíca,,2025-04-10T12:00:00,,,1
HIST25_1228,28291,Factura,SUKARNE,SUKARNE,2025-04-10,4058.8,0,4058.8,Tarjeta,Adquisición de mercancias,Pagado,,0,No aplíca,,2025-04-10T12:00:00,,,1
HIST25_1229,28290,Factura,SUKARNE,SUKARNE,2025-04-10,3094.1,0,3094.1,Tarjeta,Adquisición de mercancias,Pagado,,0,No aplíca,,2025-04-10T12:00:00,,,1
HIST25_1230,28272,Factura,SUKARNE,SUKARNE,2025-04-09,4114.2,0,4114.2,Tarjeta,Adquisición de mercancias,Pagado,,0,No aplíca,,2025-04-09T12:00:00,,,1
HIST25_1231,458857,Factura,Casa Myers,Casa Myers,2025-04-09,255.73,0,255.73,Tarjeta,Gastos en General,Pagado,,0,No aplíca,,2025-04-09T12:00:00,,,1
HIST25_1232,14559,Factura,Colesa (7 días),Colesa (7 días),2025-04-11,338.4,0,338.4,Transferencia,Adquisición de mercancias,Pagado,2025-04-16,5,Pendiente,,2025-04-11T12:00:00,,,1
HIST25_1233,703051,Factura,Casa Reza (7 días),Casa Reza (7 días),2025-04-11,3880.0,0,3880.0,Transferencia,Adquisición de mercancias,Pagado,2025-04-16,5,Pendiente,,2025-04-11T12:00:00,,,1
HIST25_1234,36957,Factura,Papas Santa Fe / Procepap (7 dias),Papas Santa Fe / Procepap (7 dias),2025-04-11,496.0,0,496.0,Transferencia,Adquisición de mercancias,Pagado,2025-04-16,5,Pendiente,,2025-04-11T12:00:00,,,1
HIST25_1235,2789,Factura,Paser / Araceli V. Padilla (14 dias),Paser / Araceli V. Padilla (14 dias),2025-04-11,827.5,0,827.5,Transferencia,Adquisición de mercancias,Pagado,2025-04-25,14,Pendiente,,2025-04-11T12:00:00,,,1
HIST25_1236,71029,Factura,DIPACSA (7 días),DIPACSA (7 días),2025-04-11,1674.0,0,1674.0,Transferencia,Adquisición de mercancias,Pagado,2025-04-16,5,Pendiente,,2025-04-11T12:00:00,,,1
HIST25_1237,10/04/25,Factura,Dumbo / Diana Silva Ponce (12 días),Dumbo / Diana Silva Ponce (12 días),2025-04-10,974.0,0,974.0,Transferencia,Adquisición de mercancias,Pagado,2025-04-15,5,Pendiente,,2025-04-10T12:00:00,,,1
HIST25_1238,14473,Factura,Colesa (7 días),Colesa (7 días),2025-04-10,982.86,0,982.86,Transferencia,Adquisición de mercancias,Pagado,2025-04-15,5,Pendiente,,2025-04-10T12:00:00,,,1
HIST25_1239,0629778,Factura,Alsuper,Alsuper,2025-04-10,72.88,0,72.88,Tarjeta,Adquisición de mercancias,Pagado,,0,Pendiente,,2025-04-10T12:00:00,,,1
HIST25_1240,92263,Factura,SUKARNE,SUKARNE,2025-04-11,3924.3,0,3924.3,Tarjeta,Adquisición de mercancias,Pagado,,0,Pendiente,,2025-04-11T12:00:00,,,1
HIST25_1241,T,Factura,Farmacia del Ahorro,Farmacia del Ahorro,2025-04-11,49.0,0,49.0,Tarjeta,Adquisición de mercancias,Pagado,,0,Pendiente,,2025-04-11T12:00:00,,,1
HIST25_1242,37443157,Factura,Bachoco,Bachoco,2025-04-11,11.58,0,11.58,Tarjeta,Adquisición de mercancias,Pagado,,0,Pendiente,,2025-04-11T12:00:00,,,1
HIST25_1243,T,Factura,SUKARNE,SUKARNE,2025-04-10,5308.91,0,5308.91,Tarjeta,Adquisición de mercancias,Pagado,,0,Pendiente,,2025-04-10T12:00:00,,,1
HIST25_1244,09042025,Factura,CARRIVAR TERMOENCOGIBLES - MIGUEL CARRIZOSA QUIROGA,CARRIVAR TERMOENCOGIBLES - MIGUEL CARRIZOSA QUIROGA,2025-04-09,7772.0,0,7772.0,Transferencia,Gastos en General,Pagado,2025-04-12,3,Pendiente,,2025-04-09T12:00:00,,,1
HIST25_1245,19128,Factura,Aseo y Recolección Estrada (14 días),Aseo y Recolección Estrada (14 días),2025-04-01,1997.6,0,1997.6,Transferencia,Gastos en General,Pagado,2025-04-14,13,Pendiente,,2025-04-01T12:00:00,,,1
HIST25_1246,3021,Remisión,La Cosecha / Guadalupe Caro S. (14 días),La Cosecha / Guadalupe Caro S. (14 días),2025-04-09,1490.0,0,1490.0,Transferencia,Adquisición de mercancias,Pagado,2025-04-25,16,Pendiente,,2025-04-09T12:00:00,,,1
HIST25_1247,268915,Factura,MEDFRUT (7 DÍAS),MEDFRUT (7 DÍAS),2025-04-14,425.0,0,425.0,Transferencia,Adquisición de mercancias,Pagado,2025-04-19,5,Pendiente,,2025-04-14T12:00:00,,,1
HIST25_1248,68739,Factura,PROMAR DEL NORTE (14 DÍAS),PROMAR DEL NORTE (14 DÍAS),2025-04-12,3939.1,0,3939.1,Transferencia,Adquisición de mercancias,Pagado,2025-04-26,14,Pendiente,,2025-04-12T12:00:00,,,1
HIST25_1249,14340,Factura,Colesa (7 días),Colesa (7 días),2025-04-08,1830.7,0,1830.7,Transferencia,Adquisición de mercancias,Pagado,2025-04-15,7,Pendiente,,2025-04-08T12:00:00,,,1
HIST25_1250,25374,Factura,"AGYDSA ""Aceite"" (7 días)","AGYDSA ""Aceite"" (7 días)",2025-04-09,2100.0,0,2100.0,Transferencia,Adquisición de mercancias,Pagado,2025-04-14,5,Pendiente,,2025-04-09T12:00:00,,,1
HIST25_1251,527,Factura,SURTIDORA BOTANAS (7 DÍAS),SURTIDORA BOTANAS (7 DÍAS),2025-04-12,868.28,0,868.28,Transferencia,Adquisición de mercancias,Pagado,2025-04-17,5,Pendiente,,2025-04-12T12:00:00,,,1
HIST25_1252,55651,Factura,EMPAQUES Y ENVASES/JOSE LUIS MORALES GARCIA (7 días),EMPAQUES Y ENVASES/JOSE LUIS MORALES GARCIA (7 días),2025-04-12,872.0,0,872.0,Transferencia,Gastos en General,Pagado,2025-04-17,5,Pendiente,,2025-04-12T12:00:00,,,1
HIST25_1253,#FACTURA,Remisión,Sal de mar/ Celia i. Germes,Sal de mar/ Celia i. Germes,2025-04-11,400.0,0,400.0,Transferencia,Adquisición de mercancias,Pagado,2025-04-16,5,Pendiente,,2025-04-11T12:00:00,,,1
HIST25_1254,315752,Factura,HOME DEPOT,HOME DEPOT,2025-04-12,409.55,0,409.55,Tarjeta,Gastos en General,Pagado,,0,No aplíca,,2025-04-12T12:00:00,,,1
HIST25_1255,#FACTURA,Factura,Alsuper,Alsuper,2025-04-14,99.6,0,99.6,Tarjeta,Adquisición de mercancias,Pagado,,0,No aplíca,,2025-04-14T12:00:00,,,1
HIST25_1256,#FACTURA,Factura,Alsuper,Alsuper,2025-04-12,449.7,0,449.7,Tarjeta,Adquisición de mercancias,Pagado,,0,No aplíca,,2025-04-12T12:00:00,,,1
HIST25_1257,#FACTURA,Factura,Sazonico / especies MOY,Sazonico / especies MOY,2025-04-12,445.67,0,445.67,Tarjeta,Adquisición de mercancias,Pagado,,0,No aplíca,,2025-04-12T12:00:00,,,1
HIST25_1258,#FACTURA,Factura,Alsuper,Alsuper,2025-04-08,563.39,0,563.39,Tarjeta,Adquisición de mercancias,Pagado,,0,No aplíca,,2025-04-08T12:00:00,,,1
HIST25_1259,28317,Factura,SUKARNE,SUKARNE,2025-04-12,6160.7,0,6160.7,Tarjeta,Adquisición de mercancias,Pagado,,0,No aplíca,,2025-04-12T12:00:00,,,1
HIST25_1260,41698,Remisión,"AGYDSA ""Aceite"" (7 días)","AGYDSA ""Aceite"" (7 días)",2025-04-15,2100.0,0,2100.0,Transferencia,Gastos en General,Pagado,2025-04-20,5,Pendiente,,2025-04-15T12:00:00,,,1
HIST25_1261,110365,Factura,Abarrotes Inst. (7 días),Abarrotes Inst. (7 días),2025-04-15,2061.03,0,2061.03,Transferencia,Adquisición de mercancias,Pagado,2025-04-20,5,Pendiente,,2025-04-15T12:00:00,,,1
HIST25_1262,2800,Factura,Paser / Araceli V. Padilla (14 dias),Paser / Araceli V. Padilla (14 dias),2025-04-15,1158.5,0,1158.5,Transferencia,Adquisición de mercancias,Pagado,2025-04-29,14,Pendiente,,2025-04-15T12:00:00,,,1
HIST25_1263,15/04/25,Factura,La Espiga Dorada  / JUAN MANUEL CASTRO (7 días),La Espiga Dorada  / JUAN MANUEL CASTRO (7 días),2025-04-15,1100.0,0,1100.0,Transferencia,Adquisición de mercancias,Pagado,2025-04-20,5,Pendiente,,2025-04-15T12:00:00,,,1
HIST25_1264,14696,Factura,Colesa (7 días),Colesa (7 días),2025-04-14,335.6,0,335.6,Transferencia,Adquisición de mercancias,Pagado,2025-04-19,5,Pendiente,,2025-04-14T12:00:00,,,1
HIST25_1265,#FACTURA,Factura,Sam's Club,Sam's Club,2025-04-09,1629.94,0,1629.94,Tarjeta,Adquisición de mercancias,Pagado,,0,No aplíca,,2025-04-09T12:00:00,,,1
HIST25_1266,#FACTURA12434,Factura,Gas El Sobrante,Gas El Sobrante,2025-04-12,400.0,0,400.0,Tarjeta,Gastos en General,Pagado,,0,No aplíca,,2025-04-12T12:00:00,,,1
HIST25_1267,#FACTURA,Factura,Alsuper,Alsuper,2025-03-29,429.58,0,429.58,Tarjeta,Adquisición de mercancias,Pagado,,0,No aplíca,,2025-03-29T12:00:00,,,1
HIST25_1268,#FACTURA,Factura,Alsuper,Alsuper,2025-04-12,237.87,0,237.87,Tarjeta,Adquisición de mercancias,Pagado,,0,No aplíca,,2025-04-12T12:00:00,,,1
HIST25_1269,37462202,Factura,Bachoco,Bachoco,2025-04-14,20564.74,0,20564.74,Tarjeta,Adquisición de mercancias,Pagado,,0,No aplíca,,2025-04-14T12:00:00,,,1
HIST25_1270,#FACTURA,Factura,Alsuper,Alsuper,2025-04-15,412.43,0,412.43,Tarjeta,Adquisición de mercancias,Pagado,,0,No aplíca,,2025-04-15T12:00:00,,,1
HIST25_1271,#FACTURA,Factura,HOME DEPOT,HOME DEPOT,2025-04-11,311.17,0,311.17,Tarjeta,Gastos en General,Pagado,,0,No aplíca,,2025-04-11T12:00:00,,,1
HIST25_1272,#FACTURA,Factura,SUKARNE,SUKARNE,2025-04-15,5328.9,0,5328.9,Tarjeta,Adquisición de mercancias,Pagado,,0,No aplíca,,2025-04-15T12:00:00,,,1
HIST25_1273,25865,Factura,MACOPISA  (Centro de servicios),MACOPISA  (Centro de servicios),2025-04-15,1297.08,0,1297.08,Tarjeta,Gastos en General,Pagado,,0,No aplíca,,2025-04-15T12:00:00,,,1
HIST25_1274,71123,Factura,DIPACSA (7 días),DIPACSA (7 días),2025-04-15,1844.0,0,1844.0,Transferencia,Adquisición de mercancias,Pagado,2025-04-20,5,Pendiente,,2025-04-15T12:00:00,,,1
HIST25_1275,3076,Remisión,La Cosecha / Guadalupe Caro S. (14 días),La Cosecha / Guadalupe Caro S. (14 días),2025-04-15,1392.0,0,1392.0,Transferencia,Adquisición de mercancias,Pagado,2025-04-29,14,Pendiente,,2025-04-15T12:00:00,,,1
HIST25_1276,269037,Factura,MEDFRUT (7 DÍAS),MEDFRUT (7 DÍAS),2025-04-15,328.0,0,328.0,Transferencia,Adquisición de mercancias,Pagado,2025-04-20,5,Pendiente,,2025-04-15T12:00:00,,,1
HIST25_1277,92410,Factura,SUKARNE,SUKARNE,2025-04-16,3854.4,0,3854.4,Tarjeta,Adquisición de mercancias,Pagado,,0,No aplíca,,2025-04-16T12:00:00,,,1
HIST25_1278,#FACTURA,Factura,Sam's Club,Sam's Club,2025-04-09,1328.98,0,1328.98,Tarjeta,Adquisición de mercancias,Pagado,,0,Pendiente,,2025-04-09T12:00:00,,,1
HIST25_1279,T,Factura,City Club,City Club,2025-04-09,636.0,0,636.0,Tarjeta,Adquisición de mercancias,Pagado,,0,Pendiente,,2025-04-09T12:00:00,,,1
HIST25_1280,T,Factura,Sam's Club,Sam's Club,2025-04-11,1497.94,0,1497.94,Tarjeta,Adquisición de mercancias,Pagado,,0,Pendiente,,2025-04-11T12:00:00,,,1
HIST25_1281,T,Factura,Sam's Club,Sam's Club,2025-04-11,1158.09,0,1158.09,Tarjeta,Adquisición de mercancias,Pagado,,0,Pendiente,,2025-04-11T12:00:00,,,1
HIST25_1282,T,Factura,Costco gas s.a,Costco gas s.a,2025-04-12,631.53,0,631.53,Tarjeta,Gastos en General,Pagado,,0,Pendiente,,2025-04-12T12:00:00,,,1
HIST25_1283,T,Factura,Costco,Costco,2025-04-11,1156.4,0,1156.4,Tarjeta,Adquisición de mercancias,Pagado,,0,Pendiente,,2025-04-11T12:00:00,,,1
HIST25_1284,T,Factura,Sam's Club,Sam's Club,2025-04-05,1186.99,0,1186.99,Tarjeta,Adquisición de mercancias,Pagado,,0,Pendiente,,2025-04-05T12:00:00,,,1
HIST25_1285,T,Factura,Sam's Club,Sam's Club,2025-04-08,1228.95,0,1228.95,Tarjeta,Adquisición de mercancias,Pagado,,0,Pendiente,,2025-04-08T12:00:00,,,1
HIST25_1286,606709,Factura,Combustibles del Bosque,Combustibles del Bosque,2025-04-14,500.0,0,500.0,Tarjeta,Gastos en General,Pagado,,0,Pendiente,,2025-04-14T12:00:00,,,1
HIST25_1287,314322,Factura,HOME DEPOT,HOME DEPOT,2025-04-08,884.4,0,884.4,Efectivo,Gastos en General,Pagado,,0,Pendiente,,2025-04-08T12:00:00,,,1
HIST25_1288,51467,Factura,Los Angeles Ferreteria,Los Angeles Ferreteria,2025-04-08,188.0,0,188.0,Tarjeta,Gastos en General,Pagado,,0,Pendiente,,2025-04-08T12:00:00,,,1
HIST25_1289,022291,Factura,INIX COMERCIAL (20 DÍAS),INIX COMERCIAL (20 DÍAS),2025-04-16,2429.33,0,2429.33,Transferencia,Gastos en General,Pagado,2025-05-14,28,Pendiente,,2025-04-16T12:00:00,,,1
HIST25_1290,68796,Factura,PROMAR DEL NORTE (14 DÍAS),PROMAR DEL NORTE (14 DÍAS),2025-04-16,3654.7,0,3654.7,Transferencia,Adquisición de mercancias,Pagado,2025-06-05,50,Pendiente,,2025-04-16T12:00:00,,,1
HIST25_1291,459413,Factura,Casa Myers,Casa Myers,2025-04-16,221.59,0,221.59,Tarjeta,Gastos en General,Pagado,,0,Pendiente,,2025-04-16T12:00:00,,,1
HIST25_1292,273440,Factura,COFIASA,COFIASA,2025-04-16,3447.45,0,3447.45,Tarjeta,Gastos en General,Pagado,,0,Pendiente,,2025-04-16T12:00:00,,,1
HIST25_1293,71156,Factura,DIPACSA (7 días),DIPACSA (7 días),2025-04-16,1808.0,0,1808.0,Transferencia,Adquisición de mercancias,Pagado,2025-04-30,14,Pendiente,,2025-04-16T12:00:00,,,1
HIST25_1294,20881,Factura,Quesos y + Quesos / Armando Villanueva (7 días),Quesos y + Quesos / Armando Villanueva (7 días),2025-04-16,3498.0,0,3498.0,Transferencia,Adquisición de mercancias,Pagado,2025-04-30,14,Pendiente,,2025-04-16T12:00:00,,,1
HIST25_1295,28895,Factura,Colesa (7 días),Colesa (7 días),2025-04-17,252.0,0,252.0,Transferencia,Adquisición de mercancias,Pagado,2025-04-30,13,Pendiente,,2025-04-17T12:00:00,,,1
HIST25_1296,14926,Factura,Colesa (7 días),Colesa (7 días),2025-04-17,1897.9,0,1897.9,Transferencia,Adquisición de mercancias,Pagado,2025-04-30,13,Pendiente,,2025-04-17T12:00:00,,,1
HIST25_1297,68829,Factura,PROMAR DEL NORTE (14 DÍAS),PROMAR DEL NORTE (14 DÍAS),2025-04-17,950.0,0,950.0,Transferencia,Adquisición de mercancias,Pagado,2025-05-01,14,Pendiente,,2025-04-17T12:00:00,,,1
HIST25_1298,15/04/25,Remisión,NARANJA Y LIMÓN (7 DÍAS),NARANJA Y LIMÓN (7 DÍAS),2025-04-15,1455.0,0,1455.0,Transferencia,Gastos en General,Pagado,2025-04-20,5,Pendiente,,2025-04-15T12:00:00,,,1
HIST25_1299,17/04/25,Remisión,Productos Lácteos Los Pinos (7 DÍAS),Productos Lácteos Los Pinos (7 DÍAS),2025-04-17,740.0,0,740.0,Transferencia,Adquisición de mercancias,Pagado,2025-04-22,5,Pendiente,,2025-04-17T12:00:00,,,1
HIST25_1300,31,Factura,Carmen Ortega P. / Salsa Macha Pepis (14 días),Carmen Ortega P. / Salsa Macha Pepis (14 días),2025-04-15,1440.0,0,1440.0,Transferencia,Adquisición de mercancias,Pagado,2025-04-30,15,Pendiente,,2025-04-15T12:00:00,,,1
HIST25_1301,4202,Factura,Ma Eugenia Payan / Tortillas (14 días),Ma Eugenia Payan / Tortillas (14 días),2025-04-15,2971.5,0,2971.5,Transferencia,Adquisición de mercancias,Pagado,2025-04-30,15,Pendiente,,2025-04-15T12:00:00,,,1
HIST25_1302,110347,Factura,Abarrotes Inst. (7 días),Abarrotes Inst. (7 días),2025-04-14,1526.06,0,1526.06,Transferencia,Adquisición de mercancias,Pagado,2025-04-30,16,Pendiente,,2025-04-14T12:00:00,,,1
HIST25_1303,71175,Factura,DIPACSA (7 días),DIPACSA (7 días),2025-04-17,904.0,0,904.0,Transferencia,Adquisición de mercancias,Pagado,2025-04-30,13,Pendiente,,2025-04-17T12:00:00,,,1
HIST25_1304,15/04/25,Factura,Dumbo / Diana Silva Ponce (12 días),Dumbo / Diana Silva Ponce (12 días),2025-04-15,290.0,0,290.0,Transferencia,Adquisición de mercancias,Pagado,2025-04-30,15,Pendiente,,2025-04-15T12:00:00,,,1
HIST25_1305,V55751,Factura,EMPAQUES Y ENVASES/JOSE LUIS MORALES GARCIA (7 días),EMPAQUES Y ENVASES/JOSE LUIS MORALES GARCIA (7 días),2025-04-16,748.0,0,748.0,Transferencia,Gastos en General,Pagado,2025-04-30,14,Pendiente,,2025-04-16T12:00:00,,,1
HIST25_1306,14846,Factura,Colesa (7 días),Colesa (7 días),2025-04-16,1400.64,0,1400.64,Transferencia,Adquisición de mercancias,Pagado,2025-04-30,14,Pendiente,,2025-04-16T12:00:00,,,1
HIST25_1307,37495879,Factura,Bachoco,Bachoco,2025-04-18,18553.43,0,18553.43,Tarjeta,Adquisición de mercancias,Pagado,,0,Pendiente,,2025-04-18T12:00:00,,,1
HIST25_1308,T,Factura,Alsuper,Alsuper,2025-04-17,109.97,0,109.97,Tarjeta,Adquisición de mercancias,Pagado,,0,Pendiente,,2025-04-17T12:00:00,,,1
HIST25_1309,127424,Factura,EMPAQUES Y ENVASES/JOSE LUIS MORALES GARCIA (7 días),EMPAQUES Y ENVASES/JOSE LUIS MORALES GARCIA (7 días),2025-04-17,342.0,0,342.0,Tarjeta,Gastos en General,Pagado,,0,Pendiente,,2025-04-17T12:00:00,,,1
HIST25_1310,343535,Factura,Casa Myers,Casa Myers,2025-04-16,22.27,0,22.27,Tarjeta,Gastos en General,Pagado,,0,Pendiente,,2025-04-16T12:00:00,,,1
HIST25_1311,5094,Factura,Que Pescados!,Que Pescados!,2025-04-16,1275.0,0,1275.0,Tarjeta,Adquisición de mercancias,Pagado,,0,Pendiente,,2025-04-16T12:00:00,,,1
HIST25_1312,5066,Factura,Que Pescados!,Que Pescados!,2025-04-11,850.0,0,850.0,Tarjeta,Adquisición de mercancias,Pagado,,0,Pendiente,,2025-04-11T12:00:00,,,1
HIST25_1313,T,Factura,Alsuper,Alsuper,2025-04-17,664.39,0,664.39,Tarjeta,Adquisición de mercancias,Pagado,,0,Pendiente,,2025-04-17T12:00:00,,,1
HIST25_1314,92437,Factura,SUKARNE,SUKARNE,2025-04-16,4960.32,0,4960.32,Tarjeta,Adquisición de mercancias,Pagado,,0,Pendiente,,2025-04-16T12:00:00,,,1
HIST25_1315,92453,Factura,SUKARNE,SUKARNE,2025-04-17,3798.36,0,3798.36,Tarjeta,Adquisición de mercancias,Pagado,,0,Pendiente,,2025-04-17T12:00:00,,,1
HIST25_1316,92454,Factura,SUKARNE,SUKARNE,2025-04-17,5120.58,0,5120.58,Tarjeta,Adquisición de mercancias,Pagado,,0,Pendiente,,2025-04-17T12:00:00,,,1
HIST25_1317,15/04/25,Factura,Gelos Market,Gelos Market,2025-04-15,78.0,0,78.0,Tarjeta,Adquisición de mercancias,Pagado,,0,Pendiente,,2025-04-15T12:00:00,,,1
HIST25_1318,T,Factura,Gelos Market,Gelos Market,2025-04-16,17.48,0,17.48,Tarjeta,Adquisición de mercancias,Pagado,,0,Pendiente,,2025-04-16T12:00:00,,,1
HIST25_1319,T,Factura,Costco,Costco,2025-04-15,2195.0,0,2195.0,Tarjeta,Adquisición de mercancias,Pagado,,0,Pendiente,,2025-04-15T12:00:00,,,1
HIST25_1320,T,Factura,Costco,Costco,2025-04-17,3357.0,0,3357.0,Tarjeta,Adquisición de mercancias,Pagado,,0,Pendiente,,2025-04-17T12:00:00,,,1
HIST25_1321,T,Factura,City Club,City Club,2025-04-14,394.0,0,394.0,Tarjeta,Adquisición de mercancias,Pagado,,0,Pendiente,,2025-04-14T12:00:00,,,1
HIST25_1322,14/04/25,Factura,City Club,City Club,2025-04-14,129.0,0,129.0,Tarjeta,Gastos en General,Pagado,,0,Pendiente,,2025-04-14T12:00:00,,,1
HIST25_1323,16/04/26,Factura,City Club,City Club,2025-04-16,636.0,0,636.0,Tarjeta,Adquisición de mercancias,Pagado,,0,Pendiente,,2025-04-16T12:00:00,,,1
HIST25_1324,16/04/25,Factura,City Club,City Club,2025-04-16,145.0,0,145.0,Tarjeta,Gastos en General,Pagado,,0,Pendiente,,2025-04-16T12:00:00,,,1
HIST25_1325,T,Factura,Sam's Club,Sam's Club,2025-04-17,1192.0,0,1192.0,Tarjeta,Adquisición de mercancias,Pagado,,0,Pendiente,,2025-04-17T12:00:00,,,1
HIST25_1326,T,Factura,Sam's Club,Sam's Club,2025-04-16,520.0,0,520.0,Tarjeta,Adquisición de mercancias,Pagado,,0,Pendiente,,2025-04-16T12:00:00,,,1
HIST25_1327,T,Factura,Sam's Club,Sam's Club,2025-04-14,248.0,0,248.0,Tarjeta,Gastos en General,Pagado,,0,Pendiente,,2025-04-14T12:00:00,,,1
HIST25_1328,T,Factura,SORIANA,SORIANA,2025-04-18,129.8,0,129.8,Tarjeta,Adquisición de mercancias,Pagado,,0,Pendiente,,2025-04-18T12:00:00,,,1
HIST25_1329,T,Factura,Alsuper,Alsuper,2025-04-18,317.25,0,317.25,Tarjeta,Adquisición de mercancias,Pagado,,0,Pendiente,,2025-04-18T12:00:00,,,1
HIST25_1330,T,Factura,Sam's Club,Sam's Club,2025-04-13,980.08,0,980.08,Tarjeta,Adquisición de mercancias,Pagado,,0,Pendiente,,2025-04-13T12:00:00,,,1
HIST25_1331,T,Factura,Sam's Club,Sam's Club,2025-04-15,1238.13,0,1238.13,Tarjeta,Adquisición de mercancias,Pagado,,0,Pendiente,,2025-04-15T12:00:00,,,1
HIST25_1332,#FACTURA,Factura,Sam's Club,Sam's Club,2025-04-16,169.0,0,169.0,Tarjeta,Gastos en General,Pagado,,0,Pendiente,,2025-04-16T12:00:00,,,1
HIST25_1333,92481,Factura,SUKARNE,SUKARNE,2025-04-19,4872.16,0,4872.16,Tarjeta,Adquisición de mercancias,Pagado,,0,Pendiente,,2025-04-19T12:00:00,,,1
HIST25_1334,T,Factura,S Mart,S Mart,2025-04-18,168.66,0,168.66,Tarjeta,Adquisición de mercancias,Pagado,,0,Pendiente,,2025-04-18T12:00:00,,,1
HIST25_1335,T,Factura,Alsuper,Alsuper,2025-04-19,74.7,0,74.7,Tarjeta,Adquisición de mercancias,Pagado,,0,Pendiente,,2025-04-19T12:00:00,,,1
HIST25_1336,T,Factura,Sam's Club,Sam's Club,2025-04-19,1263.0,0,1263.0,Tarjeta,Adquisición de mercancias,Pagado,,0,Pendiente,,2025-04-19T12:00:00,,,1
HIST25_1337,55803,Factura,EMPAQUES Y ENVASES/JOSE LUIS MORALES GARCIA (7 días),EMPAQUES Y ENVASES/JOSE LUIS MORALES GARCIA (7 días),2025-04-19,1819.31,0,1819.31,Tarjeta,Gastos en General,Pagado,,0,Pendiente,,2025-04-19T12:00:00,,,1
HIST25_1338,110491,Factura,Colesa (7 días),Colesa (7 días),2025-04-19,866.9,0,866.9,Transferencia,Adquisición de mercancias,Pagado,2025-05-05,16,Pendiente,,2025-04-19T12:00:00,,,1
HIST25_1339,68850,Factura,PROMAR DEL NORTE (14 DÍAS),PROMAR DEL NORTE (14 DÍAS),2025-04-18,365.4,0,365.4,Transferencia,Adquisición de mercancias,Pagado,2025-06-06,49,Pendiente,,2025-04-18T12:00:00,,,1
HIST25_1340,168483,Factura,Gas K-19,Gas K-19,2025-04-17,199.64,0,199.64,Tarjeta,Gastos en General,Pagado,,0,Pendiente,,2025-04-17T12:00:00,,,1
HIST25_1341,41730,Remisión,"AGYDSA ""Aceite"" (7 días)","AGYDSA ""Aceite"" (7 días)",2025-04-21,2100.0,0,2100.0,Transferencia,Gastos en General,Pagado,2025-04-30,9,Pendiente,,2025-04-21T12:00:00,,,1
HIST25_1342,15064,Factura,Colesa (7 días),Colesa (7 días),2025-04-21,1293.0,0,1293.0,Transferencia,Adquisición de mercancias,Pagado,2025-04-30,9,Pendiente,,2025-04-21T12:00:00,,,1
HIST25_1343,37507699,Factura,Bachoco,Bachoco,2025-04-21,20197.94,0,20197.94,Tarjeta,Adquisición de mercancias,Pagado,,0,Pendiente,,2025-04-21T12:00:00,,,1
HIST25_1344,T,Factura,SUKARNE,SUKARNE,2025-04-21,5312.91,0,5312.91,Tarjeta,Adquisición de mercancias,Pagado,,0,Pendiente,,2025-04-21T12:00:00,,,1
HIST25_1345,T,Factura,Alsuper,Alsuper,2025-04-21,183.12,0,183.12,Tarjeta,Adquisición de mercancias,Pagado,,0,Pendiente,,2025-04-21T12:00:00,,,1
HIST25_1346,T,Factura,Alsuper,Alsuper,2025-04-12,314.69,0,314.69,Tarjeta,Adquisición de mercancias,Pagado,,0,Pendiente,,2025-04-12T12:00:00,,,1
HIST25_1347,T,Factura,Combustibles del Bosque,Combustibles del Bosque,2025-04-12,1500.0,0,1500.0,Tarjeta,Gastos en General,Pagado,,0,Pendiente,,2025-04-12T12:00:00,,,1
HIST25_1348,22329,Factura,INIX COMERCIAL (20 DÍAS),INIX COMERCIAL (20 DÍAS),2025-04-22,752.12,0,752.12,Transferencia,Gastos en General,Pagado,2025-05-12,20,Pendiente,,2025-04-22T12:00:00,,,1
HIST25_1349,22328,Factura,INIX COMERCIAL (20 DÍAS),INIX COMERCIAL (20 DÍAS),2025-04-22,2255.3,0,2255.3,Transferencia,Gastos en General,Pagado,2025-05-12,20,Pendiente,,2025-04-22T12:00:00,,,1
HIST25_1350,71252,Factura,DIPACSA (7 días),DIPACSA (7 días),2025-04-22,835.0,0,835.0,Transferencia,Adquisición de mercancias,Pagado,2025-04-27,5,Pendiente,,2025-04-22T12:00:00,,,1
HIST25_1351,T,Remisión,Alsuper,Alsuper,2025-04-22,287.14,0,287.14,Tarjeta,Adquisición de mercancias,Pendiente,,0,Pendiente,,2025-04-22T12:00:00,,,1
HIST25_1352,92564,Factura,SUKARNE,SUKARNE,2025-04-23,4543.6,0,4543.6,Tarjeta,Adquisición de mercancias,Pendiente,,0,Pendiente,,2025-04-23T12:00:00,,,1
HIST25_1353,92563,Factura,SUKARNE,SUKARNE,2025-04-23,5719.9,0,5719.9,Tarjeta,Adquisición de mercancias,Pendiente,,0,Pendiente,,2025-04-23T12:00:00,,,1
HIST25_1354,t,Remisión,Sam's Club,Sam's Club,2025-04-22,1501.1,0,1501.1,Tarjeta,Adquisición de mercancias,Pendiente,,0,Pendiente,,2025-04-22T12:00:00,,,1
HIST25_1355,t,Remisión,Alsuper,Alsuper,2025-04-22,265.0,0,265.0,Tarjeta,Adquisición de mercancias,Pendiente,,0,Pendiente,,2025-04-22T12:00:00,,,1
HIST25_1356,110556,Factura,Abarrotes Inst. (7 días),Abarrotes Inst. (7 días),2025-04-23,3290.86,0,3290.86,Transferencia,Adquisición de mercancias,Pagado,2025-04-28,5,Pendiente,,2025-04-23T12:00:00,,,1
HIST25_1357,2820,Factura,Paser / Araceli V. Padilla (14 dias),Paser / Araceli V. Padilla (14 dias),2025-04-22,827.5,0,827.5,Transferencia,Adquisición de mercancias,Pagado,2025-05-06,14,Pendiente,,2025-04-22T12:00:00,,,1
HIST25_1358,,,NOMINA,NOMINA,2025-04-17,22457.4,0,22457.4,Transferencia,Gastos en General,Pagado,2025-04-18,1,Pendiente,,2025-04-17T12:00:00,,,1
HIST25_1359,,,PENSIÓN ALIMENTICIA,PENSIÓN ALIMENTICIA,2025-04-17,866.12,0,866.12,Transferencia,Gastos en General,Pagado,2025-04-18,1,Pendiente,,2025-04-17T12:00:00,,,1
HIST25_1360,,,SODEXO,SODEXO,2025-04-17,2771.78,0,2771.78,Transferencia,Gastos en General,Pagado,2025-04-17,0,Pendiente,,2025-04-17T12:00:00,,,1
HIST25_1361,,,IMPUESTOS FEDERALES,IMPUESTOS FEDERALES,2025-04-16,110.0,0,110.0,Transferencia,Gastos en General,Pagado,2025-04-16,0,Pendiente,,2025-04-16T12:00:00,,,1
HIST25_1362,,,IMPUESTOS FEDERALES,IMPUESTOS FEDERALES,2025-04-16,10285.0,0,10285.0,Transferencia,Gastos en General,Pagado,2025-04-16,0,Pendiente,,2025-04-16T12:00:00,,,1
HIST25_1363,37525000,Factura,Bachoco,Bachoco,2025-04-23,15247.06,0,15247.06,Tarjeta,Gastos en General,Pagado,,0,Pendiente,,2025-04-23T12:00:00,,,1
HIST25_1364,703463,Factura,Casa Reza (7 días),Casa Reza (7 días),2025-04-23,3880.0,0,3880.0,Transferencia,Adquisición de mercancias,Pagado,2025-04-30,7,Pendiente,,2025-04-23T12:00:00,,,1
HIST25_1365,0704,Remisión,NARANJA Y LIMÓN (7 DÍAS),NARANJA Y LIMÓN (7 DÍAS),2025-04-22,1210.0,0,1210.0,Transferencia,Adquisición de mercancias,Pagado,2025-04-30,8,Pendiente,,2025-04-22T12:00:00,,,1
HIST25_1366,3112,Remisión,La Cosecha / Guadalupe Caro S. (14 días),La Cosecha / Guadalupe Caro S. (14 días),2025-04-23,1365.0,0,1365.0,Transferencia,Adquisición de mercancias,Pagado,2025-05-09,16,Pendiente,,2025-04-23T12:00:00,,,1
HIST25_1367,15207,Factura,Colesa (7 días),Colesa (7 días),2025-04-23,2100.76,0,2100.76,Transferencia,Adquisición de mercancias,Pagado,2025-04-28,5,Pendiente,,2025-04-23T12:00:00,,,1
HIST25_1368,37429,Factura,Papas Santa Fe / Procepap (7 dias),Papas Santa Fe / Procepap (7 dias),2025-04-23,508.8,0,508.8,Transferencia,Adquisición de mercancias,Pagado,2025-04-28,5,Pendiente,,2025-04-23T12:00:00,,,1
HIST25_1369,022332,Factura,INIX COMERCIAL (20 DÍAS),INIX COMERCIAL (20 DÍAS),2025-04-22,986.0,0,986.0,Transferencia,Adquisición de mercancias,Pagado,2025-05-12,20,Pendiente,,2025-04-22T12:00:00,,,1
HIST25_1370,571,Factura,SURTIDORA BOTANAS (7 DÍAS),SURTIDORA BOTANAS (7 DÍAS),2025-04-21,709.52,0,709.52,Transferencia,Adquisición de mercancias,Pagado,2025-04-26,5,Pendiente,,2025-04-21T12:00:00,,,1
HIST25_1371,23,Factura,Salsa La Moncha / Janeth Gonzalez (14 días),Salsa La Moncha / Janeth Gonzalez (14 días),2025-04-21,793.0,0,793.0,Transferencia,Adquisición de mercancias,Pagado,2025-04-26,5,Pendiente,,2025-04-21T12:00:00,,,1
HIST25_1372,68865,Factura,PROMAR DEL NORTE (14 DÍAS),PROMAR DEL NORTE (14 DÍAS),2025-04-19,3654.7,0,3654.7,Transferencia,Adquisición de mercancias,Pagado,2025-05-03,14,Pendiente,,2025-04-19T12:00:00,,,1
HIST25_1373,71281,Factura,DIPACSA (7 días),DIPACSA (7 días),2025-04-23,904.0,0,904.0,Transferencia,Adquisición de mercancias,Pagado,2025-04-28,5,Pendiente,,2025-04-23T12:00:00,,,1
HIST25_1374,#FACTURA,Factura,Alsuper,Alsuper,2025-04-19,865.08,0,865.08,Tarjeta,Adquisición de mercancias,Pagado,,0,No aplíca,,2025-04-19T12:00:00,,,1
HIST25_1375,#FACTURA,Factura,Sam's Club,Sam's Club,2025-04-19,1080.0,0,1080.0,Tarjeta,Adquisición de mercancias,Pagado,,0,No aplíca,,2025-04-19T12:00:00,,,1
HIST25_1376,#FACTURA,Factura,WALMART,WALMART,2025-04-16,1003.0,0,1003.0,Tarjeta,Adquisición de mercancias,Pagado,,0,No aplíca,,2025-04-16T12:00:00,,,1
HIST25_1377,#FACTURA,Factura,HOME DEPOT,HOME DEPOT,2025-04-15,1048.37,0,1048.37,Tarjeta,Gastos en General,Pagado,,0,No aplíca,,2025-04-15T12:00:00,,,1
HIST25_1378,#FACTURA,,NOMINA,NOMINA,2025-04-10,3482.4,0,3482.4,Cheque,Gastos en General,Pagado,,0,No aplíca,,2025-04-10T12:00:00,,,1
HIST25_1379,#FACTURA,,NOMINA,NOMINA,2025-04-17,4914.5,0,4914.5,Cheque,Gastos en General,Pagado,,0,No aplíca,,2025-04-17T12:00:00,,,1
HIST25_1380,#FACTURA,,NOMINA,NOMINA,2025-04-24,4537.0,0,4537.0,Cheque,Gastos en General,Pagado,,0,No aplíca,,2025-04-24T12:00:00,,,1
HIST25_1381,recibo,,CANACO,CANACO,2025-04-23,640.0,0,640.0,Efectivo,Gastos en General,Pagado,2025-04-26,3,Pendiente,,2025-04-23T12:00:00,,,1
HIST25_1382,#FACTURA,,JUNTA MUNICIPAL DE AGUA (JMAS),JUNTA MUNICIPAL DE AGUA (JMAS),2025-04-26,2875.0,0,2875.0,Transferencia,Gastos en General,Pagado,2025-05-09,13,Pendiente,,2025-04-26T12:00:00,,,1
HIST25_1383,68951,Factura,PROMAR DEL NORTE (14 DÍAS),PROMAR DEL NORTE (14 DÍAS),2025-04-26,3654.7,0,3654.7,Transferencia,Adquisición de mercancias,Pagado,2025-05-10,14,Pendiente,,2025-04-26T12:00:00,,,1
HIST25_1384,270096,Factura,MEDFRUT (7 DÍAS),MEDFRUT (7 DÍAS),2025-04-26,294.0,0,294.0,Transferencia,Adquisición de mercancias,Pagado,2025-05-01,5,Pendiente,,2025-04-26T12:00:00,,,1
HIST25_1385,25,Factura,Salsa La Moncha / Janeth Gonzalez (14 días),Salsa La Moncha / Janeth Gonzalez (14 días),2025-04-25,559.0,0,559.0,Transferencia,Adquisición de mercancias,Pagado,2025-04-30,5,Pendiente,,2025-04-25T12:00:00,,,1
HIST25_1386,15391,Factura,Colesa (7 días),Colesa (7 días),2025-04-25,2124.2,0,2124.2,Transferencia,Adquisición de mercancias,Pagado,2025-04-30,5,Pendiente,,2025-04-25T12:00:00,,,1
HIST25_1387,59917,Factura,KEY QUÍMICA (14 DÍAS),KEY QUÍMICA (14 DÍAS),2025-04-25,1126.36,0,1126.36,Transferencia,Gastos en General,Pagado,2025-05-09,14,Pendiente,,2025-04-25T12:00:00,,,1
HIST25_1388,2854,Factura,Paser / Araceli V. Padilla (14 dias),Paser / Araceli V. Padilla (14 dias),2025-04-25,827.5,0,827.5,Transferencia,Adquisición de mercancias,Pagado,2025-05-09,14,Pendiente,,2025-04-25T12:00:00,,,1
HIST25_1389,15480,Factura,Colesa (7 días),Colesa (7 días),2025-04-26,736.23,0,736.23,Transferencia,Adquisición de mercancias,Pagado,2025-05-01,5,Pendiente,,2025-04-26T12:00:00,,,1
HIST25_1390,71368,Factura,DIPACSA (7 días),DIPACSA (7 días),2025-04-25,1808.0,0,1808.0,Transferencia,Adquisición de mercancias,Pagado,2025-04-30,5,Pendiente,,2025-04-25T12:00:00,,,1
HIST25_1391,102512,Factura,Diplas / Hector A Portillo (20 días),Diplas / Hector A Portillo (20 días),2025-04-24,3244.57,0,3244.57,Transferencia,Gastos en General,Pagado,2025-05-14,20,Pendiente,,2025-04-24T12:00:00,,,1
HIST25_1392,599,Factura,SURTIDORA BOTANAS (7 DÍAS),SURTIDORA BOTANAS (7 DÍAS),2025-04-24,789.88,0,789.88,Transferencia,Adquisición de mercancias,Pagado,2025-04-29,5,Pendiente,,2025-04-24T12:00:00,,,1
HIST25_1393,24042025,Factura,La Espiga Dorada  / JUAN MANUEL CASTRO (7 días),La Espiga Dorada  / JUAN MANUEL CASTRO (7 días),2025-04-25,1100.0,0,1100.0,Transferencia,Adquisición de mercancias,Pagado,2025-04-30,5,Pendiente,,2025-04-25T12:00:00,,,1
HIST25_1394,55909,Factura,EMPAQUES Y ENVASES/JOSE LUIS MORALES GARCIA (7 días),EMPAQUES Y ENVASES/JOSE LUIS MORALES GARCIA (7 días),2025-04-24,824.99,0,824.99,Transferencia,Gastos en General,Pagado,2025-04-29,5,Pendiente,,2025-04-24T12:00:00,,,1
HIST25_1395,71419,Factura,DIPACSA (7 días),DIPACSA (7 días),2025-04-28,1558.0,0,1558.0,Transferencia,Adquisición de mercancias,Pagado,2025-05-03,5,Pendiente,,2025-04-28T12:00:00,,,1
HIST25_1396,110526,Factura,Abarrotes Inst. (7 días),Abarrotes Inst. (7 días),2025-04-28,2762.86,0,2762.86,Transferencia,Adquisición de mercancias,Pagado,2025-05-03,5,Pendiente,,2025-04-28T12:00:00,,,1
HIST25_1397,2863,Factura,Paser / Araceli V. Padilla (14 dias),Paser / Araceli V. Padilla (14 dias),2025-04-28,827.5,0,827.5,Transferencia,Adquisición de mercancias,Pagado,2025-05-12,14,Pendiente,,2025-04-28T12:00:00,,,1
HIST25_1398,21013,Factura,Quesos y + Quesos / Armando Villanueva (7 días),Quesos y + Quesos / Armando Villanueva (7 días),2025-04-28,2649.2,0,2649.2,Transferencia,Adquisición de mercancias,Pagado,2025-05-03,5,Pendiente,,2025-04-28T12:00:00,,,1
HIST25_1399,37653,Factura,Papas Santa Fe / Procepap (7 dias),Papas Santa Fe / Procepap (7 dias),2025-04-28,462.0,0,462.0,Transferencia,Adquisición de mercancias,Pagado,2025-05-03,5,Pendiente,,2025-04-28T12:00:00,,,1
HIST25_1400,15747,Factura,Colesa (7 días),Colesa (7 días),2025-04-28,1214.4,0,1214.4,Transferencia,Adquisición de mercancias,Pagado,2025-05-03,5,Pendiente,,2025-04-28T12:00:00,,,1
HIST25_1401,92707,Factura,SUKARNE,SUKARNE,2025-04-28,4048.5,0,4048.5,Tarjeta,Adquisición de mercancias,Pagado,,0,Pendiente,,2025-04-28T12:00:00,,,1
HIST25_1402,T,Factura,Farmacia del Ahorro,Farmacia del Ahorro,2025-04-28,89.51,0,89.51,Tarjeta,Gastos en General,Pagado,,0,Pendiente,,2025-04-28T12:00:00,,,1
HIST25_1403,92706,Factura,SUKARNE,SUKARNE,2025-04-28,3836.2,0,3836.2,Tarjeta,Adquisición de mercancias,Pagado,,0,Pendiente,,2025-04-28T12:00:00,,,1
HIST25_1404,46185,Factura,Bodega Eléctrica,Bodega Eléctrica,2025-04-28,158.92,0,158.92,Tarjeta,Gastos en General,Pagado,,0,Pendiente,,2025-04-28T12:00:00,,,1
HIST25_1405,55982,Factura,EMPAQUES Y ENVASES/JOSE LUIS MORALES GARCIA (7 días),EMPAQUES Y ENVASES/JOSE LUIS MORALES GARCIA (7 días),2025-04-28,976.8,0,976.8,Tarjeta,Gastos en General,Pendiente,,0,Pendiente,,2025-04-28T12:00:00,,,1
HIST25_1406,#FACTURA,Factura,Costco,Costco,2025-04-23,628.56,0,628.56,Tarjeta,Gastos en General,Pagado,,0,No aplíca,,2025-04-23T12:00:00,,,1
HIST25_1407,#FACTURA,Factura,City Club,City Club,2025-04-22,832.0,0,832.0,Tarjeta,Adquisición de mercancias,Pagado,,0,No aplíca,,2025-04-22T12:00:00,,,1
HIST25_1408,#FACTURA,Factura,City Club,City Club,2025-04-24,645.0,0,645.0,Tarjeta,Adquisición de mercancias,Pagado,,0,No aplíca,,2025-04-24T12:00:00,,,1
HIST25_1409,#FACTURA,Factura,SORIANA,SORIANA,2025-04-22,107.7,0,107.7,Tarjeta,Adquisición de mercancias,Pagado,,0,No aplíca,,2025-04-22T12:00:00,,,1
HIST25_1410,#FACTURA,Factura,Sam's Club,Sam's Club,2025-04-23,1465.0,0,1465.0,Tarjeta,Adquisición de mercancias,Pagado,,0,No aplíca,,2025-04-23T12:00:00,,,1
HIST25_1411,28426,Factura,SUKARNE,SUKARNE,2025-04-24,5144.6,0,5144.6,Tarjeta,Adquisición de mercancias,Pagado,,0,No aplíca,,2025-04-24T12:00:00,,,1
HIST25_1412,#FACTURA,Factura,Sam's Club,Sam's Club,2025-04-25,1159.97,0,1159.97,Tarjeta,Adquisición de mercancias,Pagado,,0,No aplíca,,2025-04-25T12:00:00,,,1
HIST25_1413,#FACTURA,Factura,Sam's Club,Sam's Club,2025-04-24,1703.93,0,1703.93,Tarjeta,Adquisición de mercancias,Pagado,,0,No aplíca,,2025-04-24T12:00:00,,,1
HIST25_1414,37672,Factura,ADOSA,ADOSA,2025-04-25,160.5,0,160.5,Tarjeta,Gastos en General,Pagado,,0,Pendiente,,2025-04-25T12:00:00,,,1
HIST25_1415,5981,Factura,SUKARNE,SUKARNE,2025-04-24,3288.0,0,3288.0,Tarjeta,Adquisición de mercancias,Pagado,,0,No aplíca,,2025-04-24T12:00:00,,,1
HIST25_1416,#FACTURA,Factura,Gelos Market,Gelos Market,2025-04-25,34.22,0,34.22,Tarjeta,Adquisición de mercancias,Pagado,,0,No aplíca,,2025-04-25T12:00:00,,,1
HIST25_1417,28427,Factura,SUKARNE,SUKARNE,2025-04-24,3870.4,0,3870.4,Tarjeta,Adquisición de mercancias,Pagado,,0,No aplíca,,2025-04-24T12:00:00,,,1
HIST25_1418,28440,Factura,SUKARNE,SUKARNE,2025-04-25,3846.4,0,3846.4,Tarjeta,Adquisición de mercancias,Pagado,,0,No aplíca,,2025-04-25T12:00:00,,,1
HIST25_1419,28439,Factura,SUKARNE,SUKARNE,2025-04-25,4832.1,0,4832.1,Tarjeta,Adquisición de mercancias,Pagado,,0,No aplíca,,2025-04-25T12:00:00,,,1
HIST25_1420,#FACTURA,Factura,Costco,Costco,2025-04-23,517.0,0,517.0,Tarjeta,Adquisición de mercancias,Pagado,,0,No aplíca,,2025-04-23T12:00:00,,,1
HIST25_1421,#FACTURA,Factura,Costco,Costco,2025-04-19,2000.0,0,2000.0,Tarjeta,Gastos en General,Pagado,,0,No aplíca,,2025-04-19T12:00:00,,,1
HIST25_1422,#FACTURA,Factura,WALMART,WALMART,2025-04-16,1003.0,0,1003.0,Tarjeta,Adquisición de mercancias,Pagado,,0,No aplíca,,2025-04-16T12:00:00,,,1
HIST25_1423,#FACTURA,Factura,Alsuper,Alsuper,2025-04-24,252.18,0,252.18,Tarjeta,Adquisición de mercancias,Pagado,,0,No aplíca,,2025-04-24T12:00:00,,,1
HIST25_1424,#FACTURA,Factura,Alsuper,Alsuper,2025-04-26,250.74,0,250.74,Tarjeta,Adquisición de mercancias,Pagado,,0,No aplíca,,2025-04-26T12:00:00,,,1
HIST25_1425,#FACTURA,Factura,Sam's Club,Sam's Club,2025-04-26,761.0,0,761.0,Tarjeta,Adquisición de mercancias,Pagado,,0,No aplíca,,2025-04-26T12:00:00,,,1
HIST25_1426,28454,Factura,SUKARNE,SUKARNE,2025-04-26,5879.5,0,5879.5,Tarjeta,Adquisición de mercancias,Pagado,,0,No aplíca,,2025-04-26T12:00:00,,,1
HIST25_1427,37541742,Factura,Bachoco,Bachoco,2025-04-25,11406.56,0,11406.56,Tarjeta,Adquisición de mercancias,Pagado,,0,No aplíca,,2025-04-25T12:00:00,,,1
HIST25_1428,0243235,Factura,AB Pollo,AB Pollo,2025-04-25,1162.8,0,1162.8,Tarjeta,Adquisición de mercancias,Pagado,,0,No aplíca,,2025-04-25T12:00:00,,,1
HIST25_1429,320880,Factura,HOME DEPOT,HOME DEPOT,2025-04-27,1303.58,0,1303.58,Tarjeta,Gastos en General,Pagado,,0,No aplíca,,2025-04-27T12:00:00,,,1
HIST25_1430,h003,Factura,Harinas (comida pollo),Harinas (comida pollo),2025-04-28,2256.0,0,2256.0,Tarjeta,Gastos en General,Pagado,,0,No aplíca,,2025-04-28T12:00:00,,,1
HIST25_1431,022419,Factura,INIX COMERCIAL (20 DÍAS),INIX COMERCIAL (20 DÍAS),2025-04-28,5710.49,0,5710.49,Transferencia,Gastos en General,Pagado,2025-05-18,20,Pendiente,,2025-04-28T12:00:00,,,1
HIST25_1432,632,Factura,SURTIDORA BOTANAS (7 DÍAS),SURTIDORA BOTANAS (7 DÍAS),2025-04-29,433.16,0,433.16,Transferencia,Adquisición de mercancias,Pagado,2025-05-04,5,Pendiente,,2025-04-29T12:00:00,,,1
HIST25_1433,270322,Factura,MEDFRUT (7 DÍAS),MEDFRUT (7 DÍAS),2025-04-29,293.2,0,293.2,Transferencia,Adquisición de mercancias,Pagado,2025-05-04,5,Pendiente,,2025-04-29T12:00:00,,,1
HIST25_1434,29/04/25,Factura,TARTARAS LUZ ALICIA RODRIGUEZ,TARTARAS LUZ ALICIA RODRIGUEZ,2025-04-29,900.0,0,900.0,Transferencia,Adquisición de mercancias,Pagado,2025-05-04,5,Pendiente,,2025-04-29T12:00:00,,,1
HIST25_1435,4205,Factura,Ma Eugenia Payan / Tortillas (14 días),Ma Eugenia Payan / Tortillas (14 días),2025-04-28,4998.0,0,4998.0,Transferencia,Adquisición de mercancias,Pagado,2025-05-12,14,Pendiente,,2025-04-28T12:00:00,,,1
HIST25_1436,1616083,Factura,Alsuper,Alsuper,2025-04-29,265.74,0,265.74,Tarjeta,Adquisición de mercancias,Pagado,,0,Pendiente,,2025-04-29T12:00:00,,,1
HIST25_1437,92734,Factura,SUKARNE,SUKARNE,2025-04-29,5298.4,0,5298.4,Tarjeta,Adquisición de mercancias,Pagado,,0,Pendiente,,2025-04-29T12:00:00,,,1
HIST25_1438,92735,Factura,SUKARNE,SUKARNE,2025-04-29,3891.2,0,3891.2,Tarjeta,Adquisición de mercancias,Pagado,,0,Pendiente,,2025-04-29T12:00:00,,,1
HIST25_1439,37560251,Factura,Bachoco,Bachoco,2025-04-28,11381.99,0,11381.99,Tarjeta,Adquisición de mercancias,Pagado,,0,Pendiente,,2025-04-28T12:00:00,,,1
HIST25_1440,127944,Factura,EMPAQUES Y ENVASES/JOSE LUIS MORALES GARCIA (7 días),EMPAQUES Y ENVASES/JOSE LUIS MORALES GARCIA (7 días),2025-04-29,125.0,0,125.0,Tarjeta,Gastos en General,Pagado,,0,Pendiente,,2025-04-29T12:00:00,,,1
HIST25_1441,69002,Factura,PROMAR DEL NORTE (14 DÍAS),PROMAR DEL NORTE (14 DÍAS),2025-04-29,4176.8,0,4176.8,Transferencia,Adquisición de mercancias,Pagado,2025-05-13,14,Pendiente,,2025-04-29T12:00:00,,,1
HIST25_1442,29/04/25,Factura,Dumbo / Diana Silva Ponce (12 días),Dumbo / Diana Silva Ponce (12 días),2025-04-29,860.0,0,860.0,Transferencia,Adquisición de mercancias,Pagado,2025-05-04,5,Pendiente,,2025-04-29T12:00:00,,,1
HIST25_1443,37578788,Factura,Bachoco,Bachoco,2025-04-30,12278.8,0,12278.8,Tarjeta,Adquisición de mercancias,Pagado,,0,Pendiente,,2025-04-30T12:00:00,,,1
HIST25_1444,71484,Factura,DIPACSA (7 días),DIPACSA (7 días),2025-04-30,1808.0,0,1808.0,Transferencia,Adquisición de mercancias,Pagado,2025-05-05,5,Pendiente,,2025-04-30T12:00:00,,,1
HIST25_1445,0709,Factura,NARANJA Y LIMÓN (7 DÍAS),NARANJA Y LIMÓN (7 DÍAS),2025-04-30,720.0,0,720.0,Transferencia,Adquisición de mercancias,Pagado,2025-05-05,5,Pendiente,,2025-04-30T12:00:00,,,1
HIST25_1446,270484,Factura,MEDFRUT (7 DÍAS),MEDFRUT (7 DÍAS),2025-04-30,516.0,0,516.0,Transferencia,Adquisición de mercancias,Pagado,2025-05-05,5,Pendiente,,2025-04-30T12:00:00,,,1
HIST25_1447,92776,Factura,SUKARNE,SUKARNE,2025-04-30,4386.5,0,4386.5,Tarjeta,Adquisición de mercancias,Pagado,,0,Pendiente,,2025-04-30T12:00:00,,,1
HIST25_1448,92777,Factura,SUKARNE,SUKARNE,2025-04-30,3773.3,0,3773.3,Tarjeta,Adquisición de mercancias,Pagado,,0,Pendiente,,2025-04-30T12:00:00,,,1
HIST25_1449,0131916,Factura,Alsuper,Alsuper,2025-04-30,245.65,0,245.65,Tarjeta,Adquisición de mercancias,Pagado,,0,Pendiente,,2025-04-30T12:00:00,,,1
HIST25_1450,5145,Factura,Que Pescados!,Que Pescados!,2025-04-28,1275.0,0,1275.0,Tarjeta,Adquisición de mercancias,Pagado,,0,Pendiente,,2025-04-28T12:00:00,,,1
HIST25_1451,,,NOMINA,NOMINA,2025-04-30,22817.6,0,22817.6,Transferencia,Gastos en General,Pagado,2025-04-30,0,Pendiente,,2025-04-30T12:00:00,,,1
HIST25_1452,,,SODEXO,SODEXO,2025-04-30,2808.75,0,2808.75,Transferencia,Gastos en General,Pagado,2025-04-30,0,Pendiente,,2025-04-30T12:00:00,,,1
HIST25_1453,,,PENSION ALIMENTICIA,PENSION ALIMENTICIA,2025-04-30,724.0,0,724.0,Transferencia,Gastos en General,Pagado,2025-04-30,0,Pendiente,,2025-04-30T12:00:00,,,1
HIST25_1454,56077,Factura,EMPAQUES Y ENVASES/JOSE LUIS MORALES GARCIA (7 días),EMPAQUES Y ENVASES/JOSE LUIS MORALES GARCIA (7 días),2025-05-02,1086.4,0,1086.4,Transferencia,Gastos en General,Pagado,2025-05-07,5,Pendiente,,2025-05-02T12:00:00,,,1
HIST25_1455,139013,Factura,Abarrotes Inst. (7 días),Abarrotes Inst. (7 días),2025-05-02,1617.06,0,1617.06,Transferencia,Adquisición de mercancias,Pagado,2025-05-07,5,Pendiente,,2025-05-02T12:00:00,,,1
HIST25_1456,15850,Factura,Colesa (7 días),Colesa (7 días),2025-05-02,1490.3,0,1490.3,Transferencia,Adquisición de mercancias,Pagado,2025-05-07,5,Pendiente,,2025-05-02T12:00:00,,,1
HIST25_1457,71562,Factura,DIPACSA (7 días),DIPACSA (7 días),2025-05-02,904.0,0,904.0,Transferencia,Adquisición de mercancias,Pagado,2025-05-07,5,Pendiente,,2025-05-02T12:00:00,,,1
HIST25_1458,71584,Factura,DIPACSA (7 días),DIPACSA (7 días),2025-05-02,940.0,0,940.0,Transferencia,Adquisición de mercancias,Pagado,2025-05-07,5,Pendiente,,2025-05-02T12:00:00,,,1
HIST25_1459,37595249,Factura,Bachoco,Bachoco,2025-05-02,19413.46,0,19413.46,Tarjeta,Adquisición de mercancias,Pagado,,0,Pendiente,,2025-05-02T12:00:00,,,1
HIST25_1460,47725,Factura,TORREY / IRMA OLIVIA,TORREY / IRMA OLIVIA,2025-05-02,410.0,0,410.0,Tarjeta,Gastos en General,Pagado,,0,Pendiente,,2025-05-02T12:00:00,,,1
HIST25_1461,92842,Factura,SUKARNE,SUKARNE,2025-05-02,3694.7,0,3694.7,Tarjeta,Adquisición de mercancias,Pagado,,0,Pendiente,,2025-05-02T12:00:00,,,1
HIST25_1462,92841,Factura,SUKARNE,SUKARNE,2025-05-02,4763.8,0,4763.8,Tarjeta,Adquisición de mercancias,Pagado,,0,Pendiente,,2025-05-02T12:00:00,,,1
HIST25_1463,0534793,Factura,Alsuper,Alsuper,2025-05-02,91.05,0,91.05,Tarjeta,Adquisición de mercancias,Pagado,,0,Pendiente,,2025-05-02T12:00:00,,,1
HIST25_1464,0208189,Factura,Alsuper,Alsuper,2025-05-02,518.4,0,518.4,Tarjeta,Adquisición de mercancias,Pagado,,0,Pendiente,,2025-05-02T12:00:00,,,1
HIST25_1465,270781,Factura,MEDFRUT (7 DÍAS),MEDFRUT (7 DÍAS),2025-05-03,360.0,0,360.0,Transferencia,Adquisición de mercancias,Pagado,2025-05-08,5,Pendiente,,2025-05-03T12:00:00,,,1
HIST25_1466,69068,Factura,PROMAR DEL NORTE (14 DÍAS),PROMAR DEL NORTE (14 DÍAS),2025-05-03,3654.7,0,3654.7,Transferencia,Adquisición de mercancias,Pagado,2025-05-17,14,Pendiente,,2025-05-03T12:00:00,,,1
HIST25_1467,110637,Factura,Abarrotes Inst. (7 días),Abarrotes Inst. (7 días),2025-05-03,1458.4,0,1458.4,Transferencia,Adquisición de mercancias,Pagado,2025-05-08,5,Pendiente,,2025-05-03T12:00:00,,,1
HIST25_1468,110638,Factura,Abarrotes Inst. (7 días),Abarrotes Inst. (7 días),2025-05-03,1647.1,0,1647.1,Transferencia,Adquisición de mercancias,Pagado,2025-05-08,5,Pendiente,,2025-05-03T12:00:00,,,1
HIST25_1469,664,Factura,SURTIDORA BOTANAS (7 DÍAS),SURTIDORA BOTANAS (7 DÍAS),2025-05-03,1242.64,0,1242.64,Transferencia,Adquisición de mercancias,Pagado,2025-05-08,5,Pendiente,,2025-05-03T12:00:00,,,1
HIST25_1470,0441828,Factura,Alsuper,Alsuper,2025-05-03,416.18,0,416.18,Transferencia,Adquisición de mercancias,Pagado,,0,Pendiente,,2025-05-03T12:00:00,,,1
HIST25_1471,92882,Factura,SUKARNE,SUKARNE,2025-05-03,3891.2,0,3891.2,Tarjeta,Adquisición de mercancias,Pagado,,0,Pendiente,,2025-05-03T12:00:00,,,1
HIST25_1472,92881,Factura,SUKARNE,SUKARNE,2025-05-03,4182.1,0,4182.1,Tarjeta,Adquisición de mercancias,Pagado,,0,No aplíca,,2025-05-03T12:00:00,,,1
HIST25_1473,3172,Remisión,La Cosecha / Guadalupe Caro S. (14 días),La Cosecha / Guadalupe Caro S. (14 días),2025-04-30,1490.0,0,1490.0,Transferencia,Adquisición de mercancias,Pagado,2025-05-19,19,Pendiente,,2025-04-30T12:00:00,,,1
HIST25_1474,3999,Factura,Fumigaciones Aguirre (14 días),Fumigaciones Aguirre (14 días),2025-04-29,1132.74,0,1132.74,Transferencia,Gastos en General,Pagado,2025-05-14,15,Pendiente,,2025-04-29T12:00:00,,,1
HIST25_1475,41797,Remisión,"AGYDSA ""Aceite"" (7 días)","AGYDSA ""Aceite"" (7 días)",2025-04-29,1400.0,0,1400.0,Transferencia,Adquisición de mercancias,Pagado,2025-05-04,5,Pendiente,,2025-04-29T12:00:00,,,1
HIST25_1476,0096608,Factura,Alsuper,Alsuper,2025-04-29,246.0,0,246.0,Tarjeta,Gastos en General,Pagado,,0,Pendiente,,2025-04-29T12:00:00,,,1
HIST25_1477,92931,Factura,SUKARNE,SUKARNE,2025-05-05,3989.3,0,3989.3,Tarjeta,Adquisición de mercancias,Pagado,,0,Pendiente,,2025-05-05T12:00:00,,,1
HIST25_1478,92932,Factura,SUKARNE,SUKARNE,2025-05-05,4258.4,0,4258.4,Transferencia,Adquisición de mercancias,Pagado,,0,Pendiente,,2025-05-05T12:00:00,,,1
HIST25_1479,0443216,Factura,Alsuper,Alsuper,2025-05-05,75.0,0,75.0,Tarjeta,Gastos en General,Pagado,,0,Pendiente,,2025-05-05T12:00:00,,,1
HIST25_1480,022498,Factura,INIX COMERCIAL (20 DÍAS),INIX COMERCIAL (20 DÍAS),2025-05-05,5046.77,0,5046.77,Transferencia,Gastos en General,Pagado,2025-05-25,20,Pendiente,,2025-05-05T12:00:00,,,1
HIST25_1481,16030,Factura,Colesa (7 días),Colesa (7 días),2025-05-05,638.5,0,638.5,Transferencia,Adquisición de mercancias,Pagado,2025-05-10,5,Pendiente,,2025-05-05T12:00:00,,,1
HIST25_1482,2888,Factura,Paser / Araceli V. Padilla (14 dias),Paser / Araceli V. Padilla (14 dias),2025-05-05,1655.0,0,1655.0,Transferencia,Adquisición de mercancias,Pagado,2025-05-19,14,Pendiente,,2025-05-05T12:00:00,,,1
HIST25_1483,26019,Factura,MACOPISA  (Centro de servicios),MACOPISA  (Centro de servicios),2025-04-29,923.04,0,923.04,Tarjeta,Gastos en General,Pagado,,0,Pendiente,,2025-04-29T12:00:00,,,1
HIST25_1484,460694,Factura,Casa Myers,Casa Myers,2025-05-05,42.03,0,42.03,Tarjeta,Gastos en General,Pagado,,0,Pendiente,,2025-05-05T12:00:00,,,1
HIST25_1485,460708,Factura,Casa Myers,Casa Myers,2025-05-05,182.68,0,182.68,Tarjeta,Gastos en General,Pagado,,0,Pendiente,,2025-05-05T12:00:00,,,1
HIST25_1486,0291,Remisión,NARANJA Y LIMÓN (7 DÍAS),NARANJA Y LIMÓN (7 DÍAS),2025-05-02,490.0,0,490.0,Transferencia,Adquisición de mercancias,Pagado,2025-05-07,5,Pendiente,,2025-05-02T12:00:00,,,1
HIST25_1487,30/04/25,Factura,FERR.COMERCIAL,FERR.COMERCIAL,2025-04-30,239.0,0,239.0,Tarjeta,Gastos en General,Pagado,,0,Pendiente,,2025-04-30T12:00:00,,,1
HIST25_1488,#FACTURA,,Aseo y Recolección Estrada (14 días),Aseo y Recolección Estrada (14 días),2025-05-05,1997.06,0,1997.06,Transferencia,Gastos en General,Pagado,2025-05-19,14,Pendiente,,2025-05-05T12:00:00,,,1
HIST25_1489,110527,Factura,Colesa (7 días),Colesa (7 días),2025-05-06,2547.97,0,2547.97,Transferencia,Adquisición de mercancias,Pagado,2025-05-11,5,Pendiente,,2025-05-06T12:00:00,,,1
HIST25_1490,704012,Factura,Casa Reza (7 días),Casa Reza (7 días),2025-05-06,3880.0,0,3880.0,Transferencia,Adquisición de mercancias,Pagado,2025-05-11,5,Pendiente,,2025-05-06T12:00:00,,,1
HIST25_1491,41837,Factura,"AGYDSA ""Aceite"" (7 días)","AGYDSA ""Aceite"" (7 días)",2025-05-06,1400.0,0,1400.0,Transferencia,Gastos en General,Pagado,2025-05-11,5,Pendiente,,2025-05-06T12:00:00,,,1
HIST25_1492,271039,Factura,MEDFRUT (7 DÍAS),MEDFRUT (7 DÍAS),2025-05-06,352.0,0,352.0,Transferencia,Adquisición de mercancias,Pagado,2025-05-11,5,Pendiente,,2025-05-06T12:00:00,,,1
HIST25_1493,0210444,Factura,Alsuper,Alsuper,2025-05-06,742.34,0,742.34,Tarjeta,Adquisición de mercancias,Pagado,,0,Pendiente,,2025-05-06T12:00:00,,,1
HIST25_1494,460786,Factura,Casa Myers,Casa Myers,2025-05-06,938.3,0,938.3,Tarjeta,Gastos en General,Pagado,,0,Pendiente,,2025-05-06T12:00:00,,,1
HIST25_1495,92972,Factura,SUKARNE,SUKARNE,2025-05-06,3989.3,0,3989.3,Tarjeta,Adquisición de mercancias,Pagado,,0,Pendiente,,2025-05-06T12:00:00,,,1
HIST25_1496,92973,Factura,SUKARNE,SUKARNE,2025-05-06,5072.2,0,5072.2,Tarjeta,Adquisición de mercancias,Pagado,,0,Pendiente,,2025-05-06T12:00:00,,,1
HIST25_1497,#FACTURA,Factura,Corp Arpe Gasolina,Corp Arpe Gasolina,2025-04-29,600.0,0,600.0,Tarjeta,Gastos en General,Pagado,,0,No aplíca,,2025-04-29T12:00:00,,,1
HIST25_1498,#FACTURA,Factura,Costco,Costco,2025-04-23,862.42,0,862.42,Tarjeta,Adquisición de mercancias,Pagado,,0,No aplíca,,2025-04-23T12:00:00,,,1
HIST25_1499,#FACTURA,Factura,Costco,Costco,2025-04-25,2449.0,0,2449.0,Tarjeta,Gastos en General,Pagado,,0,No aplíca,,2025-04-25T12:00:00,,,1
HIST25_1500,#FACTURA,Factura,Sam's Club,Sam's Club,2025-04-29,218.0,0,218.0,Tarjeta,Gastos en General,Pagado,,0,No aplíca,,2025-04-29T12:00:00,,,1
HIST25_1501,#FACTURA,Factura,Sam's Club,Sam's Club,2025-04-29,1120.1,0,1120.1,Tarjeta,Adquisición de mercancias,Pagado,,0,No aplíca,,2025-04-29T12:00:00,,,1
HIST25_1502,#FACTURA,Factura,Alsuper,Alsuper,2025-04-25,104.66,0,104.66,Tarjeta,Adquisición de mercancias,Pagado,,0,No aplíca,,2025-04-25T12:00:00,,,1
HIST25_1503,#FACTURA,Factura,Alsuper,Alsuper,2025-04-25,653.54,0,653.54,Tarjeta,Adquisición de mercancias,Pagado,,0,No aplíca,,2025-04-25T12:00:00,,,1
HIST25_1504,#FACTURA,Factura,Alsuper,Alsuper,2025-04-28,363.2,0,363.2,Tarjeta,Adquisición de mercancias,Pagado,,0,No aplíca,,2025-04-28T12:00:00,,,1
HIST25_1505,#FACTURA,Factura,City Club,City Club,2025-04-30,775.0,0,775.0,Tarjeta,Adquisición de mercancias,Pagado,,0,No aplíca,,2025-04-30T12:00:00,,,1
HIST25_1506,#FACTURA,Factura,HOME DEPOT,HOME DEPOT,2025-04-15,140.73,0,140.73,Tarjeta,Gastos en General,Pagado,,0,No aplíca,,2025-04-15T12:00:00,,,1
HIST25_1507,#FACTURA,Factura,Alsuper,Alsuper,2025-04-29,245.6,0,245.6,Tarjeta,Adquisición de mercancias,Pagado,,0,No aplíca,,2025-04-29T12:00:00,,,1
HIST25_1508,248189,Factura,City Club,City Club,2025-04-30,852.0,0,852.0,Tarjeta,Adquisición de mercancias,Pagado,,0,No aplíca,,2025-04-30T12:00:00,,,1
HIST25_1509,#FACTURA,,NOMINA,NOMINA,2025-04-30,2545.5,0,2545.5,Cheque,Gastos en General,Pagado,,0,No aplíca,,2025-04-30T12:00:00,,,1
HIST25_1510,26019,Factura,MACOPISA  (Centro de servicios),MACOPISA  (Centro de servicios),2025-04-29,923.04,0,923.04,Tarjeta,Gastos en General,Pagado,,0,No aplíca,,2025-04-29T12:00:00,,,1
HIST25_1511,5891,Factura,Balatas y Embragues,Balatas y Embragues,2025-05-02,3683.0,0,3683.0,Tarjeta,Gastos en General,Pagado,,0,No aplíca,,2025-05-02T12:00:00,,,1
HIST25_1512,16160,Factura,Colesa (7 días),Colesa (7 días),2025-05-07,1789.2,0,1789.2,Transferencia,Adquisición de mercancias,Pagado,2025-05-13,6,Pendiente,,2025-05-07T12:00:00,,,1
HIST25_1513,69113,Factura,PROMAR DEL NORTE (14 DÍAS),PROMAR DEL NORTE (14 DÍAS),2025-05-07,3654.7,0,3654.7,Transferencia,Adquisición de mercancias,Pagado,2025-05-21,14,Pendiente,,2025-05-07T12:00:00,,,1
HIST25_1514,71682,Factura,DIPACSA (7 días),DIPACSA (7 días),2025-05-07,2643.0,0,2643.0,Transferencia,Adquisición de mercancias,Pagado,2025-05-12,5,Pendiente,,2025-05-07T12:00:00,,,1
HIST25_1515,4208,Factura,Ma Eugenia Payan / Tortillas (14 días),Ma Eugenia Payan / Tortillas (14 días),2025-05-06,2257.5,0,2257.5,Transferencia,Adquisición de mercancias,Pagado,2025-05-20,14,Pendiente,,2025-05-06T12:00:00,,,1
HIST25_1516,110668,Factura,Abarrotes Inst. (7 días),Abarrotes Inst. (7 días),2025-05-05,1127.09,0,1127.09,Transferencia,Adquisición de mercancias,Pagado,2025-05-10,5,Pendiente,,2025-05-05T12:00:00,,,1
HIST25_1517,46345,Factura,Bodega Eléctrica,Bodega Eléctrica,2025-05-05,742.98,0,742.98,Tarjeta,Gastos en General,Pagado,,0,Pendiente,,2025-05-05T12:00:00,,,1
HIST25_1518,37631793,Factura,Bachoco,Bachoco,2025-05-07,14663.72,0,14663.72,Tarjeta,Adquisición de mercancias,Pagado,,0,Pendiente,,2025-05-07T12:00:00,,,1
HIST25_1519,37613500,Factura,Bachoco,Bachoco,2025-05-05,10298.11,0,10298.11,Tarjeta,Adquisición de mercancias,Pagado,,0,Pendiente,,2025-05-05T12:00:00,,,1
HIST25_1520,93015,Factura,SUKARNE,SUKARNE,2025-05-07,3702.6,0,3702.6,Tarjeta,Adquisición de mercancias,Pagado,,0,Pendiente,,2025-05-07T12:00:00,,,1
HIST25_1521,93016,Factura,SUKARNE,SUKARNE,2025-05-07,3742.4,0,3742.4,Tarjeta,Adquisición de mercancias,Pagado,,0,Pendiente,,2025-05-07T12:00:00,,,1
HIST25_1522,t,Factura,Sam's Club,Sam's Club,2025-05-02,1422.95,0,1422.95,Tarjeta,Adquisición de mercancias,Pagado,,0,Pendiente,,2025-05-02T12:00:00,,,1
HIST25_1523,02/05/25,Factura,Costco,Costco,2025-05-02,762.0,0,762.0,Tarjeta,Adquisición de mercancias,Pagado,,0,Pendiente,,2025-05-02T12:00:00,,,1
HIST25_1524,07/05/25,Factura,Costco,Costco,2025-05-07,298.0,0,298.0,Tarjeta,Adquisición de mercancias,Pagado,,0,Pendiente,,2025-05-07T12:00:00,,,1
HIST25_1525,0537666,Factura,Alsuper,Alsuper,2025-05-07,190.56,0,190.56,Tarjeta,Adquisición de mercancias,Pagado,,0,Pendiente,,2025-05-07T12:00:00,,,1
HIST25_1526,0170096,Factura,Alsuper,Alsuper,2025-05-05,1221.45,0,1221.45,Tarjeta,Gastos en General,Pagado,,0,Pendiente,,2025-05-05T12:00:00,,,1
HIST25_1527,2901,Factura,Paser / Araceli V. Padilla (14 dias),Paser / Araceli V. Padilla (14 dias),2025-05-08,827.5,0,827.5,Transferencia,Adquisición de mercancias,Pagado,2025-05-22,14,Pendiente,,2025-05-08T12:00:00,,,1
HIST25_1528,21161,Factura,Quesos y + Quesos / Armando Villanueva (7 días),Quesos y + Quesos / Armando Villanueva (7 días),2025-05-08,2534.4,0,2534.4,Transferencia,Adquisición de mercancias,Pagado,2025-05-13,5,Pendiente,,2025-05-08T12:00:00,,,1
HIST25_1529,56252,Factura,EMPAQUES Y ENVASES/JOSE LUIS MORALES GARCIA (7 días),EMPAQUES Y ENVASES/JOSE LUIS MORALES GARCIA (7 días),2025-05-08,1061.99,0,1061.99,Transferencia,Gastos en General,Pagado,2025-05-13,5,Pendiente,,2025-05-08T12:00:00,,,1
HIST25_1530,703,Factura,SURTIDORA BOTANAS (7 DÍAS),SURTIDORA BOTANAS (7 DÍAS),2025-05-08,660.52,0,660.52,Transferencia,Adquisición de mercancias,Pagado,2025-05-13,5,Pendiente,,2025-05-08T12:00:00,,,1
HIST25_1531,271197,Factura,MEDFRUT (7 DÍAS),MEDFRUT (7 DÍAS),2025-05-08,435.0,0,435.0,Transferencia,Adquisición de mercancias,Pagado,2025-05-13,5,Pendiente,,2025-05-08T12:00:00,,,1
HIST25_1532,08/05/25,Factura,La Espiga Dorada  / JUAN MANUEL CASTRO (7 días),La Espiga Dorada  / JUAN MANUEL CASTRO (7 días),2025-05-08,1100.0,0,1100.0,Transferencia,Adquisición de mercancias,Pagado,2025-05-13,5,Pendiente,,2025-05-08T12:00:00,,,1
HIST25_1533,93053,Factura,SUKARNE,SUKARNE,2025-05-08,4857.2,0,4857.2,Tarjeta,Adquisición de mercancias,Pagado,,0,Pendiente,,2025-05-08T12:00:00,,,1
HIST25_1534,3196,Remisión,La Cosecha / Guadalupe Caro S. (14 días),La Cosecha / Guadalupe Caro S. (14 días),2025-05-07,1330.0,0,1330.0,Transferencia,Adquisición de mercancias,Pagado,2025-05-23,16,Pendiente,,2025-05-07T12:00:00,,,1
HIST25_1535,595917,Remisión,Productos Lácteos Los Pinos (7 DÍAS),Productos Lácteos Los Pinos (7 DÍAS),2025-05-08,1036.0,0,1036.0,Transferencia,Adquisición de mercancias,Pagado,2025-05-13,5,Pendiente,,2025-05-08T12:00:00,,,1
HIST25_1536,55982,Factura,EMPAQUES Y ENVASES/JOSE LUIS MORALES GARCIA (7 días),EMPAQUES Y ENVASES/JOSE LUIS MORALES GARCIA (7 días),2025-04-28,976.8,0,976.8,Transferencia,Gastos en General,Pagado,2025-05-08,10,Pendiente,,2025-04-28T12:00:00,,,1
HIST25_1537,55803,Factura,EMPAQUES Y ENVASES/JOSE LUIS MORALES GARCIA (7 días),EMPAQUES Y ENVASES/JOSE LUIS MORALES GARCIA (7 días),2025-04-19,1819.31,0,1819.31,Transferencia,Gastos en General,Pagado,2025-05-08,19,Pendiente,,2025-04-19T12:00:00,,,1
HIST25_1538,55803,Factura,EMPAQUES Y ENVASES/JOSE LUIS MORALES GARCIA (7 días),EMPAQUES Y ENVASES/JOSE LUIS MORALES GARCIA (7 días),2025-04-19,1819.31,0,1819.31,Transferencia,Gastos en General,Pagado,2025-05-08,19,Pendiente,,2025-04-19T12:00:00,,,1
HIST25_1539,110799,Factura,Abarrotes Inst. (7 días),Abarrotes Inst. (7 días),2025-05-09,998.06,0,998.06,Transferencia,Adquisición de mercancias,Pagado,2025-05-14,5,Pendiente,,2025-05-09T12:00:00,,,1
HIST25_1540,65478,Factura,EMPAQUES Y ENVASES/JOSE LUIS MORALES GARCIA (7 días),EMPAQUES Y ENVASES/JOSE LUIS MORALES GARCIA (7 días),2025-05-09,996.41,0,996.41,Transferencia,Gastos en General,Pagado,2025-05-14,5,Pendiente,,2025-05-09T12:00:00,,,1
HIST25_1541,56277,Factura,EMPAQUES Y ENVASES/JOSE LUIS MORALES GARCIA (7 días),EMPAQUES Y ENVASES/JOSE LUIS MORALES GARCIA (7 días),2025-05-09,310.0,0,310.0,Transferencia,Gastos en General,Pagado,2025-05-14,5,Pendiente,,2025-05-09T12:00:00,,,1
HIST25_1542,16334,Factura,Colesa (7 días),Colesa (7 días),2025-05-09,344.1,0,344.1,Transferencia,Adquisición de mercancias,Pagado,2025-05-14,5,Pendiente,,2025-05-09T12:00:00,,,1
HIST25_1543,16349,Factura,Colesa (7 días),Colesa (7 días),2025-05-09,449.46,0,449.46,Transferencia,Adquisición de mercancias,Pagado,2025-05-14,5,Pendiente,,2025-05-09T12:00:00,,,1
HIST25_1544,71743,Factura,DIPACSA (7 días),DIPACSA (7 días),2025-05-09,1808.0,0,1808.0,Transferencia,Adquisición de mercancias,Pagado,2025-05-14,5,Pendiente,,2025-05-09T12:00:00,,,1
HIST25_1545,271328,Factura,MEDFRUT (7 DÍAS),MEDFRUT (7 DÍAS),2025-05-09,526.0,0,526.0,Transferencia,Adquisición de mercancias,Pagado,2025-05-14,5,Pendiente,,2025-05-09T12:00:00,,,1
HIST25_1546,0539054,Factura,Alsuper,Alsuper,2025-05-09,502.92,0,502.92,Tarjeta,Adquisición de mercancias,Pagado,,0,Pendiente,,2025-05-09T12:00:00,,,1
HIST25_1547,93094,Factura,SUKARNE,SUKARNE,2025-05-09,5041.9,0,5041.9,Tarjeta,Adquisición de mercancias,Pagado,,0,Pendiente,,2025-05-09T12:00:00,,,1
HIST25_1548,37649943,Factura,Bachoco,Bachoco,2025-05-09,14138.33,0,14138.33,Tarjeta,Adquisición de mercancias,Pagado,,0,Pendiente,,2025-05-09T12:00:00,,,1
HIST25_1549,16397,Factura,Colesa (7 días),Colesa (7 días),2025-05-10,3587.22,0,3587.22,Transferencia,Adquisición de mercancias,Pagado,2025-05-15,5,Pendiente,,2025-05-10T12:00:00,,,1
HIST25_1550,2925,Factura,Paser / Araceli V. Padilla (14 dias),Paser / Araceli V. Padilla (14 dias),2025-05-10,827.5,0,827.5,Transferencia,Adquisición de mercancias,Pagado,2025-05-24,14,Pendiente,,2025-05-10T12:00:00,,,1
HIST25_1551,10/05/25,Factura,Salsa La Moncha / Janeth Gonzalez (14 días),Salsa La Moncha / Janeth Gonzalez (14 días),2025-05-10,533.0,0,533.0,Transferencia,Adquisición de mercancias,Pagado,2025-05-15,5,Pendiente,,2025-05-10T12:00:00,,,1
HIST25_1552,93133,Factura,SUKARNE,SUKARNE,2025-05-10,4482.9,0,4482.9,Tarjeta,Adquisición de mercancias,Pagado,,0,Pendiente,,2025-05-10T12:00:00,,,1
HIST25_1553,#FACTURA,,CFE,CFE,2025-05-12,388.0,0,388.0,Tarjeta,Gastos en General,Pagado,2025-05-12,0,No aplíca,,2025-05-12T12:00:00,,,1
HIST25_1554,383338,Factura,Papas Santa Fe / Procepap (7 dias),Papas Santa Fe / Procepap (7 dias),2025-05-12,558.0,0,558.0,Transferencia,Adquisición de mercancias,Pagado,2025-05-17,5,Pendiente,,2025-05-12T12:00:00,,,1
HIST25_1555,16481,Factura,Colesa (7 días),Colesa (7 días),2025-05-12,1129.0,0,1129.0,Transferencia,Adquisición de mercancias,Pagado,2025-05-17,5,Pendiente,,2025-05-12T12:00:00,,,1
HIST25_1556,56329,Factura,EMPAQUES Y ENVASES/JOSE LUIS MORALES GARCIA (7 días),EMPAQUES Y ENVASES/JOSE LUIS MORALES GARCIA (7 días),2025-05-12,683.99,0,683.99,Transferencia,Gastos en General,Pagado,2025-05-17,5,Pendiente,,2025-05-12T12:00:00,,,1
HIST25_1557,729,Factura,SURTIDORA BOTANAS (7 DÍAS),SURTIDORA BOTANAS (7 DÍAS),2025-05-12,808.5,0,808.5,Transferencia,Adquisición de mercancias,Pagado,2025-05-17,5,Pendiente,,2025-05-12T12:00:00,,,1
HIST25_1558,38278,Factura,Papas Santa Fe / Procepap (7 dias),Papas Santa Fe / Procepap (7 dias),2025-05-10,474.0,0,474.0,Transferencia,Adquisición de mercancias,Pagado,2025-05-15,5,Pendiente,,2025-05-10T12:00:00,,,1
HIST25_1559,#FACTURA,Factura,City Club,City Club,2025-05-05,476.0,0,476.0,,Adquisición de mercancias,Pendiente,,0,Pendiente,,2025-05-05T12:00:00,,,1
HIST25_1560,37667306,Factura,Bachoco,Bachoco,2025-05-12,15024.77,0,15024.77,Tarjeta,Adquisición de mercancias,Pagado,,0,Pendiente,,2025-05-12T12:00:00,,,1
HIST25_1561,93186,Factura,SUKARNE,SUKARNE,2025-05-12,5556.8,0,5556.8,Tarjeta,Adquisición de mercancias,Pagado,,0,Pendiente,,2025-05-12T12:00:00,,,1
HIST25_1562,93185,Factura,SUKARNE,SUKARNE,2025-05-12,5464.7,0,5464.7,Transferencia,Adquisición de mercancias,Pagado,,0,Pendiente,,2025-05-12T12:00:00,,,1
HIST25_1563,#FACTURA,Factura,Costco,Costco,2025-05-03,687.36,0,687.36,Tarjeta,Gastos en General,Pagado,,0,No aplíca,,2025-05-03T12:00:00,,,1
HIST25_1564,0541110,Factura,Alsuper,Alsuper,2025-05-12,440.0,0,440.0,Tarjeta,Adquisición de mercancias,Pagado,,0,Pendiente,,2025-05-12T12:00:00,,,1
HIST25_1565,#FACTURA,Factura,Costco,Costco,2025-05-04,2399.0,0,2399.0,Tarjeta,Gastos en General,Pagado,,0,No aplíca,,2025-05-04T12:00:00,,,1
HIST25_1566,#FACTURA,Factura,City Club,City Club,2025-05-05,240.2,0,240.2,Tarjeta,Gastos en General,Pagado,,0,No aplíca,,2025-05-05T12:00:00,,,1
HIST25_1567,#FACTURA,Factura,City Club,City Club,2025-05-10,1159.0,0,1159.0,Tarjeta,Adquisición de mercancias,Pagado,,0,No aplíca,,2025-05-10T12:00:00,,,1
HIST25_1568,#FACTURA,Factura,Sam's Club,Sam's Club,2025-05-04,670.42,0,670.42,Tarjeta,Adquisición de mercancias,Pagado,,0,No aplíca,,2025-05-04T12:00:00,,,1
HIST25_1569,#FACTURA,Factura,Sam's Club,Sam's Club,2025-05-10,2315.61,0,2315.61,Tarjeta,Adquisición de mercancias,Pagado,,0,No aplíca,,2025-05-10T12:00:00,,,1
HIST25_1570,#FACTURA,Factura,Sam's Club,Sam's Club,2025-05-09,601.0,0,601.0,Tarjeta,Adquisición de mercancias,Pagado,,0,No aplíca,,2025-05-09T12:00:00,,,1
HIST25_1571,#FACTURA,Factura,City Club,City Club,2025-05-06,764.0,0,764.0,Tarjeta,Adquisición de mercancias,Pagado,,0,No aplíca,,2025-05-06T12:00:00,,,1
HIST25_1572,#FACTURA,Factura,Sam's Club,Sam's Club,2025-05-06,1127.0,0,1127.0,Tarjeta,Adquisición de mercancias,Pagado,,0,No aplíca,,2025-05-06T12:00:00,,,1
HIST25_1573,#FACTURA,Factura,Sam's Club,Sam's Club,2025-05-08,1175.0,0,1175.0,Tarjeta,Adquisición de mercancias,Pagado,,0,No aplíca,,2025-05-08T12:00:00,,,1
HIST25_1574,#FACTURA,Factura,Sam's Club,Sam's Club,2025-05-08,218.01,0,218.01,Tarjeta,Adquisición de mercancias,Pagado,,0,No aplíca,,2025-05-08T12:00:00,,,1
HIST25_1575,33,Factura,Carmen Ortega P. / Salsa Macha Pepis (14 días),Carmen Ortega P. / Salsa Macha Pepis (14 días),2025-05-10,1440.0,0,1440.0,Transferencia,Adquisición de mercancias,Pagado,2025-05-24,14,Pendiente,,2025-05-10T12:00:00,,,1
HIST25_1576,103089,Factura,Diplas / Hector A Portillo (20 días),Diplas / Hector A Portillo (20 días),2025-05-09,3024.99,0,3024.99,Transferencia,Gastos en General,Pagado,2025-05-29,20,Pendiente,,2025-05-09T12:00:00,,,1
HIST25_1577,139190,Factura,Abarrotes Inst. (7 días),Abarrotes Inst. (7 días),2025-05-08,713.17,0,713.17,Transferencia,Adquisición de mercancias,Pagado,2025-05-13,5,Pendiente,,2025-05-08T12:00:00,,,1
HIST25_1578,271595,Factura,MEDFRUT (7 DÍAS),MEDFRUT (7 DÍAS),2025-05-12,317.2,0,317.2,Transferencia,Adquisición de mercancias,Pagado,2025-05-17,5,Pendiente,,2025-05-12T12:00:00,,,1
HIST25_1579,#FACTURA,,NOMINA,NOMINA,2025-05-09,2175.0,0,2175.0,Cheque,Gastos en General,Pagado,,0,No aplíca,,2025-05-09T12:00:00,,,1
HIST25_1580,#FACTURA,,NOMINA,NOMINA,2025-05-08,22670.0,0,22670.0,Transferencia,Gastos en General,Pagado,2025-05-09,1,Pendiente,,2025-05-08T12:00:00,,,1
HIST25_1581,#FACTURA,,SODEXO,SODEXO,2025-05-02,2920.55,0,2920.55,Transferencia,Gastos en General,Pagado,,0,Pendiente,,2025-05-02T12:00:00,,,1
HIST25_1582,#FACTURA,,PENSION ALIMENTICIA,PENSION ALIMENTICIA,2025-05-08,866.12,0,866.12,Transferencia,Gastos en General,Pagado,2025-05-09,1,Pendiente,,2025-05-08T12:00:00,,,1
HIST25_1583,13/05/25,Factura,La Espiga Dorada  / JUAN MANUEL CASTRO (7 días),La Espiga Dorada  / JUAN MANUEL CASTRO (7 días),2025-05-13,1100.0,0,1100.0,Transferencia,Adquisición de mercancias,Pendiente,,0,Pendiente,,2025-05-13T12:00:00,,,1
HIST25_1584,71863,Factura,DIPACSA (7 días),DIPACSA (7 días),2025-05-13,904.0,0,904.0,Transferencia,Adquisición de mercancias,Pagado,2025-05-18,5,Pendiente,,2025-05-13T12:00:00,,,1
HIST25_1585,08/05/25,Factura,Dumbo / Diana Silva Ponce (12 días),Dumbo / Diana Silva Ponce (12 días),2025-05-08,594.0,0,594.0,Transferencia,Adquisición de mercancias,Pagado,2025-05-13,5,Pendiente,,2025-05-08T12:00:00,,,1
HIST25_1586,114760,Factura,Colesa (7 días),Colesa (7 días),2025-05-13,2418.32,0,2418.32,Transferencia,Adquisición de mercancias,Pagado,2025-05-18,5,Pendiente,,2025-05-13T12:00:00,,,1
HIST25_1587,41908,Remisión,"AGYDSA ""Aceite"" (7 días)","AGYDSA ""Aceite"" (7 días)",2025-05-13,2100.0,0,2100.0,Transferencia,Gastos en General,Pagado,2025-05-18,5,Pendiente,,2025-05-13T12:00:00,,,1
HIST25_1588,25458,Factura,La basa laminados de barro,La basa laminados de barro,2025-05-13,929.69,0,929.69,Tarjeta,Gastos en General,Pagado,,0,Pendiente,,2025-05-13T12:00:00,,,1
HIST25_1589,93217,Factura,SUKARNE,SUKARNE,2025-05-13,5188.5,0,5188.5,Tarjeta,Adquisición de mercancias,Pagado,,0,Pendiente,,2025-05-13T12:00:00,,,1
HIST25_1590,93214,Factura,SUKARNE,SUKARNE,2025-05-13,6677.9,0,6677.9,Tarjeta,Adquisición de mercancias,Pagado,,0,Pendiente,,2025-05-13T12:00:00,,,1
HIST25_1591,461302,Factura,Casa Myers,Casa Myers,2025-05-13,21.81,0,21.81,Tarjeta,Gastos en General,Pagado,,0,Pendiente,,2025-05-13T12:00:00,,,1
HIST25_1592,#FACTURA0720,Remisión,NARANJA Y LIMÓN (7 DÍAS),NARANJA Y LIMÓN (7 DÍAS),2025-05-13,1455.0,0,1455.0,Transferencia,Adquisición de mercancias,Pagado,2025-05-18,5,Pendiente,,2025-05-13T12:00:00,,,1
HIST25_1593,2402,Remisión,La Cosecha / Guadalupe Caro S. (14 días),La Cosecha / Guadalupe Caro S. (14 días),2025-05-13,1365.0,0,1365.0,Transferencia,Adquisición de mercancias,Pagado,2025-05-27,14,Pendiente,,2025-05-13T12:00:00,,,1
HIST25_1594,281,Remisión,,,2025-05-14,1473.0,0,1473.0,Transferencia,Adquisición de mercancias,Pagado,2025-05-14,0,Pendiente,,2025-05-14T12:00:00,,,1
HIST25_1595,114771,Factura,Colesa (7 días),Colesa (7 días),2025-05-14,3176.47,0,3176.47,Transferencia,Adquisición de mercancias,Pagado,2025-05-19,5,Pendiente,,2025-05-14T12:00:00,,,1
HIST25_1596,71882,Factura,DIPACSA (7 días),DIPACSA (7 días),2025-05-14,904.0,0,904.0,Transferencia,Adquisición de mercancias,Pagado,2025-05-19,5,Pendiente,,2025-05-14T12:00:00,,,1
HIST25_1597,37684420,Factura,Bachoco,Bachoco,2025-05-14,14046.55,0,14046.55,Tarjeta,Adquisición de mercancias,Pagado,,0,Pendiente,,2025-05-14T12:00:00,,,1
HIST25_1598,93244,Factura,SUKARNE,SUKARNE,2025-05-14,5389.4,0,5389.4,Tarjeta,Adquisición de mercancias,Pagado,,0,Pendiente,,2025-05-14T12:00:00,,,1
HIST25_1599,34512,Factura,SUKARNE,SUKARNE,2025-05-14,5690.2,0,5690.2,Tarjeta,Adquisición de mercancias,Pagado,,0,Pendiente,,2025-05-14T12:00:00,,,1
HIST25_1600,,,NOMINA,NOMINA,2025-05-15,20137.4,0,20137.4,Transferencia,Gastos en General,Pagado,2025-05-15,0,Pendiente,,2025-05-15T12:00:00,,,1
HIST25_1601,#FACTURA,,PENSION ALIMENTICIA,PENSION ALIMENTICIA,2025-05-15,866.0,0,866.0,Transferencia,Gastos en General,Pagado,2025-05-15,0,Pendiente,,2025-05-15T12:00:00,,,1
HIST25_1602,#FACTURA,,SODEXO,SODEXO,2025-05-15,2476.14,0,2476.14,Transferencia,Gastos en General,Pagado,2025-05-15,0,Pendiente,,2025-05-15T12:00:00,,,1
HIST25_1603,15498,Factura,ERO Grande (20 días),ERO Grande (20 días),2025-05-15,1500.0,0,1500.0,Transferencia,Adquisición de mercancias,Pagado,2025-05-30,15,Pendiente,,2025-05-15T12:00:00,,,1
HIST25_1604,114781,Factura,Colesa (7 días),Colesa (7 días),2025-05-15,701.55,0,701.55,Transferencia,Adquisición de mercancias,Pagado,2025-05-20,5,Pendiente,,2025-05-15T12:00:00,,,1
HIST25_1605,2950,Factura,Paser / Araceli V. Padilla (14 dias),Paser / Araceli V. Padilla (14 dias),2025-05-15,827.5,0,827.5,Transferencia,Adquisición de mercancias,Pagado,2025-05-29,14,Pendiente,,2025-05-15T12:00:00,,,1
HIST25_1606,7916,Factura,DIPACSA (7 días),DIPACSA (7 días),2025-05-15,770.0,0,770.0,Transferencia,Adquisición de mercancias,Pagado,2025-05-20,5,Pendiente,,2025-05-15T12:00:00,,,1
HIST25_1607,022677,Factura,INIX COMERCIAL (20 DÍAS),INIX COMERCIAL (20 DÍAS),2025-05-15,1211.61,0,1211.61,Transferencia,Gastos en General,Pagado,2025-06-04,20,Pendiente,,2025-05-15T12:00:00,,,1
HIST25_1608,022676,Factura,INIX COMERCIAL (20 DÍAS),INIX COMERCIAL (20 DÍAS),2025-05-15,3820.2,0,3820.2,Transferencia,Gastos en General,Pagado,2025-06-04,20,Pendiente,,2025-05-15T12:00:00,,,1
HIST25_1609,271921,Factura,MEDFRUT (7 DÍAS),MEDFRUT (7 DÍAS),2025-05-15,463.2,0,463.2,Transferencia,Adquisición de mercancias,Pagado,2025-05-20,5,Pendiente,,2025-05-15T12:00:00,,,1
HIST25_1610,139416,Factura,Abarrotes Inst. (7 días),Abarrotes Inst. (7 días),2025-05-15,3803.38,0,3803.38,Transferencia,Adquisición de mercancias,Pagado,2025-05-20,5,Pendiente,,2025-05-15T12:00:00,,,1
HIST25_1611,34533,Factura,SUKARNE,SUKARNE,2025-05-15,4678.0,0,4678.0,Tarjeta,Adquisición de mercancias,Pagado,,0,Pendiente,,2025-05-15T12:00:00,,,1
HIST25_1612,93269,Factura,SUKARNE,SUKARNE,2025-05-15,4393.5,0,4393.5,Tarjeta,Adquisición de mercancias,Pagado,,0,Pendiente,,2025-05-15T12:00:00,,,1
HIST25_1613,0450016,Factura,Alsuper,Alsuper,2025-05-15,33.8,0,33.8,Tarjeta,Gastos en General,Pagado,,0,Pendiente,,2025-05-15T12:00:00,,,1
HIST25_1614,0543199,Factura,Alsuper,Alsuper,2025-05-15,299.0,0,299.0,Tarjeta,Gastos en General,Pagado,,0,Pendiente,,2025-05-15T12:00:00,,,1
HIST25_1615,0450017,Factura,Alsuper,Alsuper,2025-05-15,621.77,0,621.77,Tarjeta,Adquisición de mercancias,Pagado,,0,Pendiente,,2025-05-15T12:00:00,,,1
HIST25_1616,326462,Factura,HOME DEPOT,HOME DEPOT,2025-05-12,910.41,0,910.41,Tarjeta,Gastos en General,Pagado,,0,Pendiente,,2025-05-12T12:00:00,,,1
HIST25_1617,43703,Factura,Abastecedora de oficinas,Abastecedora de oficinas,2025-05-15,160.5,0,160.5,Tarjeta,Gastos en General,Pagado,,0,Pendiente,,2025-05-15T12:00:00,,,1
HIST25_1618,113,Remisión,GONZALO GALLEGOS,GONZALO GALLEGOS,2025-05-15,1215.0,0,1215.0,Transferencia,Adquisición de mercancias,Pagado,2025-05-20,5,Pendiente,,2025-05-15T12:00:00,,,1
HIST25_1619,37701468,Factura,Bachoco,Bachoco,2025-05-16,10782.6,0,10782.6,Tarjeta,Adquisición de mercancias,Pagado,,0,Pendiente,,2025-05-16T12:00:00,,,1
HIST25_1620,56445,Factura,EMPAQUES Y ENVASES/JOSE LUIS MORALES GARCIA (7 días),EMPAQUES Y ENVASES/JOSE LUIS MORALES GARCIA (7 días),2025-05-16,685.0,0,685.0,Transferencia,Gastos en General,Pagado,2025-05-21,5,Pendiente,,2025-05-16T12:00:00,,,1
HIST25_1621,21274,Factura,Quesos y + Quesos / Armando Villanueva (7 días),Quesos y + Quesos / Armando Villanueva (7 días),2025-05-16,2766.0,0,2766.0,Transferencia,Adquisición de mercancias,Pagado,2025-05-21,5,Pendiente,,2025-05-16T12:00:00,,,1
HIST25_1622,93313,Factura,SUKARNE,SUKARNE,2025-05-16,5665.6,0,5665.6,Tarjeta,Adquisición de mercancias,Pagado,,0,Pendiente,,2025-05-16T12:00:00,,,1
HIST25_1623,0159321,Factura,Alsuper,Alsuper,2025-05-16,73.44,0,73.44,Tarjeta,Adquisición de mercancias,Pagado,,0,Pendiente,,2025-05-16T12:00:00,,,1
HIST25_1624,0543863,Factura,Alsuper,Alsuper,2025-05-16,74.7,0,74.7,Tarjeta,Adquisición de mercancias,Pagado,,0,Pendiente,,2025-05-16T12:00:00,,,1
HIST25_1625,t,Factura,Farmacia del Ahorro,Farmacia del Ahorro,2025-05-16,59.0,0,59.0,Tarjeta,Gastos en General,Pagado,,0,Pendiente,,2025-05-16T12:00:00,,,1
HIST25_1626,16875,Factura,Colesa (7 días),Colesa (7 días),2025-05-17,4009.32,0,4009.32,Transferencia,Adquisición de mercancias,Pagado,2025-05-22,5,Pendiente,,2025-05-17T12:00:00,,,1
HIST25_1627,139555,Factura,Abarrotes Inst. (7 días),Abarrotes Inst. (7 días),2025-05-17,1115.29,0,1115.29,Transferencia,Adquisición de mercancias,Pagado,2025-05-22,5,Pendiente,,2025-05-17T12:00:00,,,1
HIST25_1628,272151,Factura,MEDFRUT (7 DÍAS),MEDFRUT (7 DÍAS),2025-05-17,753.0,0,753.0,Transferencia,Adquisición de mercancias,Pagado,2025-05-22,5,Pendiente,,2025-05-17T12:00:00,,,1
HIST25_1629,93357,Factura,SUKARNE,SUKARNE,2025-05-17,5158.7,0,5158.7,Tarjeta,Adquisición de mercancias,Pagado,,0,Pendiente,,2025-05-17T12:00:00,,,1
HIST25_1630,93359,Factura,SUKARNE,SUKARNE,2025-05-17,5076.0,0,5076.0,Tarjeta,Adquisición de mercancias,Pagado,,0,Pendiente,,2025-05-17T12:00:00,,,1
HIST25_1631,16953,Factura,Colesa (7 días),Colesa (7 días),2025-05-19,1891.88,0,1891.88,Transferencia,Adquisición de mercancias,Pagado,2025-05-24,5,Pendiente,,2025-05-19T12:00:00,,,1
HIST25_1632,56497,Factura,EMPAQUES Y ENVASES/JOSE LUIS MORALES GARCIA (7 días),EMPAQUES Y ENVASES/JOSE LUIS MORALES GARCIA (7 días),2025-05-19,2370.0,0,2370.0,Transferencia,Adquisición de mercancias,Pagado,2025-05-24,5,Pendiente,,2025-05-19T12:00:00,,,1
HIST25_1633,2962,Factura,Paser / Araceli V. Padilla (14 dias),Paser / Araceli V. Padilla (14 dias),2025-05-19,1655.0,0,1655.0,Transferencia,Adquisición de mercancias,Pagado,2025-06-02,14,Pendiente,,2025-05-19T12:00:00,,,1
HIST25_1634,37719881,Factura,Bachoco,Bachoco,2025-05-19,18521.93,0,18521.93,Tarjeta,Adquisición de mercancias,Pagado,,0,Pendiente,,2025-05-19T12:00:00,,,1
HIST25_1635,93412,Factura,SUKARNE,SUKARNE,2025-05-19,4133.5,0,4133.5,Tarjeta,Adquisición de mercancias,Pagado,,0,Pendiente,,2025-05-19T12:00:00,,,1
HIST25_1636,93413,Factura,SUKARNE,SUKARNE,2025-05-19,3877.3,0,3877.3,Tarjeta,Adquisición de mercancias,Pagado,,0,Pendiente,,2025-05-19T12:00:00,,,1
HIST25_1637,328258,Factura,HOME DEPOT,HOME DEPOT,2025-05-19,920.0,0,920.0,Tarjeta,Gastos en General,Pagado,,0,Pendiente,,2025-05-19T12:00:00,,,1
HIST25_1638,#FACTURA,Factura,Sam's Club,Sam's Club,2025-05-13,601.0,0,601.0,Tarjeta,Adquisición de mercancias,Pagado,,0,No aplíca,,2025-05-13T12:00:00,,,1
HIST25_1639,#FACTURA,Factura,Sam's Club,Sam's Club,2025-05-13,1137.96,0,1137.96,Tarjeta,Adquisición de mercancias,Pagado,,0,No aplíca,,2025-05-13T12:00:00,,,1
HIST25_1640,#FACTURA,Factura,Costco,Costco,2025-05-12,3617.45,0,3617.45,Tarjeta,Adquisición de mercancias,Pagado,,0,No aplíca,,2025-05-12T12:00:00,,,1
HIST25_1641,0245216,Factura,AB Pollo,AB Pollo,2025-05-16,1162.8,0,1162.8,Tarjeta,Adquisición de mercancias,Pagado,,0,No aplíca,,2025-05-16T12:00:00,,,1
HIST25_1642,13052025,Factura,Sal de mar/ Celia i. Germes,Sal de mar/ Celia i. Germes,2025-05-13,400.0,0,400.0,Transferencia,Adquisición de mercancias,Pagado,2025-05-24,11,Pendiente,,2025-05-13T12:00:00,,,1
HIST25_1643,71940,Factura,DIPACSA (7 días),DIPACSA (7 días),2025-05-16,2643.0,0,2643.0,Transferencia,Adquisición de mercancias,Pagado,2025-05-21,5,Pendiente,,2025-05-16T12:00:00,,,1
HIST25_1644,778,Factura,SURTIDORA BOTANAS (7 DÍAS),SURTIDORA BOTANAS (7 DÍAS),2025-05-16,944.72,0,944.72,Transferencia,Adquisición de mercancias,Pagado,2025-05-21,5,Pendiente,,2025-05-16T12:00:00,,,1
HIST25_1645,815,Factura,Dumbo / Diana Silva Ponce (12 días),Dumbo / Diana Silva Ponce (12 días),2025-05-15,860.0,0,860.0,Transferencia,Adquisición de mercancias,Pagado,2025-05-22,7,Pendiente,,2025-05-15T12:00:00,,,1
HIST25_1646,60130,Factura,KEY QUÍMICA (14 DÍAS),KEY QUÍMICA (14 DÍAS),2025-05-17,1198.0,0,1198.0,Transferencia,Gastos en General,Pagado,2025-05-31,14,Pendiente,,2025-05-17T12:00:00,,,1
HIST25_1647,56390,Factura,EMPAQUES Y ENVASES/JOSE LUIS MORALES GARCIA (7 días),EMPAQUES Y ENVASES/JOSE LUIS MORALES GARCIA (7 días),2025-05-14,384.66,0,384.66,Transferencia,Gastos en General,Pagado,2025-05-22,8,Pendiente,,2025-05-14T12:00:00,,,1
HIST25_1648,4209,Factura,Ma Eugenia Payan / Tortillas (14 días),Ma Eugenia Payan / Tortillas (14 días),2025-05-13,2719.5,0,2719.5,Transferencia,Adquisición de mercancias,Pagado,2025-05-27,14,Pendiente,,2025-05-13T12:00:00,,,1
HIST25_1649,139493,Factura,Abarrotes Inst. (7 días),Abarrotes Inst. (7 días),2025-05-16,814.23,0,814.23,Transferencia,Adquisición de mercancias,Pagado,2025-05-21,5,Pendiente,,2025-05-16T12:00:00,,,1
HIST25_1650,#FACTURA,,NOMINA,NOMINA,2025-05-15,1957.5,0,1957.5,Cheque,Gastos en General,Pagado,,0,No aplíca,,2025-05-15T12:00:00,,,1
HIST25_1651,110840,Factura,Abarrotes Inst. (7 días),Abarrotes Inst. (7 días),2025-05-20,1036.27,0,1036.27,Transferencia,Adquisición de mercancias,Pagado,2025-05-25,5,Pendiente,,2025-05-20T12:00:00,,,1
HIST25_1652,704589,Factura,Casa Reza (7 días),Casa Reza (7 días),2025-05-20,3880.0,0,3880.0,Transferencia,Adquisición de mercancias,Pagado,2025-05-25,5,Pendiente,,2025-05-20T12:00:00,,,1
HIST25_1653,110534,Factura,Colesa (7 días),Colesa (7 días),2025-05-20,2399.6,0,2399.6,Transferencia,Adquisición de mercancias,Pagado,2025-05-25,5,Pendiente,,2025-05-20T12:00:00,,,1
HIST25_1654,272382,Factura,MEDFRUT (7 DÍAS),MEDFRUT (7 DÍAS),2025-05-20,337.0,0,337.0,Transferencia,Adquisición de mercancias,Pagado,2025-05-25,5,Pendiente,,2025-05-20T12:00:00,,,1
HIST25_1655,93443,Factura,SUKARNE,SUKARNE,2025-05-20,5381.0,0,5381.0,Tarjeta,Adquisición de mercancias,Pagado,,0,Pendiente,,2025-05-20T12:00:00,,,1
HIST25_1656,93442,Factura,SUKARNE,SUKARNE,2025-05-20,4845.4,0,4845.4,Tarjeta,Adquisición de mercancias,Pagado,,0,Pendiente,,2025-05-20T12:00:00,,,1
HIST25_1657,3409,Remisión,La Cosecha / Guadalupe Caro S. (14 días),La Cosecha / Guadalupe Caro S. (14 días),2025-05-20,1575.0,0,1575.0,Transferencia,Adquisición de mercancias,Pagado,2025-06-05,16,Pendiente,,2025-05-20T12:00:00,,,1
HIST25_1658,17086,Factura,Colesa (7 días),Colesa (7 días),2025-05-21,3104.76,0,3104.76,Transferencia,Adquisición de mercancias,Pagado,2025-05-26,5,Pendiente,,2025-05-21T12:00:00,,,1
HIST25_1659,56561,Factura,EMPAQUES Y ENVASES/JOSE LUIS MORALES GARCIA (7 días),EMPAQUES Y ENVASES/JOSE LUIS MORALES GARCIA (7 días),2025-05-21,860.0,0,860.0,Transferencia,Gastos en General,Pagado,2025-05-26,5,Pendiente,,2025-05-21T12:00:00,,,1
HIST25_1660,38829,Factura,Papas Santa Fe / Procepap (7 dias),Papas Santa Fe / Procepap (7 dias),2025-05-21,615.6,0,615.6,Transferencia,Adquisición de mercancias,Pagado,2025-05-26,5,Pendiente,,2025-05-21T12:00:00,,,1
HIST25_1661,3778343,Factura,Bachoco,Bachoco,2025-05-21,15708.67,0,15708.67,Tarjeta,Adquisición de mercancias,Pagado,,0,Pendiente,,2025-05-21T12:00:00,,,1
HIST25_1662,34710,Factura,SUKARNE,SUKARNE,2025-05-21,5531.0,0,5531.0,Tarjeta,Adquisición de mercancias,Pagado,,0,Pendiente,,2025-05-21T12:00:00,,,1
HIST25_1663,93470,Factura,SUKARNE,SUKARNE,2025-05-21,5724.1,0,5724.1,Tarjeta,Adquisición de mercancias,Pagado,,0,Pendiente,,2025-05-21T12:00:00,,,1
HIST25_1664,022764,Factura,INIX COMERCIAL (20 DÍAS),INIX COMERCIAL (20 DÍAS),2025-05-21,3989.85,0,3989.85,Transferencia,Gastos en General,Pagado,2025-06-10,20,Pendiente,,2025-05-21T12:00:00,,,1
HIST25_1665,41951,Remisión,"AGYDSA ""Aceite"" (7 días)","AGYDSA ""Aceite"" (7 días)",2025-05-20,2100.0,0,2100.0,Transferencia,Adquisición de mercancias,Pagado,2025-05-25,5,Pendiente,,2025-05-20T12:00:00,,,1
HIST25_1666,T,Factura,Sam's Club,Sam's Club,2025-05-15,1432.92,0,1432.92,Tarjeta,Adquisición de mercancias,Pagado,,0,Pendiente,,2025-05-15T12:00:00,,,1
HIST25_1667,T,Factura,Sam's Club,Sam's Club,2025-05-16,935.0,0,935.0,Tarjeta,Adquisición de mercancias,Pagado,,0,Pendiente,,2025-05-16T12:00:00,,,1
HIST25_1668,T,Factura,Sam's Club,Sam's Club,2025-05-16,1252.98,0,1252.98,Tarjeta,Adquisición de mercancias,Pagado,,0,Pendiente,,2025-05-16T12:00:00,,,1
HIST25_1669,T,Factura,Sam's Club,Sam's Club,2025-05-17,1035.5,0,1035.5,Tarjeta,Adquisición de mercancias,Pagado,,0,Pendiente,,2025-05-17T12:00:00,,,1
HIST25_1670,T,Factura,Costco,Costco,2025-05-17,1383.4,0,1383.4,Tarjeta,Adquisición de mercancias,Pagado,,0,Pendiente,,2025-05-17T12:00:00,,,1
HIST25_1671,T,Factura,Costco,Costco,2025-05-21,527.0,0,527.0,Tarjeta,Adquisición de mercancias,Pagado,,0,Pendiente,,2025-05-21T12:00:00,,,1
HIST25_1672,0002388065,Factura,Costco gas s.a,Costco gas s.a,2025-05-19,1199.5,0,1199.5,Tarjeta,Gastos en General,Pagado,,0,Pendiente,,2025-05-19T12:00:00,,,1
HIST25_1673,17199,Factura,Colesa (7 días),Colesa (7 días),2025-05-22,1316.87,0,1316.87,Transferencia,Adquisición de mercancias,Pagado,2025-05-27,5,Pendiente,,2025-05-22T12:00:00,,,1
HIST25_1674,812,Factura,SURTIDORA BOTANAS (7 DÍAS),SURTIDORA BOTANAS (7 DÍAS),2025-05-22,1096.62,0,1096.62,Transferencia,Adquisición de mercancias,Pagado,2025-05-27,5,Pendiente,,2025-05-22T12:00:00,,,1
HIST25_1675,022797,Factura,INIX COMERCIAL (20 DÍAS),INIX COMERCIAL (20 DÍAS),2025-05-22,967.95,0,967.95,Transferencia,Gastos en General,Pagado,2025-06-11,20,Pendiente,,2025-05-22T12:00:00,,,1
HIST25_1676,72113,Factura,DIPACSA (7 días),DIPACSA (7 días),2025-05-22,1904.0,0,1904.0,Transferencia,Adquisición de mercancias,Pagado,2025-05-27,5,Pendiente,,2025-05-22T12:00:00,,,1
HIST25_1677,0086902,Factura,Alsuper,Alsuper,2025-05-21,191.31,0,191.31,Tarjeta,Adquisición de mercancias,Pagado,,0,Pendiente,,2025-05-21T12:00:00,,,1
HIST25_1678,596169,Factura,Productos Lácteos Los Pinos (7 DÍAS),Productos Lácteos Los Pinos (7 DÍAS),2025-05-22,740.0,0,740.0,Transferencia,Adquisición de mercancias,Pagado,2025-05-27,5,Pendiente,,2025-05-22T12:00:00,,,1
HIST25_1679,93504,Factura,SUKARNE,SUKARNE,2025-05-22,4659.8,0,4659.8,Tarjeta,Adquisición de mercancias,Pagado,,0,Pendiente,,2025-05-22T12:00:00,,,1
HIST25_1680,34737,Factura,SUKARNE,SUKARNE,2025-05-22,5724.1,0,5724.1,Tarjeta,Adquisición de mercancias,Pagado,,0,Pendiente,,2025-05-22T12:00:00,,,1
HIST25_1681,345880,Factura,Casa Myers,Casa Myers,2025-05-22,150.96,0,150.96,Tarjeta,Gastos en General,Pagado,,0,Pendiente,,2025-05-22T12:00:00,,,1
HIST25_1682,345893,Factura,Casa Myers,Casa Myers,2025-05-22,265.95,0,265.95,Tarjeta,Gastos en General,Pagado,,0,Pendiente,,2025-05-22T12:00:00,,,1
HIST25_1683,22/05/25,Factura,Dumbo / Diana Silva Ponce (12 días),Dumbo / Diana Silva Ponce (12 días),2025-05-22,632.0,0,632.0,Transferencia,Adquisición de mercancias,Pagado,2025-05-27,5,Pendiente,,2025-05-22T12:00:00,,,1
HIST25_1684,#FACTURA,,HIPOTECA ADELA ALVIDREZ BARRON,HIPOTECA ADELA ALVIDREZ BARRON,2025-05-23,28298.23,0,28298.23,Transferencia,Gastos en General,Pagado,2025-05-23,0,Pendiente,,2025-05-23T12:00:00,,,1
HIST25_1685,#FACTURA,,HIPOTECA LUIS ELIZONDO,HIPOTECA LUIS ELIZONDO,2025-05-23,20235.0,0,20235.0,Transferencia,Gastos en General,Pagado,2025-05-23,0,Pendiente,,2025-05-23T12:00:00,,,1
HIST25_1686,#FACTURA,,NOMINA,NOMINA,2025-05-22,22447.4,0,22447.4,Transferencia,Gastos en General,Pagado,2025-05-22,0,Pendiente,,2025-05-22T12:00:00,,,1
HIST25_1687,#FACTURA,,SODEXO,SODEXO,2025-05-22,2496.92,0,2496.92,Transferencia,Gastos en General,Pagado,2025-05-22,0,Pendiente,,2025-05-22T12:00:00,,,1
HIST25_1688,#FACTURA,,PENSION ALIMENTICIA,PENSION ALIMENTICIA,2025-05-22,866.12,0,866.12,Transferencia,Gastos en General,Pagado,2025-05-23,1,Pendiente,,2025-05-22T12:00:00,,,1
HIST25_1689,0730,Remisión,NARANJA Y LIMÓN (7 DÍAS),NARANJA Y LIMÓN (7 DÍAS),2025-05-23,1455.0,0,1455.0,Transferencia,Adquisición de mercancias,Pagado,2025-05-28,5,Pendiente,,2025-05-23T12:00:00,,,1
HIST25_1690,72149,Factura,DIPACSA (7 días),DIPACSA (7 días),2025-05-23,1808.0,0,1808.0,Transferencia,Adquisición de mercancias,Pagado,2025-05-28,5,Pendiente,,2025-05-23T12:00:00,,,1
HIST25_1691,110551,Factura,Colesa (7 días),Colesa (7 días),2025-05-23,3615.88,0,3615.88,Transferencia,Adquisición de mercancias,Pagado,2025-05-28,5,Pendiente,,2025-05-23T12:00:00,,,1
HIST25_1692,23/05/25,Factura,Salsa La Moncha / Janeth Gonzalez (14 días),Salsa La Moncha / Janeth Gonzalez (14 días),2025-05-23,913.0,0,913.0,Transferencia,Adquisición de mercancias,Pagado,2025-05-28,5,Pendiente,,2025-05-23T12:00:00,,,1
HIST25_1693,21/05/25,Factura,La Espiga Dorada  / JUAN MANUEL CASTRO (7 días),La Espiga Dorada  / JUAN MANUEL CASTRO (7 días),2025-05-21,1320.0,0,1320.0,Transferencia,Adquisición de mercancias,Pagado,2025-05-26,5,Pendiente,,2025-05-21T12:00:00,,,1
HIST25_1694,21369,Factura,Quesos y + Quesos / Armando Villanueva (7 días),Quesos y + Quesos / Armando Villanueva (7 días),2025-05-23,2442.0,0,2442.0,Transferencia,Adquisición de mercancias,Pagado,2025-05-28,5,Pendiente,,2025-05-23T12:00:00,,,1
HIST25_1695,3775202,Factura,Bachoco,Bachoco,2025-05-23,10463.08,0,10463.08,Tarjeta,Adquisición de mercancias,Pagado,,0,Pendiente,,2025-05-23T12:00:00,,,1
HIST25_1696,93548,Factura,SUKARNE,SUKARNE,2025-05-23,5597.3,0,5597.3,Tarjeta,Adquisición de mercancias,Pagado,,0,Pendiente,,2025-05-23T12:00:00,,,1
HIST25_1697,0296249,Factura,Alsuper,Alsuper,2025-05-23,457.27,0,457.27,Tarjeta,Adquisición de mercancias,Pagado,,0,Pendiente,,2025-05-23T12:00:00,,,1
HIST25_1698,t,Factura,Farmacia del Ahorro,Farmacia del Ahorro,2025-05-23,54.0,0,54.0,Tarjeta,Gastos en General,Pagado,,0,Pendiente,,2025-05-23T12:00:00,,,1
HIST25_1699,34,Factura,Carmen Ortega P. / Salsa Macha Pepis (14 días),Carmen Ortega P. / Salsa Macha Pepis (14 días),2025-05-23,1440.0,0,1440.0,Transferencia,Adquisición de mercancias,Pagado,2025-06-06,14,Pendiente,,2025-05-23T12:00:00,,,1
HIST25_1700,2992,Factura,Paser / Araceli V. Padilla (14 dias),Paser / Araceli V. Padilla (14 dias),2025-05-24,1655.0,0,1655.0,Transferencia,Adquisición de mercancias,Pagado,2025-06-07,14,Pendiente,,2025-05-24T12:00:00,,,1
HIST25_1701,17308,Factura,Colesa (7 días),Colesa (7 días),2025-05-24,1468.86,0,1468.86,Transferencia,Adquisición de mercancias,Pagado,2025-05-29,5,Pendiente,,2025-05-24T12:00:00,,,1
HIST25_1702,272841,Factura,MEDFRUT (7 DÍAS),MEDFRUT (7 DÍAS),2025-05-24,340.0,0,340.0,Transferencia,Adquisición de mercancias,Pagado,2025-05-30,6,Pendiente,,2025-05-24T12:00:00,,,1
HIST25_1703,93589,Factura,SUKARNE,SUKARNE,2025-05-24,5468.7,0,5468.7,Tarjeta,Adquisición de mercancias,Pagado,,0,Pendiente,,2025-05-24T12:00:00,,,1
HIST25_1704,17412,Factura,Colesa (7 días),Colesa (7 días),2025-05-26,731.0,0,731.0,Transferencia,Adquisición de mercancias,Pagado,2025-05-31,5,Pendiente,,2025-05-26T12:00:00,,,1
HIST25_1705,56676,Factura,EMPAQUES Y ENVASES/JOSE LUIS MORALES GARCIA (7 días),EMPAQUES Y ENVASES/JOSE LUIS MORALES GARCIA (7 días),2025-05-26,624.21,0,624.21,Transferencia,Gastos en General,Pagado,2025-05-31,5,Pendiente,,2025-05-26T12:00:00,,,1
HIST25_1706,139743,Factura,Abarrotes Inst. (7 días),Abarrotes Inst. (7 días),2025-05-26,2635.66,0,2635.66,Transferencia,Adquisición de mercancias,Pagado,2025-05-31,5,Pendiente,,2025-05-26T12:00:00,,,1
HIST25_1707,26/05/25,Factura,TARTARAS LUZ ALICIA RODRIGUEZ,TARTARAS LUZ ALICIA RODRIGUEZ,2025-05-26,900.0,0,900.0,Transferencia,Adquisición de mercancias,Pagado,2025-05-31,5,Pendiente,,2025-05-26T12:00:00,,,1
HIST25_1708,42000,Remisión,"AGYDSA ""Aceite"" (7 días)","AGYDSA ""Aceite"" (7 días)",2025-05-26,2800.0,0,2800.0,Transferencia,Gastos en General,Pagado,2025-05-31,5,Pendiente,,2025-05-26T12:00:00,,,1
HIST25_1709,72228,Factura,DIPACSA (7 días),DIPACSA (7 días),2025-05-26,835.0,0,835.0,Transferencia,Adquisición de mercancias,Pagado,2025-05-31,5,Pendiente,,2025-05-26T12:00:00,,,1
HIST25_1710,33,Factura,Salsa La Moncha / Janeth Gonzalez (14 días),Salsa La Moncha / Janeth Gonzalez (14 días),2025-05-26,1020.0,0,1020.0,Transferencia,Adquisición de mercancias,Pagado,2025-05-31,5,Pendiente,,2025-05-26T12:00:00,,,1
HIST25_1711,93635,Factura,SUKARNE,SUKARNE,2025-05-26,5031.5,0,5031.5,Tarjeta,Adquisición de mercancias,Pagado,,0,Pendiente,,2025-05-26T12:00:00,,,1
HIST25_1712,93636,Factura,SUKARNE,SUKARNE,2025-05-26,5794.4,0,5794.4,Tarjeta,Adquisición de mercancias,Pagado,,0,Pendiente,,2025-05-26T12:00:00,,,1
HIST25_1713,46794,Factura,ADOSA,ADOSA,2025-05-26,872.9,0,872.9,Tarjeta,Gastos en General,Pagado,,0,Pendiente,,2025-05-26T12:00:00,,,1
HIST25_1714,273103,Factura,MEDFRUT (7 DÍAS),MEDFRUT (7 DÍAS),2025-05-27,754.0,0,754.0,Transferencia,Adquisición de mercancias,Pagado,2025-06-01,5,Pendiente,,2025-05-27T12:00:00,,,1
HIST25_1715,17494,Factura,Colesa (7 días),Colesa (7 días),2025-05-27,1925.53,0,1925.53,Transferencia,Adquisición de mercancias,Pagado,2025-06-01,5,Pendiente,,2025-05-27T12:00:00,,,1
HIST25_1716,022859,Factura,INIX COMERCIAL (20 DÍAS),INIX COMERCIAL (20 DÍAS),2025-05-27,1251.66,0,1251.66,Transferencia,Gastos en General,Pagado,2025-06-16,20,Pendiente,,2025-05-27T12:00:00,,,1
HIST25_1717,103773,Factura,Diplas / Hector A Portillo (20 días),Diplas / Hector A Portillo (20 días),2025-05-27,2161.92,0,2161.92,Transferencia,Gastos en General,Pagado,2025-06-16,20,Pendiente,,2025-05-27T12:00:00,,,1
HIST25_1718,95794,Remisión,Ribé procesadora,Ribé procesadora,2025-05-27,2790.0,0,2790.0,Tarjeta,Adquisición de mercancias,Pagado,,0,Pendiente,,2025-05-27T12:00:00,,,1
HIST25_1719,95810,Remisión,Ribé procesadora,Ribé procesadora,2025-05-27,5046.4,0,5046.4,Tarjeta,Adquisición de mercancias,Pagado,,0,Pendiente,,2025-05-27T12:00:00,,,1
HIST25_1720,37774164,Factura,Bachoco,Bachoco,2025-05-26,12512.74,0,12512.74,Transferencia,Adquisición de mercancias,Pagado,,0,Pendiente,,2025-05-26T12:00:00,,,1
HIST25_1721,169205,Factura,Gas El Sobrante,Gas El Sobrante,2025-05-26,200.73,0,200.73,Tarjeta,Gastos en General,Pagado,,0,Pendiente,,2025-05-26T12:00:00,,,1
HIST25_1722,346262,Factura,Casa Myers,Casa Myers,2025-05-27,78.69,0,78.69,Tarjeta,Gastos en General,Pagado,,0,Pendiente,,2025-05-27T12:00:00,,,1
HIST25_1723,2609,Factura,Resistencias y controles,Resistencias y controles,2025-05-27,443.12,0,443.12,Tarjeta,Gastos en General,Pagado,,0,Pendiente,,2025-05-27T12:00:00,,,1
HIST25_1724,346261,Factura,Casa Myers,Casa Myers,2025-05-27,185.43,0,185.43,Tarjeta,Gastos en General,Pagado,,0,Pendiente,,2025-05-27T12:00:00,,,1
HIST25_1725,T,Factura,City Club,City Club,2025-05-23,1381.0,0,1381.0,Tarjeta,Adquisición de mercancias,Pagado,,0,Pendiente,,2025-05-23T12:00:00,,,1
HIST25_1726,0387638,Factura,Carne Mart,Carne Mart,2025-05-22,1038.04,0,1038.04,Tarjeta,Adquisición de mercancias,Pagado,,0,Pendiente,,2025-05-22T12:00:00,,,1
HIST25_1727,T,Factura,Sam's Club,Sam's Club,2025-05-22,1040.0,0,1040.0,Tarjeta,Adquisición de mercancias,Pagado,,0,Pendiente,,2025-05-22T12:00:00,,,1
HIST25_1728,T,Factura,Costco,Costco,2025-05-22,742.05,0,742.05,Tarjeta,Adquisición de mercancias,Pagado,,0,Pendiente,,2025-05-22T12:00:00,,,1
HIST25_1729,0450735,Factura,Alsuper,Alsuper,2025-05-16,96.74,0,96.74,Tarjeta,Adquisición de mercancias,Pagado,,0,Pendiente,,2025-05-16T12:00:00,,,1
HIST25_1730,T,Factura,Sam's Club,Sam's Club,2025-05-21,1032.95,0,1032.95,Tarjeta,Adquisición de mercancias,Pagado,,0,Pendiente,,2025-05-21T12:00:00,,,1
HIST25_1731,37791433,Factura,Alsuper,Alsuper,2025-05-28,13996.92,0,13996.92,Tarjeta,Adquisición de mercancias,Pagado,,0,Pendiente,,2025-05-28T12:00:00,,,1
HIST25_1732,3449,Remisión,La Cosecha / Guadalupe Caro S. (14 días),La Cosecha / Guadalupe Caro S. (14 días),2025-05-24,1845.0,0,1845.0,Transferencia,Adquisición de mercancias,Pagado,2025-06-08,15,Pendiente,,2025-05-24T12:00:00,,,1
HIST25_1733,0734,Remisión,NARANJA Y LIMÓN (7 DÍAS),NARANJA Y LIMÓN (7 DÍAS),2025-05-28,1455.0,0,1455.0,Transferencia,Adquisición de mercancias,Pagado,2025-06-02,5,Pendiente,,2025-05-28T12:00:00,,,1
HIST25_1734,139793,Factura,Abarrotes Inst. (7 días),Abarrotes Inst. (7 días),2025-05-28,1821.61,0,1821.61,Transferencia,Adquisición de mercancias,Pagado,2025-06-02,5,Pendiente,,2025-05-28T12:00:00,,,1
HIST25_1735,17559,Factura,Colesa (7 días),Colesa (7 días),2025-05-28,1107.44,0,1107.44,Transferencia,Adquisición de mercancias,Pagado,2025-06-02,5,Pendiente,,2025-05-28T12:00:00,,,1
HIST25_1736,17557,Factura,Colesa (7 días),Colesa (7 días),2025-05-28,94.0,0,94.0,Transferencia,Adquisición de mercancias,Pagado,2025-06-02,5,Pendiente,,2025-05-28T12:00:00,,,1
HIST25_1737,0323141,Factura,Alsuper,Alsuper,2025-05-28,469.94,0,469.94,Tarjeta,Adquisición de mercancias,Pagado,,0,Pendiente,,2025-05-28T12:00:00,,,1
HIST25_1738,93689,Factura,SUKARNE,SUKARNE,2025-05-28,5106.8,0,5106.8,Tarjeta,Adquisición de mercancias,Pagado,,0,Pendiente,,2025-05-28T12:00:00,,,1
HIST25_1739,93688,Factura,SUKARNE,SUKARNE,2025-05-28,5475.4,0,5475.4,Tarjeta,Adquisición de mercancias,Pagado,,0,Pendiente,,2025-05-28T12:00:00,,,1
HIST25_1740,0552477,Factura,Alsuper,Alsuper,2025-05-28,55.65,0,55.65,Tarjeta,Adquisición de mercancias,Pagado,,0,Pendiente,,2025-05-28T12:00:00,,,1
HIST25_1741,95837,Remisión,Ribé procesadora,Ribé procesadora,2025-05-28,477.29,0,477.29,Tarjeta,Adquisición de mercancias,Pagado,,0,Pendiente,,2025-05-28T12:00:00,,,1
HIST25_1742,39245,Factura,Papas Santa Fe / Procepap (7 dias),Papas Santa Fe / Procepap (7 dias),2025-05-29,1184.4,0,1184.4,Transferencia,Adquisición de mercancias,Pagado,2025-06-03,5,Pendiente,,2025-05-29T12:00:00,,,1
HIST25_1743,72322,Factura,DIPACSA (7 días),DIPACSA (7 días),2025-05-29,904.0,0,904.0,Transferencia,Adquisición de mercancias,Pagado,2025-06-03,5,Pendiente,,2025-05-29T12:00:00,,,1
HIST25_1744,3011,Factura,Paser / Araceli V. Padilla (14 dias),Paser / Araceli V. Padilla (14 dias),2025-05-29,827.5,0,827.5,Transferencia,Adquisición de mercancias,Pagado,2025-06-12,14,Pendiente,,2025-05-29T12:00:00,,,1
HIST25_1745,114835,Factura,Colesa (7 días),Colesa (7 días),2025-05-29,1777.3,0,1777.3,Transferencia,Adquisición de mercancias,Pagado,2025-06-03,5,Pendiente,,2025-05-29T12:00:00,,,1
HIST25_1746,34,Factura,Salsa La Moncha / Janeth Gonzalez (14 días),Salsa La Moncha / Janeth Gonzalez (14 días),2025-05-29,368.0,0,368.0,Transferencia,Adquisición de mercancias,Pagado,2025-06-03,5,Pendiente,,2025-05-29T12:00:00,,,1
HIST25_1747,56784,Factura,EMPAQUES Y ENVASES/JOSE LUIS MORALES GARCIA (7 días),EMPAQUES Y ENVASES/JOSE LUIS MORALES GARCIA (7 días),2025-05-29,527.2,0,527.2,Transferencia,Adquisición de mercancias,Pagado,2025-06-04,6,Pendiente,,2025-05-29T12:00:00,,,1
HIST25_1748,46804,Factura,Bodega Eléctrica,Bodega Eléctrica,2025-05-28,53.33,0,53.33,Tarjeta,Gastos en General,Pagado,,0,Pendiente,,2025-05-28T12:00:00,,,1
HIST25_1749,56775,Factura,EMPAQUES Y ENVASES/JOSE LUIS MORALES GARCIA (7 días),EMPAQUES Y ENVASES/JOSE LUIS MORALES GARCIA (7 días),2025-05-28,1023.0,0,1023.0,Transferencia,Gastos en General,Pagado,2025-06-02,5,Pendiente,,2025-05-28T12:00:00,,,1
HIST25_1750,830,Factura,Dumbo / Diana Silva Ponce (12 días),Dumbo / Diana Silva Ponce (12 días),2025-05-29,632.0,0,632.0,Transferencia,Adquisición de mercancias,Pagado,2025-06-03,5,Pendiente,,2025-05-29T12:00:00,,,1
HIST25_1751,870,Factura,SURTIDORA BOTANAS (7 DÍAS),SURTIDORA BOTANAS (7 DÍAS),2025-05-29,789.88,0,789.88,Transferencia,Adquisición de mercancias,Pagado,2025-06-03,5,Pendiente,,2025-05-29T12:00:00,,,1
HIST25_1752,92729,Factura,SUKARNE,SUKARNE,2025-05-29,5703.5,0,5703.5,Tarjeta,Adquisición de mercancias,Pagado,,0,Pendiente,,2025-05-29T12:00:00,,,1
HIST25_1753,93728,Factura,SUKARNE,SUKARNE,2025-05-29,4282.0,0,4282.0,Tarjeta,Adquisición de mercancias,Pagado,,0,Pendiente,,2025-05-29T12:00:00,,,1
HIST25_1754,1185902,Factura,Alsuper,Alsuper,2025-05-29,577.62,0,577.62,Tarjeta,Adquisición de mercancias,Pagado,,0,Pendiente,,2025-05-29T12:00:00,,,1
HIST25_1755,0061722,Factura,Alsuper,Alsuper,2025-05-29,299.99,0,299.99,Tarjeta,Adquisición de mercancias,Pagado,,0,Pendiente,,2025-05-29T12:00:00,,,1
HIST25_1756,318,Factura,DIMAC ARQUITECTURA,DIMAC ARQUITECTURA,2025-05-29,5800.0,0,5800.0,Transferencia,Gastos en General,Pagado,2025-05-30,1,Pendiente,,2025-05-29T12:00:00,,,1
HIST25_1757,17713,Factura,Colesa (7 días),Colesa (7 días),2025-05-30,2427.88,0,2427.88,Transferencia,Adquisición de mercancias,Pagado,2025-06-04,5,Pendiente,,2025-05-30T12:00:00,,,1
HIST25_1758,21462,Factura,Quesos y + Quesos / Armando Villanueva (7 días),Quesos y + Quesos / Armando Villanueva (7 días),2025-05-30,1514.0,0,1514.0,Transferencia,Adquisición de mercancias,Pagado,2025-06-05,6,Pendiente,,2025-05-30T12:00:00,,,1
HIST25_1759,72374,Factura,DIPACSA (7 días),DIPACSA (7 días),2025-05-30,604.0,0,604.0,Transferencia,Adquisición de mercancias,Pagado,2025-06-04,5,Pendiente,,2025-05-30T12:00:00,,,1
HIST25_1760,273370,Factura,MEDFRUT (7 DÍAS),MEDFRUT (7 DÍAS),2025-05-30,500.0,0,500.0,Transferencia,Adquisición de mercancias,Pagado,2025-06-04,5,Pendiente,,2025-05-30T12:00:00,,,1
HIST25_1761,139842,Factura,Abarrotes Inst. (7 días),Abarrotes Inst. (7 días),2025-05-30,1859.17,0,1859.17,Transferencia,Adquisición de mercancias,Pagado,2025-06-04,5,Pendiente,,2025-05-30T12:00:00,,,1
HIST25_1762,37808549,Factura,Bachoco,Bachoco,2025-05-30,13814.89,0,13814.89,Tarjeta,Adquisición de mercancias,Pagado,,0,Pendiente,,2025-05-30T12:00:00,,,1
HIST25_1763,93772,Factura,SUKARNE,SUKARNE,2025-05-30,5598.2,0,5598.2,Tarjeta,Adquisición de mercancias,Pagado,,0,Pendiente,,2025-05-30T12:00:00,,,1
HIST25_1764,93771,Factura,SUKARNE,SUKARNE,2025-05-30,5225.5,0,5225.5,Tarjeta,Adquisición de mercancias,Pagado,,0,Pendiente,,2025-05-30T12:00:00,,,1
HIST25_1765,0256576,Factura,AB Pollo,AB Pollo,2025-05-31,2397.6,0,2397.6,Tarjeta,Adquisición de mercancias,Pagado,,0,Pendiente,,2025-05-31T12:00:00,,,1
HIST25_1766,110587,Factura,Colesa (7 días),Colesa (7 días),2025-05-31,3016.11,0,3016.11,Transferencia,Adquisición de mercancias,Pagado,2025-06-05,5,Pendiente,,2025-05-31T12:00:00,,,1
HIST25_1767,022936,Factura,INIX COMERCIAL (20 DÍAS),INIX COMERCIAL (20 DÍAS),2025-05-31,1503.96,0,1503.96,Transferencia,Adquisición de mercancias,Pagado,2025-06-20,20,Pendiente,,2025-05-31T12:00:00,,,1
HIST25_1768,02/06/25,Factura,La Espiga Dorada  / JUAN MANUEL CASTRO (7 días),La Espiga Dorada  / JUAN MANUEL CASTRO (7 días),2025-06-02,880.0,0,880.0,Transferencia,Adquisición de mercancias,Pagado,2025-06-07,5,Pendiente,,2025-06-02T12:00:00,,,1
HIST25_1769,111188,Factura,Abarrotes Inst. (7 días),Abarrotes Inst. (7 días),2025-06-02,1222.63,0,1222.63,Transferencia,Adquisición de mercancias,Pagado,2025-06-07,5,Pendiente,,2025-06-02T12:00:00,,,1
HIST25_1770,93854,Factura,SUKARNE,SUKARNE,2025-06-02,5431.5,0,5431.5,Tarjeta,Adquisición de mercancias,Pagado,,0,Pendiente,,2025-06-02T12:00:00,,,1
HIST25_1771,93853,Factura,SUKARNE,SUKARNE,2025-06-02,5519.2,0,5519.2,Tarjeta,Adquisición de mercancias,Pagado,,0,Pendiente,,2025-06-02T12:00:00,,,1
HIST25_1772,2057838,Factura,Alsuper,Alsuper,2025-06-02,101.8,0,101.8,Tarjeta,Adquisición de mercancias,Pagado,,0,Pendiente,,2025-06-02T12:00:00,,,1
HIST25_1773,014515,Factura,Alsuper,Alsuper,2025-06-02,760.45,0,760.45,Tarjeta,Adquisición de mercancias,Pagado,,0,Pendiente,,2025-06-02T12:00:00,,,1
HIST25_1774,56801,Factura,EMPAQUES Y ENVASES/JOSE LUIS MORALES GARCIA (7 días),EMPAQUES Y ENVASES/JOSE LUIS MORALES GARCIA (7 días),2025-05-29,441.0,0,441.0,Transferencia,Gastos en General,Pagado,2025-06-03,5,Pendiente,,2025-05-29T12:00:00,,,1
HIST25_1775,42062,Remisión,"AGYDSA ""Aceite"" (7 días)","AGYDSA ""Aceite"" (7 días)",2025-06-02,2100.0,0,2100.0,Transferencia,Gastos en General,Pagado,2025-06-07,5,Pendiente,,2025-06-02T12:00:00,,,1
HIST25_1776,T,Factura,WALMART,WALMART,2025-06-02,181.0,0,181.0,Tarjeta,Adquisición de mercancias,Pagado,,0,Pendiente,,2025-06-02T12:00:00,,,1
HIST25_1777,T,Factura,Sam's Club,Sam's Club,2025-05-26,1497.0,0,1497.0,Tarjeta,Adquisición de mercancias,Pagado,,0,Pendiente,,2025-05-26T12:00:00,,,1
HIST25_1778,T,Factura,Sam's Club,Sam's Club,2025-05-26,305.0,0,305.0,Tarjeta,Adquisición de mercancias,Pagado,,0,Pendiente,,2025-05-26T12:00:00,,,1
HIST25_1779,T,Factura,Sam's Club,Sam's Club,2025-05-23,1070.9,0,1070.9,Tarjeta,Adquisición de mercancias,Pagado,,0,Pendiente,,2025-05-23T12:00:00,,,1
HIST25_1780,T,Factura,Sam's Club,Sam's Club,2025-05-24,930.0,0,930.0,Tarjeta,Adquisición de mercancias,Pagado,,0,Pendiente,,2025-05-24T12:00:00,,,1
HIST25_1781,T,Factura,Sam's Club,Sam's Club,2025-05-27,1134.0,0,1134.0,Tarjeta,Adquisición de mercancias,Pagado,,0,Pendiente,,2025-05-27T12:00:00,,,1
HIST25_1782,T,Factura,Sam's Club,Sam's Club,2025-05-24,219.0,0,219.0,Tarjeta,Gastos en General,Pagado,,0,Pendiente,,2025-05-24T12:00:00,,,1
HIST25_1783,0550801,Factura,Alsuper,Alsuper,2025-05-26,326.7,0,326.7,Tarjeta,Adquisición de mercancias,Pagado,,0,Pendiente,,2025-05-26T12:00:00,,,1
HIST25_1784,0550857,Factura,Alsuper,Alsuper,2025-05-26,35.95,0,35.95,Tarjeta,Adquisición de mercancias,Pagado,,0,Pendiente,,2025-05-26T12:00:00,,,1
HIST25_1785,0002408745,Factura,Costco gas s.a,Costco gas s.a,2025-05-26,1278.6,0,1278.6,Tarjeta,Gastos en General,Pagado,,0,Pendiente,,2025-05-26T12:00:00,,,1
HIST25_1786,0002410857,Factura,Costco gas s.a,Costco gas s.a,2025-05-27,1149.5,0,1149.5,Tarjeta,Gastos en General,Pagado,,0,Pendiente,,2025-05-27T12:00:00,,,1
HIST25_1787,T,Factura,Costco,Costco,2025-05-27,268.0,0,268.0,Tarjeta,Adquisición de mercancias,Pagado,,0,Pendiente,,2025-05-27T12:00:00,,,1
HIST25_1788,T,Factura,Sam's Club,Sam's Club,2025-05-28,690.0,0,690.0,Tarjeta,Adquisición de mercancias,Pagado,,0,Pendiente,,2025-05-28T12:00:00,,,1
HIST25_1789,T,Factura,Costco,Costco,2025-05-26,369.0,0,369.0,Tarjeta,Adquisición de mercancias,Pagado,,0,Pendiente,,2025-05-26T12:00:00,,,1
HIST25_1790,T,Factura,Sam's Club,Sam's Club,2025-05-28,1835.99,0,1835.99,Tarjeta,Adquisición de mercancias,Pagado,,0,Pendiente,,2025-05-28T12:00:00,,,1
HIST25_1791,T,Factura,WALMART,WALMART,2025-05-30,248.0,0,248.0,Tarjeta,Adquisición de mercancias,Pagado,,0,Pendiente,,2025-05-30T12:00:00,,,1
HIST25_1792,T,Factura,Costco,Costco,2025-05-30,467.0,0,467.0,Tarjeta,Adquisición de mercancias,Pagado,,0,Pendiente,,2025-05-30T12:00:00,,,1
HIST25_1793,T,Factura,City Club,City Club,2025-05-30,944.0,0,944.0,Tarjeta,Adquisición de mercancias,Pagado,,0,Pendiente,,2025-05-30T12:00:00,,,1
HIST25_1794,T,Factura,Sam's Club,Sam's Club,2025-05-30,2028.0,0,2028.0,Tarjeta,Adquisición de mercancias,Pagado,,0,Pendiente,,2025-05-30T12:00:00,,,1
HIST25_1795,5268,Factura,Que Pescados!,Que Pescados!,2025-05-29,1275.0,0,1275.0,Tarjeta,Adquisición de mercancias,Pagado,,0,Pendiente,,2025-05-29T12:00:00,,,1
HIST25_1796,T,Factura,JUNTA MUNICIPAL DE AGUA (JMAS),JUNTA MUNICIPAL DE AGUA (JMAS),2025-06-12,2895.0,0,2895.0,Transferencia,Gastos en General,Pagado,2025-06-07,0,Pendiente,,2025-06-12T12:00:00,,,1
HIST25_1797,#FACTURA,Factura,NR FINANCE MEXICO,NR FINANCE MEXICO,2025-06-02,7172.44,0,7172.44,Transferencia,Gastos en General,Pagado,2025-06-02,0,Pendiente,,2025-06-02T12:00:00,,,1
HIST25_1798,56874,Factura,EMPAQUES Y ENVASES/JOSE LUIS MORALES GARCIA (7 días),EMPAQUES Y ENVASES/JOSE LUIS MORALES GARCIA (7 días),2025-06-03,753.0,0,753.0,Transferencia,Gastos en General,Pagado,2025-06-08,5,Pendiente,,2025-06-03T12:00:00,,,1
HIST25_1799,705172,Factura,Casa Reza (7 días),Casa Reza (7 días),2025-06-03,4365.0,0,4365.0,Transferencia,Adquisición de mercancias,Pagado,2025-06-08,5,Pendiente,,2025-06-03T12:00:00,,,1
HIST25_1800,29362,Factura,Colesa (7 días),Colesa (7 días),2025-06-03,3331.42,0,3331.42,Transferencia,Adquisición de mercancias,Pagado,2025-06-08,5,Pendiente,,2025-06-03T12:00:00,,,1
HIST25_1801,273738,Factura,MEDFRUT (7 DÍAS),MEDFRUT (7 DÍAS),2025-06-03,475.0,0,475.0,Transferencia,Adquisición de mercancias,Pagado,2025-06-08,5,Pendiente,,2025-06-03T12:00:00,,,1
HIST25_1802,72457,Factura,DIPACSA (7 días),DIPACSA (7 días),2025-06-03,1739.0,0,1739.0,Transferencia,Adquisición de mercancias,Pagado,2025-06-08,5,Pendiente,,2025-06-03T12:00:00,,,1
HIST25_1803,37829159,Factura,Bachoco,Bachoco,2025-06-02,11264.25,0,11264.25,Tarjeta,Adquisición de mercancias,Pagado,,0,Pendiente,,2025-06-02T12:00:00,,,1
HIST25_1804,93888,Factura,SUKARNE,SUKARNE,2025-06-03,5914.1,0,5914.1,Tarjeta,Adquisición de mercancias,Pagado,,0,Pendiente,,2025-06-03T12:00:00,,,1
HIST25_1805,93887,Factura,SUKARNE,SUKARNE,2025-06-03,4308.3,0,4308.3,Tarjeta,Adquisición de mercancias,Pagado,,0,Pendiente,,2025-06-03T12:00:00,,,1
HIST25_1806,49398,Factura,ADOSA,ADOSA,2025-06-03,190.5,0,190.5,Tarjeta,Gastos en General,Pagado,,0,Pendiente,,2025-06-03T12:00:00,,,1
HIST25_1807,3028,Factura,Paser / Araceli V. Padilla (14 dias),Paser / Araceli V. Padilla (14 dias),2025-06-03,827.5,0,827.5,Transferencia,Adquisición de mercancias,Pagado,2025-06-17,14,Pendiente,,2025-06-03T12:00:00,,,1
HIST25_1808,29456,Factura,Colesa (7 días),Colesa (7 días),2025-06-04,681.65,0,681.65,Transferencia,Adquisición de mercancias,Pagado,2025-06-09,5,Pendiente,,2025-06-04T12:00:00,,,1
HIST25_1809,04/06/25,Factura,La Espiga Dorada  / JUAN MANUEL CASTRO (7 días),La Espiga Dorada  / JUAN MANUEL CASTRO (7 días),2025-06-04,880.0,0,880.0,Transferencia,Adquisición de mercancias,Pagado,2025-06-09,5,Pendiente,,2025-06-04T12:00:00,,,1
HIST25_1810,69522,Factura,PROMAR DEL NORTE (14 DÍAS),PROMAR DEL NORTE (14 DÍAS),2025-06-04,1060.0,0,1060.0,Transferencia,Adquisición de mercancias,Pagado,2025-06-18,14,Pendiente,,2025-06-04T12:00:00,,,1
HIST25_1811,273853,Factura,MEDFRUT (7 DÍAS),MEDFRUT (7 DÍAS),2025-06-04,818.0,0,818.0,Transferencia,Adquisición de mercancias,Pagado,2025-06-09,5,Pendiente,,2025-06-04T12:00:00,,,1
HIST25_1812,3565,Remisión,La Cosecha / Guadalupe Caro S. (14 días),La Cosecha / Guadalupe Caro S. (14 días),2025-06-04,1385.0,0,1385.0,Transferencia,Adquisición de mercancias,Pagado,2025-06-19,15,Pendiente,,2025-06-04T12:00:00,,,1
HIST25_1813,93918,Factura,SUKARNE,SUKARNE,2025-06-04,5396.4,0,5396.4,Tarjeta,Adquisición de mercancias,Pagado,,0,Pendiente,,2025-06-04T12:00:00,,,1
HIST25_1814,t,Factura,HOME DEPOT,HOME DEPOT,2025-06-03,834.52,0,834.52,Tarjeta,Gastos en General,Pagado,,0,Pendiente,,2025-06-03T12:00:00,,,1
HIST25_1815,37846659,Factura,Bachoco,Bachoco,2025-06-04,13605.4,0,13605.4,Tarjeta,Adquisición de mercancias,Pagado,,0,Pendiente,,2025-06-04T12:00:00,,,1
HIST25_1816,22534,Factura,Quesos y + Quesos / Armando Villanueva (7 días),Quesos y + Quesos / Armando Villanueva (7 días),2025-06-04,2402.4,0,2402.4,Transferencia,Adquisición de mercancias,Pagado,2025-06-09,5,Pendiente,,2025-06-04T12:00:00,,,1
HIST25_1817,68796,Factura,PROMAR DEL NORTE (14 DÍAS),PROMAR DEL NORTE (14 DÍAS),2025-06-05,3654.7,0,3654.7,Transferencia,Adquisición de mercancias,Pagado,2025-06-05,0,Pendiente,,2025-06-05T12:00:00,,,1
HIST25_1818,68850,Factura,PROMAR DEL NORTE (14 DÍAS),PROMAR DEL NORTE (14 DÍAS),2025-06-05,365.4,0,365.4,Transferencia,Adquisición de mercancias,Pagado,2025-06-05,0,Pendiente,,2025-06-05T12:00:00,,,1
HIST25_1819,596265,Remisión,Productos Lácteos Los Pinos (7 DÍAS),Productos Lácteos Los Pinos (7 DÍAS),2025-06-05,592.0,0,592.0,Transferencia,Adquisición de mercancias,Pagado,2025-06-10,5,Pendiente,,2025-06-05T12:00:00,,,1
HIST25_1820,114985,Factura,Colesa (7 días),Colesa (7 días),2025-06-05,2494.18,0,2494.18,Transferencia,Adquisición de mercancias,Pagado,2025-06-10,5,Pendiente,,2025-06-05T12:00:00,,,1
HIST25_1821,022992,Factura,INIX COMERCIAL (20 DÍAS),INIX COMERCIAL (20 DÍAS),2025-06-04,3519.08,0,3519.08,Transferencia,Gastos en General,Pagado,2025-06-24,20,Pendiente,,2025-06-04T12:00:00,,,1
HIST25_1822,273895,Factura,MEDFRUT (7 DÍAS),MEDFRUT (7 DÍAS),2025-06-05,432.0,0,432.0,Transferencia,Adquisición de mercancias,Pagado,2025-06-10,5,Pendiente,,2025-06-05T12:00:00,,,1
HIST25_1823,139925,Factura,Abarrotes Inst. (7 días),Abarrotes Inst. (7 días),2025-06-05,2246.87,0,2246.87,Transferencia,Adquisición de mercancias,Pagado,2025-06-10,5,Pendiente,,2025-06-05T12:00:00,,,1
HIST25_1824,72527,Factura,DIPACSA (7 días),DIPACSA (7 días),2025-06-05,1581.0,0,1581.0,Transferencia,Adquisición de mercancias,Pagado,2025-06-10,5,Pendiente,,2025-06-05T12:00:00,,,1
HIST25_1825,93947,Factura,SUKARNE,SUKARNE,2025-06-05,4282.0,0,4282.0,Tarjeta,Adquisición de mercancias,Pagado,,0,Pendiente,,2025-06-05T12:00:00,,,1
HIST25_1826,93948,Factura,SUKARNE,SUKARNE,2025-06-05,5545.5,0,5545.5,Tarjeta,Adquisición de mercancias,Pagado,,0,Pendiente,,2025-06-05T12:00:00,,,1
HIST25_1827,0000913,Factura,Alsuper,Alsuper,2025-06-05,423.26,0,423.26,Tarjeta,Adquisición de mercancias,Pagado,,0,Pendiente,,2025-06-05T12:00:00,,,1
HIST25_1828,0002430771,Factura,Costco gas s.a,Costco gas s.a,2025-06-03,1149.5,0,1149.5,Tarjeta,Gastos en General,Pagado,,0,Pendiente,,2025-06-03T12:00:00,,,1
HIST25_1829,t,Factura,City Club,City Club,2025-06-05,268.0,0,268.0,Tarjeta,Gastos en General,Pagado,,0,Pendiente,,2025-06-05T12:00:00,,,1
HIST25_1830,t,Factura,City Club,City Club,2025-06-05,669.0,0,669.0,Tarjeta,Adquisición de mercancias,Pagado,,0,Pendiente,,2025-06-05T12:00:00,,,1
HIST25_1831,t,Factura,Sam's Club,Sam's Club,2025-06-02,991.98,0,991.98,Tarjeta,Adquisición de mercancias,Pagado,,0,Pendiente,,2025-06-02T12:00:00,,,1
HIST25_1832,t,Factura,Sam's Club,Sam's Club,2025-06-03,219.0,0,219.0,Tarjeta,Gastos en General,Pagado,,0,Pendiente,,2025-06-03T12:00:00,,,1
HIST25_1833,t,Factura,Sam's Club,Sam's Club,2025-06-05,1544.0,0,1544.0,Tarjeta,Adquisición de mercancias,Pagado,,0,Pendiente,,2025-06-05T12:00:00,,,1
HIST25_1834,t,Factura,Sam's Club,Sam's Club,2025-06-03,1874.0,0,1874.0,Tarjeta,Adquisición de mercancias,Pagado,,0,Pendiente,,2025-06-03T12:00:00,,,1
HIST25_1835,t,Factura,Sam's Club,Sam's Club,2025-06-04,1764.0,0,1764.0,Tarjeta,Adquisición de mercancias,Pagado,,0,Pendiente,,2025-06-04T12:00:00,,,1
HIST25_1836,t,Factura,Costco,Costco,2025-06-05,627.0,0,627.0,Tarjeta,Adquisición de mercancias,Pagado,,0,Pendiente,,2025-06-05T12:00:00,,,1
HIST25_1837,37864499,Factura,Bachoco,Bachoco,2025-06-06,19404.1,0,19404.1,Tarjeta,Adquisición de mercancias,Pagado,,0,Pendiente,,2025-06-06T12:00:00,,,1
HIST25_1838,950,Factura,SURTIDORA BOTANAS (7 DÍAS),SURTIDORA BOTANAS (7 DÍAS),2025-06-06,652.68,0,652.68,Transferencia,Adquisición de mercancias,Pagado,2025-06-11,5,Pendiente,,2025-06-06T12:00:00,,,1
HIST25_1839,3048,Factura,Paser / Araceli V. Padilla (14 dias),Paser / Araceli V. Padilla (14 dias),2025-06-06,827.5,0,827.5,Transferencia,Adquisición de mercancias,Pagado,2025-06-11,5,Pendiente,,2025-06-06T12:00:00,,,1
HIST25_1840,29540,Factura,Colesa (7 días),Colesa (7 días),2025-06-06,1319.6,0,1319.6,Transferencia,Adquisición de mercancias,Pagado,2025-06-11,5,Pendiente,,2025-06-06T12:00:00,,,1
HIST25_1841,72552,Factura,DIPACSA (7 días),DIPACSA (7 días),2025-06-06,1808.0,0,1808.0,Transferencia,Adquisición de mercancias,Pagado,2025-06-11,5,Pendiente,,2025-06-06T12:00:00,,,1
HIST25_1842,93986,Factura,SUKARNE,SUKARNE,2025-06-06,5826.3,0,5826.3,Tarjeta,Adquisición de mercancias,Pagado,,0,Pendiente,,2025-06-06T12:00:00,,,1
HIST25_1843,111817,Factura,SUKARNE,SUKARNE,2025-06-06,5326.23,0,5326.23,Tarjeta,Adquisición de mercancias,Pagado,,0,Pendiente,,2025-06-06T12:00:00,,,1
HIST25_1844,56965,Factura,EMPAQUES Y ENVASES/JOSE LUIS MORALES GARCIA (7 días),EMPAQUES Y ENVASES/JOSE LUIS MORALES GARCIA (7 días),2025-06-06,1036.2,0,1036.2,Transferencia,Gastos en General,Pagado,2025-06-11,5,Pendiente,,2025-06-06T12:00:00,,,1
HIST25_1845,839,Factura,Dumbo / Diana Silva Ponce (12 días),Dumbo / Diana Silva Ponce (12 días),2025-06-06,632.0,0,632.0,Transferencia,Adquisición de mercancias,Pagado,2025-06-11,5,Pendiente,,2025-06-06T12:00:00,,,1
HIST25_1846,94020,Factura,SUKARNE,SUKARNE,2025-06-07,5273.5,0,5273.5,Tarjeta,Adquisición de mercancias,Pagado,,0,Pendiente,,2025-06-07T12:00:00,,,1
HIST25_1847,35099,Factura,SUKARNE,SUKARNE,2025-06-07,5791.2,0,5791.2,Tarjeta,Adquisición de mercancias,Pagado,,0,Pendiente,,2025-06-07T12:00:00,,,1
HIST25_1848,140008,Factura,Abarrotes Inst. (7 días),Abarrotes Inst. (7 días),2025-06-07,518.0,0,518.0,Transferencia,Adquisición de mercancias,Pagado,2025-06-13,6,Pendiente,,2025-06-07T12:00:00,,,1
HIST25_1849,0605,Factura,NARANJA Y LIMÓN (7 DÍAS),NARANJA Y LIMÓN (7 DÍAS),2025-06-07,1455.0,0,1455.0,Transferencia,Adquisición de mercancias,Pagado,2025-06-12,5,Pendiente,,2025-06-07T12:00:00,,,1
HIST25_1850,29641,Factura,Colesa (7 días),Colesa (7 días),2025-06-07,3885.82,0,3885.82,Transferencia,Adquisición de mercancias,Pagado,2025-06-12,5,Pendiente,,2025-06-07T12:00:00,,,1
HIST25_1851,104178,Factura,Diplas / Hector A Portillo (20 días),Diplas / Hector A Portillo (20 días),2025-06-05,2843.63,0,2843.63,Transferencia,Gastos en General,Pagado,2025-06-25,20,Pendiente,,2025-06-05T12:00:00,,,1
HIST25_1852,5315,Factura,Que Pescados!,Que Pescados!,2025-06-07,2550.0,0,2550.0,Tarjeta,Adquisición de mercancias,Pagado,,0,Pendiente,,2025-06-07T12:00:00,,,1
HIST25_1853,03/06/25,Factura,Mayoreo de carnes,Mayoreo de carnes,2025-06-03,1127.0,0,1127.0,Tarjeta,Adquisición de mercancias,Pagado,,0,Pendiente,,2025-06-03T12:00:00,,,1
HIST25_1854,07/06/25,Factura,Expendio de carne de puerco,Expendio de carne de puerco,2025-06-07,814.0,0,814.0,Tarjeta,Adquisición de mercancias,Pagado,,0,Pendiente,,2025-06-07T12:00:00,,,1
HIST25_1855,60345,Factura,KEY QUÍMICA (14 DÍAS),KEY QUÍMICA (14 DÍAS),2025-06-07,1158.84,0,1158.84,Transferencia,Gastos en General,Pagado,2025-06-21,14,Pendiente,,2025-06-07T12:00:00,,,1
HIST25_1856,274254,Factura,MEDFRUT (7 DÍAS),MEDFRUT (7 DÍAS),2025-06-09,610.0,0,610.0,Transferencia,Adquisición de mercancias,Pagado,2025-06-14,5,Pendiente,,2025-06-09T12:00:00,,,1
HIST25_1857,42112,Remisión,"AGYDSA ""Aceite"" (7 días)","AGYDSA ""Aceite"" (7 días)",2025-06-09,1400.0,0,1400.0,Transferencia,Gastos en General,Pagado,2025-06-14,5,Pendiente,,2025-06-09T12:00:00,,,1
HIST25_1858,35126,Factura,SUKARNE,SUKARNE,2025-06-09,4387.3,0,4387.3,Tarjeta,Adquisición de mercancias,Pagado,,0,Pendiente,,2025-06-09T12:00:00,,,1
HIST25_1859,0560300,Factura,Alsuper,Alsuper,2025-06-09,481.0,0,481.0,Tarjeta,Adquisición de mercancias,Pagado,,0,Pendiente,,2025-06-09T12:00:00,,,1
HIST25_1860,0560299,Factura,Alsuper,Alsuper,2025-06-09,27.8,0,27.8,Tarjeta,Gastos en General,Pagado,,0,Pendiente,,2025-06-09T12:00:00,,,1
HIST25_1861,3058,Factura,Paser / Araceli V. Padilla (14 dias),Paser / Araceli V. Padilla (14 dias),2025-06-09,827.5,0,827.5,Transferencia,Adquisición de mercancias,Pagado,2025-06-23,14,Pendiente,,2025-06-09T12:00:00,,,1
HIST25_1862,09/06/25,Factura,Expendio de carne de puerco,Expendio de carne de puerco,2025-06-09,499.0,0,499.0,Tarjeta,Adquisición de mercancias,Pagado,,0,Pendiente,,2025-06-09T12:00:00,,,1
HIST25_1863,#FACTURA,Factura,Carvel Gasolina,Carvel Gasolina,2025-06-07,357.38,0,357.38,Tarjeta,Gastos en General,Pagado,,0,No aplíca,,2025-06-07T12:00:00,,,1
HIST25_1864,#FACTURA,Factura,Carvel Gasolina,Carvel Gasolina,2025-06-03,1364.96,0,1364.96,Tarjeta,Gastos en General,Pagado,,0,No aplíca,,2025-06-03T12:00:00,,,1
HIST25_1865,#FACTURA,Factura,HOME DEPOT,HOME DEPOT,2025-05-30,243.0,0,243.0,Tarjeta,Gastos en General,Pagado,,0,No aplíca,,2025-05-30T12:00:00,,,1
HIST25_1866,46288,Factura,ADOSA,ADOSA,2025-05-23,1255.5,0,1255.5,Tarjeta,Gastos en General,Pagado,,0,No aplíca,,2025-05-23T12:00:00,,,1
HIST25_1867,#FACTURA,,NOMINA,NOMINA,2025-06-06,1831.77,0,1831.77,Cheque,Gastos en General,Pagado,,0,No aplíca,,2025-06-06T12:00:00,,,1
HIST25_1868,618253,Factura,STEREN,STEREN,2025-05-31,39.0,0,39.0,Tarjeta,Gastos en General,Pagado,,0,No aplíca,,2025-05-31T12:00:00,,,1
HIST25_1869,#FACTURA,Factura,Sam's Club,Sam's Club,2025-05-16,255.75,0,255.75,Tarjeta,Gastos en General,Pagado,,0,No aplíca,,2025-05-16T12:00:00,,,1
HIST25_1870,#FACTURA,Factura,Hágalo,Hágalo,2025-05-22,809.0,0,809.0,Tarjeta,Gastos en General,Pagado,,0,No aplíca,,2025-05-22T12:00:00,,,1
HIST25_1871,#FACTURA,Factura,Combustibles San Allejo,Combustibles San Allejo,2025-05-23,734.09,0,734.09,Tarjeta,Gastos en General,Pagado,,0,No aplíca,,2025-05-23T12:00:00,,,1
HIST25_1872,#FACTURA,Factura,Luxby,Luxby,2025-05-30,560.0,0,560.0,Tarjeta,Gastos en General,Pagado,,0,No aplíca,,2025-05-30T12:00:00,,,1
HIST25_1873,15976,Factura,Especias Naturales del Norte,Especias Naturales del Norte,2025-06-06,135.14,0,135.14,Tarjeta,Adquisición de mercancias,Pagado,,0,Pendiente,,2025-06-06T12:00:00,,,1
HIST25_1874,T,Factura,Sam's Club,Sam's Club,2025-06-07,507.0,0,507.0,Tarjeta,Gastos en General,Pagado,,0,Pendiente,,2025-06-07T12:00:00,,,1
HIST25_1875,#FACTURA,Factura,telcel,telcel,2025-05-19,641.45,0,641.45,Tarjeta,Gastos en General,Pagado,,0,No aplíca,,2025-05-19T12:00:00,,,1
HIST25_1876,#FACTURA,Factura,Costco,Costco,2025-05-16,1273.53,0,1273.53,Tarjeta,Gastos en General,Pagado,,0,No aplíca,,2025-05-16T12:00:00,,,1
HIST25_1877,#FACTURA,Factura,Costco,Costco,2025-05-20,2399.0,0,2399.0,Tarjeta,Gastos en General,Pagado,,0,No aplíca,,2025-05-20T12:00:00,,,1
HIST25_1878,#FACTURA,Factura,Costco,Costco,2025-05-17,689.7,0,689.7,Tarjeta,Gastos en General,Pagado,,0,No aplíca,,2025-05-17T12:00:00,,,1
HIST25_1879,#FACTURA,Factura,HOME DEPOT,HOME DEPOT,2025-05-16,57.0,0,57.0,Tarjeta,Gastos en General,Pagado,,0,No aplíca,,2025-05-16T12:00:00,,,1
HIST25_1880,T,Factura,Sam's Club,Sam's Club,2025-06-07,1352.0,0,1352.0,Tarjeta,Adquisición de mercancias,Pagado,,0,Pendiente,,2025-06-07T12:00:00,,,1
HIST25_1881,37884130,Factura,Bachoco,Bachoco,2025-06-09,14757.19,0,14757.19,Tarjeta,Adquisición de mercancias,Pagado,,0,Pendiente,,2025-06-09T12:00:00,,,1
HIST25_1882,#FACTURA,Factura,telcel,telcel,2025-05-02,1028.0,0,1028.0,Tarjeta,Gastos en General,Pagado,,0,No aplíca,,2025-05-02T12:00:00,,,1
HIST25_1883,#FACTURA,Factura,Sam's Club,Sam's Club,2025-05-20,2005.0,0,2005.0,Tarjeta,Adquisición de mercancias,Pagado,,0,No aplíca,,2025-05-20T12:00:00,,,1
HIST25_1884,#FACTURA,Factura,Sam's Club,Sam's Club,2025-05-20,417.99,0,417.99,Tarjeta,Gastos en General,Pagado,,0,No aplíca,,2025-05-20T12:00:00,,,1
HIST25_1885,#FACTURA,Factura,Alsuper,Alsuper,2025-05-16,249.8,0,249.8,Tarjeta,Gastos en General,Pagado,,0,No aplíca,,2025-05-16T12:00:00,,,1
HIST25_1886,#FACTURA,Factura,telcel,telcel,2025-05-23,200.0,0,200.0,Tarjeta,Gastos en General,Pagado,,0,No aplíca,,2025-05-23T12:00:00,,,1
HIST25_1887,#FACTURA,Factura,Alsuper,Alsuper,2025-05-19,170.84,0,170.84,Tarjeta,Adquisición de mercancias,Pagado,,0,No aplíca,,2025-05-19T12:00:00,,,1
HIST25_1888,#FACTURA,Factura,Alsuper,Alsuper,2025-05-20,577.29,0,577.29,Tarjeta,Adquisición de mercancias,Pagado,,0,No aplíca,,2025-05-20T12:00:00,,,1
HIST25_1889,#FACTURA,Factura,City Club,City Club,2025-05-17,1043.9,0,1043.9,Tarjeta,Adquisición de mercancias,Pagado,,0,No aplíca,,2025-05-17T12:00:00,,,1
HIST25_1890,#FACTURA,Factura,Alsuper,Alsuper,2025-05-06,614.8,0,614.8,Tarjeta,Adquisición de mercancias,Pagado,,0,No aplíca,,2025-05-06T12:00:00,,,1
HIST25_1891,#FACTURA,Factura,Alsuper,Alsuper,2025-05-17,587.1,0,587.1,Tarjeta,Adquisición de mercancias,Pagado,,0,No aplíca,,2025-05-17T12:00:00,,,1
HIST25_1892,#FACTURA,Factura,HOME DEPOT,HOME DEPOT,2025-05-28,264.0,0,264.0,Tarjeta,Gastos en General,Pagado,,0,No aplíca,,2025-05-28T12:00:00,,,1
HIST25_1893,#FACTURA,Factura,HOME DEPOT,HOME DEPOT,2025-05-29,337.98,0,337.98,Tarjeta,Gastos en General,Pagado,,0,No aplíca,,2025-05-29T12:00:00,,,1
HIST25_1894,#FACTURA,Factura,miselec chihuahua,miselec chihuahua,2025-05-30,329.02,0,329.02,Tarjeta,Gastos en General,Pagado,,0,No aplíca,,2025-05-30T12:00:00,,,1
HIST25_1895,#FACTURA,,NOMINA,NOMINA,2025-05-23,2907.5,0,2907.5,Cheque,Gastos en General,Pagado,,0,No aplíca,,2025-05-23T12:00:00,,,1
HIST25_1896,#FACTURA,,NOMINA,NOMINA,2025-06-02,2760.5,0,2760.5,Cheque,Gastos en General,Pagado,,0,No aplíca,,2025-06-02T12:00:00,,,1
HIST25_1897,19720,Factura,Aseo y Recolección Estrada (14 días),Aseo y Recolección Estrada (14 días),2025-06-09,1997.06,0,1997.06,Transferencia,Gastos en General,Pagado,2025-06-23,14,Pendiente,,2025-06-09T12:00:00,,,1
HIST25_1898,3805,Remisión,La Cosecha / Guadalupe Caro S. (14 días),La Cosecha / Guadalupe Caro S. (14 días),2025-06-10,1260.0,0,1260.0,Transferencia,Adquisición de mercancias,Pagado,2025-06-24,14,Pendiente,,2025-06-10T12:00:00,,,1
HIST25_1899,39832,Factura,Papas Santa Fe / Procepap (7 dias),Papas Santa Fe / Procepap (7 dias),2025-06-10,611.8,0,611.8,Transferencia,Adquisición de mercancias,Pagado,2025-06-15,5,Pendiente,,2025-06-10T12:00:00,,,1
HIST25_1900,29820,Factura,Colesa (7 días),Colesa (7 días),2025-06-10,3242.6,0,3242.6,Transferencia,Adquisición de mercancias,Pagado,2025-06-15,5,Pendiente,,2025-06-10T12:00:00,,,1
HIST25_1901,977,Factura,SURTIDORA BOTANAS (7 DÍAS),SURTIDORA BOTANAS (7 DÍAS),2025-06-10,440.75,0,440.75,Transferencia,Adquisición de mercancias,Pagado,2025-06-15,5,Pendiente,,2025-06-10T12:00:00,,,1
HIST25_1902,023060,Factura,INIX COMERCIAL (20 DÍAS),INIX COMERCIAL (20 DÍAS),2025-06-10,5107.74,0,5107.74,Transferencia,Gastos en General,Pagado,2025-06-30,20,Pendiente,,2025-06-10T12:00:00,,,1
HIST25_1903,72654,Factura,DIPACSA (7 días),DIPACSA (7 días),2025-06-10,2633.0,0,2633.0,Transferencia,Adquisición de mercancias,Pagado,2025-06-15,5,Pendiente,,2025-06-10T12:00:00,,,1
HIST25_1904,10/06/25,Factura,Expendio de carne de puerco,Expendio de carne de puerco,2025-06-10,509.0,0,509.0,Tarjeta,Adquisición de mercancias,Pagado,,0,Pendiente,,2025-06-10T12:00:00,,,1
HIST25_1905,10/06/25,Factura,Mayoreo de carnes,Mayoreo de carnes,2025-06-10,1145.2,0,1145.2,Tarjeta,Adquisición de mercancias,Pagado,,0,Pendiente,,2025-06-10T12:00:00,,,1
HIST25_1906,0004308,Factura,Alsuper,Alsuper,2025-06-10,487.19,0,487.19,Tarjeta,Adquisición de mercancias,Pagado,,0,Pendiente,,2025-06-10T12:00:00,,,1
HIST25_1907,94091,Factura,SUKARNE,SUKARNE,2025-06-10,5712.3,0,5712.3,Tarjeta,Adquisición de mercancias,Pagado,,0,Pendiente,,2025-06-10T12:00:00,,,1
HIST25_1908,94090,Factura,SUKARNE,SUKARNE,2025-06-10,5519.2,0,5519.2,Tarjeta,Adquisición de mercancias,Pagado,,0,Pendiente,,2025-06-10T12:00:00,,,1
HIST25_1909,4212,Factura,Ma Eugenia Payan / Tortillas (14 días),Ma Eugenia Payan / Tortillas (14 días),2025-06-11,2814.0,0,2814.0,Transferencia,Adquisición de mercancias,Pagado,2025-06-25,14,Pendiente,,2025-06-11T12:00:00,,,1
HIST25_1910,4211,Factura,Ma Eugenia Payan / Tortillas (14 días),Ma Eugenia Payan / Tortillas (14 días),2025-06-11,5575.5,0,5575.5,Transferencia,Adquisición de mercancias,Pendiente,,0,Pendiente,,2025-06-11T12:00:00,,,1
HIST25_1911,4213,Factura,Ma Eugenia Payan / Tortillas (14 días),Ma Eugenia Payan / Tortillas (14 días),2025-06-11,2772.0,0,2772.0,Transferencia,Adquisición de mercancias,Pagado,2025-06-25,14,Pendiente,,2025-06-11T12:00:00,,,1
HIST25_1912,3074,Factura,Paser / Araceli V. Padilla (14 dias),Paser / Araceli V. Padilla (14 dias),2025-06-11,827.5,0,827.5,Transferencia,Adquisición de mercancias,Pagado,2025-06-25,14,Pendiente,,2025-06-11T12:00:00,,,1
HIST25_1913,21631,Factura,Quesos y + Quesos / Armando Villanueva (7 días),Quesos y + Quesos / Armando Villanueva (7 días),2025-06-11,2376.0,0,2376.0,Transferencia,Adquisición de mercancias,Pagado,2025-06-16,5,Pendiente,,2025-06-11T12:00:00,,,1
HIST25_1914,72685,Factura,DIPACSA (7 días),DIPACSA (7 días),2025-06-11,858.0,0,858.0,Transferencia,Adquisición de mercancias,Pagado,2025-06-16,5,Pendiente,,2025-06-11T12:00:00,,,1
HIST25_1915,140084,Factura,Abarrotes Inst. (7 días),Abarrotes Inst. (7 días),2025-06-11,2645.16,0,2645.16,Transferencia,Adquisición de mercancias,Pagado,2025-06-16,5,Pendiente,,2025-06-11T12:00:00,,,1
HIST25_1916,57051,Factura,EMPAQUES Y ENVASES/JOSE LUIS MORALES GARCIA (7 días),EMPAQUES Y ENVASES/JOSE LUIS MORALES GARCIA (7 días),2025-06-10,4182.82,0,4182.82,Transferencia,Gastos en General,Pagado,2025-06-15,5,Pendiente,,2025-06-10T12:00:00,,,1
HIST25_1917,29846,Factura,Colesa (7 días),Colesa (7 días),2025-06-11,1795.8,0,1795.8,Transferencia,Adquisición de mercancias,Pagado,2025-06-16,5,Pendiente,,2025-06-11T12:00:00,,,1
HIST25_1918,35171,Factura,SUKARNE,SUKARNE,2025-06-11,741.1,0,741.1,Tarjeta,Adquisición de mercancias,Pagado,,0,Pendiente,,2025-06-11T12:00:00,,,1
HIST25_1919,94122,Factura,SUKARNE,SUKARNE,2025-06-11,4255.7,0,4255.7,Tarjeta,Adquisición de mercancias,Pagado,,0,Pendiente,,2025-06-11T12:00:00,,,1
HIST25_1920,110661,Factura,Colesa (7 días),Colesa (7 días),2025-06-12,3435.17,0,3435.17,Transferencia,Adquisición de mercancias,Pagado,2025-06-21,9,Pendiente,,2025-06-12T12:00:00,,,1
HIST25_1921,94150,Factura,SUKARNE,SUKARNE,2025-06-12,5282.3,0,5282.3,Tarjeta,Adquisición de mercancias,Pagado,,0,Pendiente,,2025-06-12T12:00:00,,,1
HIST25_1922,94149,Factura,SUKARNE,SUKARNE,2025-06-12,5326.2,0,5326.2,Tarjeta,Adquisición de mercancias,Pagado,,0,Pendiente,,2025-06-12T12:00:00,,,1
HIST25_1923,1026021,Factura,Alsuper,Alsuper,2025-06-12,344.0,0,344.0,Tarjeta,Adquisición de mercancias,Pagado,,0,Pendiente,,2025-06-12T12:00:00,,,1
HIST25_1924,T,Factura,Sam's Club,Sam's Club,2025-06-09,1767.0,0,1767.0,Tarjeta,Adquisición de mercancias,Pagado,,0,Pendiente,,2025-06-09T12:00:00,,,1
HIST25_1925,0664104,Factura,Alsuper,Alsuper,2025-06-06,421.17,0,421.17,Tarjeta,Adquisición de mercancias,Pagado,,0,Pendiente,,2025-06-06T12:00:00,,,1
HIST25_1926,T,Factura,City Club,City Club,2025-06-10,1121.0,0,1121.0,Tarjeta,Adquisición de mercancias,Pagado,,0,Pendiente,,2025-06-10T12:00:00,,,1
HIST25_1927,111520,Factura,Abarrotes Inst. (7 días),Abarrotes Inst. (7 días),2025-06-13,640.3,0,640.3,Transferencia,Adquisición de mercancias,Pagado,2025-06-18,5,Pendiente,,2025-06-13T12:00:00,,,1
HIST25_1928,17832,Factura,Colesa (7 días),Colesa (7 días),2025-06-13,2860.85,0,2860.85,Transferencia,Adquisición de mercancias,Pagado,2025-06-18,5,Pendiente,,2025-06-13T12:00:00,,,1
HIST25_1929,3076,Factura,Paser / Araceli V. Padilla (14 dias),Paser / Araceli V. Padilla (14 dias),2025-06-13,827.5,0,827.5,Transferencia,Adquisición de mercancias,Pagado,2025-06-27,14,Pendiente,,2025-06-13T12:00:00,,,1
HIST25_1930,72750,Factura,DIPACSA (7 días),DIPACSA (7 días),2025-06-13,1716.0,0,1716.0,Transferencia,Adquisición de mercancias,Pagado,2025-06-18,5,Pendiente,,2025-06-13T12:00:00,,,1
HIST25_1931,27463,Factura,MEDFRUT (7 DÍAS),MEDFRUT (7 DÍAS),2025-06-13,435.8,0,435.8,Transferencia,Adquisición de mercancias,Pagado,2025-06-18,5,Pendiente,,2025-06-13T12:00:00,,,1
HIST25_1932,463835,Factura,Casa Myers,Casa Myers,2025-06-13,92.39,0,92.39,Tarjeta,Gastos en General,Pagado,,0,Pendiente,,2025-06-13T12:00:00,,,1
HIST25_1933,94169,Factura,SUKARNE,SUKARNE,2025-06-13,4422.4,0,4422.4,Tarjeta,Adquisición de mercancias,Pagado,,0,Pendiente,,2025-06-13T12:00:00,,,1
HIST25_1934,94168,Factura,SUKARNE,SUKARNE,2025-06-13,4527.7,0,4527.7,Tarjeta,Adquisición de mercancias,Pagado,,0,Pendiente,,2025-06-13T12:00:00,,,1
HIST25_1935,11/06/25,Factura,La Espiga Dorada  / JUAN MANUEL CASTRO (7 días),La Espiga Dorada  / JUAN MANUEL CASTRO (7 días),2025-06-11,660.0,0,660.0,Transferencia,Adquisición de mercancias,Pagado,2025-06-16,5,Pendiente,,2025-06-11T12:00:00,,,1
HIST25_1936,38,Factura,Salsa La Moncha / Janeth Gonzalez (14 días),Salsa La Moncha / Janeth Gonzalez (14 días),2025-06-13,556.0,0,556.0,Transferencia,Adquisición de mercancias,Pagado,2025-06-18,5,Pendiente,,2025-06-13T12:00:00,,,1
HIST25_1937,841,Factura,Dumbo / Diana Silva Ponce (12 días),Dumbo / Diana Silva Ponce (12 días),2025-06-10,625.0,0,625.0,Transferencia,Adquisición de mercancias,Pagado,2025-06-15,5,Pendiente,,2025-06-10T12:00:00,,,1
HIST25_1938,t,Factura,Sam's Club,Sam's Club,2025-06-09,1669.46,0,1669.46,Tarjeta,Adquisición de mercancias,Pagado,,0,Pendiente,,2025-06-09T12:00:00,,,1
HIST25_1939,37917977,Factura,Bachoco,Bachoco,2025-06-13,17.36,0,17.36,Tarjeta,Adquisición de mercancias,Pagado,,0,Pendiente,,2025-06-13T12:00:00,,,1
HIST25_1940,57184,Factura,EMPAQUES Y ENVASES/JOSE LUIS MORALES GARCIA (7 días),EMPAQUES Y ENVASES/JOSE LUIS MORALES GARCIA (7 días),2025-06-14,682.0,0,682.0,Transferencia,Gastos en General,Pagado,2025-06-19,5,Pendiente,,2025-06-14T12:00:00,,,1
HIST25_1941,94201,Factura,SUKARNE,SUKARNE,2025-06-14,4378.5,0,4378.5,Tarjeta,Adquisición de mercancias,Pagado,,0,Pendiente,,2025-06-14T12:00:00,,,1
HIST25_1942,0233014,Factura,Alsuper,Alsuper,2025-06-14,249.3,0,249.3,Tarjeta,Adquisición de mercancias,Pagado,,0,Pendiente,,2025-06-14T12:00:00,,,1
HIST25_1943,42167,Remisión,"AGYDSA ""Aceite"" (7 días)","AGYDSA ""Aceite"" (7 días)",2025-06-16,2100.0,0,2100.0,Transferencia,Adquisición de mercancias,Pagado,2025-06-21,5,Pendiente,,2025-06-16T12:00:00,,,1
HIST25_1944,274872,Factura,MEDFRUT (7 DÍAS),MEDFRUT (7 DÍAS),2025-06-16,780.0,0,780.0,Transferencia,Adquisición de mercancias,Pagado,2025-06-21,5,Pendiente,,2025-06-16T12:00:00,,,1
HIST25_1945,115072,Factura,Colesa (7 días),Colesa (7 días),2025-06-16,598.15,0,598.15,Transferencia,Adquisición de mercancias,Pagado,2025-06-21,5,Pendiente,,2025-06-16T12:00:00,,,1
HIST25_1946,#FACTURA,Factura,Alsuper,Alsuper,2025-06-16,149.7,0,149.7,Tarjeta,Gastos en General,Pendiente,,0,Pendiente,,2025-06-16T12:00:00,,,1
HIST25_1947,29060,Factura,SUKARNE,SUKARNE,2025-06-16,4062.61,0,4062.61,Tarjeta,Adquisición de mercancias,Pagado,,0,No aplíca,,2025-06-16T12:00:00,,,1
HIST25_1948,#FACTURA,Factura,HOME DEPOT,HOME DEPOT,2025-06-16,1840.5,0,1840.5,Tarjeta,Gastos en General,Pagado,,0,No aplíca,,2025-06-16T12:00:00,,,1
HIST25_1949,#FACTURA,Factura,Costco,Costco,2025-06-10,1742.19,0,1742.19,Tarjeta,Adquisición de mercancias,Pagado,,0,No aplíca,,2025-06-10T12:00:00,,,1
HIST25_1950,#FACTURA,Factura,HOME DEPOT,HOME DEPOT,2025-06-10,210.7,0,210.7,Tarjeta,Gastos en General,Pagado,,0,No aplíca,,2025-06-10T12:00:00,,,1
HIST25_1951,#FACTURA,Factura,Alsuper,Alsuper,2025-06-10,834.93,0,834.93,Tarjeta,Adquisición de mercancias,Pagado,,0,No aplíca,,2025-06-10T12:00:00,,,1
HIST25_1952,#FACTURA,Factura,HOME DEPOT,HOME DEPOT,2025-06-10,210.7,0,210.7,Tarjeta,Gastos en General,Pagado,,0,No aplíca,,2025-06-10T12:00:00,,,1
HIST25_1953,#FACTURA,Factura,HOME DEPOT,HOME DEPOT,2025-06-14,87.0,0,87.0,Tarjeta,Gastos en General,Pagado,,0,No aplíca,,2025-06-14T12:00:00,,,1
HIST25_1954,61841,Factura,Refrigeración Lozano,Refrigeración Lozano,2025-06-12,3422.0,0,3422.0,Tarjeta,Gastos en General,Pagado,,0,No aplíca,,2025-06-12T12:00:00,,,1
HIST25_1955,338095,Factura,HOME DEPOT,HOME DEPOT,2025-06-12,1819.72,0,1819.72,Tarjeta,Gastos en General,Pagado,,0,No aplíca,,2025-06-12T12:00:00,,,1
HIST25_1956,339362,Factura,HOME DEPOT,HOME DEPOT,2025-06-16,1840.5,0,1840.5,Tarjeta,Gastos en General,Pagado,,0,No aplíca,,2025-06-16T12:00:00,,,1
HIST25_1957,276482,Factura,COFIASA,COFIASA,2025-06-16,2725.82,0,2725.82,Tarjeta,Gastos en General,Pagado,,0,No aplíca,,2025-06-16T12:00:00,,,1
HIST25_1958,37937591,Factura,Bachoco,Bachoco,2025-06-16,12504.73,0,12504.73,Tarjeta,Adquisición de mercancias,Pagado,,0,No aplíca,,2025-06-16T12:00:00,,,1
HIST25_1959,49327,Factura,Centro Tablaroquero,Centro Tablaroquero,2025-06-16,2322.0,0,2322.0,Tarjeta,Gastos en General,Pagado,,0,No aplíca,,2025-06-16T12:00:00,,,1
HIST25_1960,1804,Factura,cesar quintana (bombas),cesar quintana (bombas),2025-06-11,2500.0,0,2500.0,Tarjeta,Gastos en General,Pagado,,0,No aplíca,,2025-06-11T12:00:00,,,1
HIST25_1961,12632,Factura,CILINDROS Y EQUIPOS PARA GAS DE CHIHUAHUA,CILINDROS Y EQUIPOS PARA GAS DE CHIHUAHUA,2025-06-10,400.0,0,400.0,Tarjeta,Gastos en General,Pagado,,0,No aplíca,,2025-06-10T12:00:00,,,1
HIST25_1962,37901362,Factura,Bachoco,Bachoco,2025-06-11,14714.94,0,14714.94,Transferencia,Adquisición de mercancias,Pagado,,0,No aplíca,,2025-06-11T12:00:00,,,1
HIST25_1963,0156818,Factura,Radio Refrigeración Juarez,Radio Refrigeración Juarez,2025-06-10,22889.12,0,22889.12,Tarjeta,Gastos en General,Pagado,,0,No aplíca,,2025-06-10T12:00:00,,,1
HIST25_1964,#FACTURA,Factura,Salvador Macías,Salvador Macías,2025-06-17,9149.07,0,9149.07,Transferencia,Gastos en General,Pagado,,0,Pendiente,,2025-06-17T12:00:00,,,1
HIST25_1965,#FACTURA,,IMPUESTOS FEDERALES,IMPUESTOS FEDERALES,2025-06-17,13390.0,0,13390.0,Transferencia,Gastos en General,Pagado,2025-06-17,0,Pendiente,,2025-06-17T12:00:00,,,1
HIST25_1966,#FACTURA,Factura,IMPUESTOS FEDERALES,IMPUESTOS FEDERALES,2025-06-17,110.0,0,110.0,Transferencia,Gastos en General,Pagado,,0,Pendiente,,2025-06-17T12:00:00,,,1
HIST25_1967,#FACTURA,,IMSS,IMSS,2025-06-13,0,0,0,Transferencia,Gastos en General,Pagado,,0,Pendiente,,2025-06-13T12:00:00,,,1
HIST25_1968,#FACTURA,,ISN,ISN,2025-06-13,5219.0,0,5219.0,Transferencia,Gastos en General,Pagado,,0,Pendiente,,2025-06-13T12:00:00,,,1
HIST25_1969,#FACTURA,,Salvador Macías,Salvador Macías,2025-06-17,9149.07,0,9149.07,Transferencia,Gastos en General,Pagado,,0,Pendiente,,2025-06-17T12:00:00,,,1
HIST25_1970,#FACTURA,,HIPOTECA ADELA ALVIDREZ BARRON,HIPOTECA ADELA ALVIDREZ BARRON,2025-06-17,28298.23,0,28298.23,Transferencia,Prestamos / Créditos,Pagado,,0,Pendiente,,2025-06-17T12:00:00,,,1
HIST25_1971,#FACTURA,,SKANDIA,SKANDIA,2025-06-17,2000.0,0,2000.0,Transferencia,Prestamos / Créditos,Pagado,,0,Pendiente,,2025-06-17T12:00:00,,,1
HIST25_1972,#FACTURA,,HIPOTECA LUIS ELIZONDO,HIPOTECA LUIS ELIZONDO,2025-06-17,20235.0,0,20235.0,Transferencia,Prestamos / Créditos,Pagado,,0,Pendiente,,2025-06-17T12:00:00,,,1
HIST25_1973,#FACTURA,,NOMINA,NOMINA,2025-05-29,22957.2,0,22957.2,Transferencia,Gastos en General,Pagado,,0,Pendiente,,2025-05-29T12:00:00,,,1
HIST25_1974,#FACTURA,,SODEXO,SODEXO,,2587.0,0,2587.0,Transferencia,Gastos en General,Pagado,,0,Pendiente,,,,,1
HIST25_1975,#FACTURA,,PENSION ALIMENTICIA,PENSION ALIMENTICIA,2025-05-29,866.12,0,866.12,Transferencia,,Pagado,,0,Pendiente,,2025-05-29T12:00:00,,,1
HIST25_1976,#FACTURA,,NOMINA,NOMINA,2025-06-05,25362.2,0,25362.2,Transferencia,Gastos en General,Pagado,,0,Pendiente,,2025-06-05T12:00:00,,,1
HIST25_1977,#FACTURA,,SODEXO,SODEXO,2025-06-05,3285.71,0,3285.71,Transferencia,Gastos en General,Pagado,,0,Pendiente,,2025-06-05T12:00:00,,,1
HIST25_1978,#FACTURA,,PENSION ALIMENTICIA,PENSION ALIMENTICIA,2025-06-05,866.12,0,866.12,Transferencia,Gastos en General,Pagado,,0,Pendiente,,2025-06-05T12:00:00,,,1
HIST25_1979,#FACTURA,,AB Pollo,AB Pollo,2025-06-12,25161.6,0,25161.6,Transferencia,Gastos en General,Pagado,,0,Pendiente,,2025-06-12T12:00:00,,,1
HIST25_1980,#FACTURA,,SODEXO,SODEXO,2025-06-12,3067.45,0,3067.45,Transferencia,Gastos en General,Pagado,,0,Pendiente,,2025-06-12T12:00:00,,,1
HIST25_1981,#FACTURA,,PENSION ALIMENTICIA,PENSION ALIMENTICIA,2025-06-12,866.12,0,866.12,Transferencia,Gastos en General,Pagado,,0,Pendiente,,2025-06-12T12:00:00,,,1
HIST25_1982,#FACTURA,,SODEXO,SODEXO,2025-05-29,2587.0,0,2587.0,Transferencia,Gastos en General,Pagado,,0,Pendiente,,2025-05-29T12:00:00,,,1
HIST25_1983,57225,Factura,EMPAQUES Y ENVASES/JOSE LUIS MORALES GARCIA (7 días),EMPAQUES Y ENVASES/JOSE LUIS MORALES GARCIA (7 días),2025-06-17,759.01,0,759.01,Transferencia,Gastos en General,Pagado,2025-06-22,5,Pendiente,,2025-06-17T12:00:00,,,1
HIST25_1984,69700,Factura,PROMAR DEL NORTE (14 DÍAS),PROMAR DEL NORTE (14 DÍAS),2025-06-17,3450.4,0,3450.4,Transferencia,Adquisición de mercancias,Pagado,2025-07-01,14,Pendiente,,2025-06-17T12:00:00,,,1
HIST25_1985,30193,Factura,Colesa (7 días),Colesa (7 días),2025-06-17,1076.8,0,1076.8,Transferencia,Adquisición de mercancias,Pagado,2025-06-22,5,Pendiente,,2025-06-17T12:00:00,,,1
HIST25_1986,3091,Factura,Paser / Araceli V. Padilla (14 dias),Paser / Araceli V. Padilla (14 dias),2025-06-17,827.5,0,827.5,Transferencia,Adquisición de mercancias,Pagado,2025-07-01,14,Pendiente,,2025-06-17T12:00:00,,,1
HIST25_1987,023169,Factura,INIX COMERCIAL (20 DÍAS),INIX COMERCIAL (20 DÍAS),2025-06-17,5225.75,0,5225.75,Transferencia,Gastos en General,Pagado,2025-07-07,20,Pendiente,,2025-06-17T12:00:00,,,1
HIST25_1988,1036,Factura,SURTIDORA BOTANAS (7 DÍAS),SURTIDORA BOTANAS (7 DÍAS),2025-06-17,684.04,0,684.04,Transferencia,Adquisición de mercancias,Pagado,2025-06-22,5,Pendiente,,2025-06-17T12:00:00,,,1
HIST25_1989,274966,Factura,MEDFRUT (7 DÍAS),MEDFRUT (7 DÍAS),2025-06-17,829.0,0,829.0,Transferencia,Adquisición de mercancias,Pagado,2025-06-22,5,Pendiente,,2025-06-17T12:00:00,,,1
HIST25_1990,94266,Factura,SUKARNE,SUKARNE,2025-06-17,4622.8,0,4622.8,Tarjeta,Adquisición de mercancias,Pagado,,0,Pendiente,,2025-06-17T12:00:00,,,1
HIST25_1991,0009204,Factura,Alsuper,Alsuper,2025-06-17,574.24,0,574.24,Tarjeta,Adquisición de mercancias,Pagado,,0,Pendiente,,2025-06-17T12:00:00,,,1
HIST25_1992,1046,Factura,Sergio Galvan / Ramon Manuel Frías,Sergio Galvan / Ramon Manuel Frías,2025-06-16,1624.0,0,1624.0,Transferencia,Gastos en General,Pagado,2025-06-18,2,Pendiente,,2025-06-16T12:00:00,,,1
HIST25_1993,705842,Factura,Casa Reza (7 días),Casa Reza (7 días),2025-06-18,4365.0,0,4365.0,Transferencia,Adquisición de mercancias,Pagado,2025-06-23,5,Pendiente,,2025-06-18T12:00:00,,,1
HIST25_1994,115149,Factura,Colesa (7 días),Colesa (7 días),2025-06-18,641.1,0,641.1,Transferencia,Adquisición de mercancias,Pagado,2025-06-23,5,Pendiente,,2025-06-18T12:00:00,,,1
HIST25_1995,57262,Factura,EMPAQUES Y ENVASES/JOSE LUIS MORALES GARCIA (7 días),EMPAQUES Y ENVASES/JOSE LUIS MORALES GARCIA (7 días),2025-06-18,682.0,0,682.0,Transferencia,Gastos en General,Pagado,2025-06-23,5,Pendiente,,2025-06-18T12:00:00,,,1
HIST25_1996,1824,Factura,GONZALO GALLEGOS,GONZALO GALLEGOS,2025-06-18,1215.0,0,1215.0,Transferencia,Adquisición de mercancias,Pagado,2025-06-23,5,Pendiente,,2025-06-18T12:00:00,,,1
HIST25_1997,275037,Factura,MEDFRUT (7 DÍAS),MEDFRUT (7 DÍAS),2025-06-18,320.0,0,320.0,Transferencia,Adquisición de mercancias,Pagado,2025-06-23,5,Pendiente,,2025-06-18T12:00:00,,,1
HIST25_1998,94281,Factura,SUKARNE,SUKARNE,2025-06-18,4449.3,0,4449.3,Tarjeta,Adquisición de mercancias,Pagado,,0,Pendiente,,2025-06-18T12:00:00,,,1
HIST25_1999,94280,Factura,SUKARNE,SUKARNE,2025-06-18,4492.7,0,4492.7,Tarjeta,Adquisición de mercancias,Pendiente,,0,Pendiente,,2025-06-18T12:00:00,,,1
HIST25_2000,37955555,Factura,Bachoco,Bachoco,2025-06-18,14397.88,0,14397.88,Tarjeta,Adquisición de mercancias,Pagado,,0,Pendiente,,2025-06-18T12:00:00,,,1
HIST25_2001,T,Factura,Sam's Club,Sam's Club,2025-06-10,199.0,0,199.0,Tarjeta,Gastos en General,Pagado,,0,Pendiente,,2025-06-10T12:00:00,,,1
HIST25_2002,T,Factura,Sam's Club,Sam's Club,2025-06-14,1218.1,0,1218.1,Tarjeta,Adquisición de mercancias,Pagado,,0,Pendiente,,2025-06-14T12:00:00,,,1
HIST25_2003,T,Factura,Sam's Club,Sam's Club,2025-06-12,215.0,0,215.0,Tarjeta,Gastos en General,Pagado,,0,Pendiente,,2025-06-12T12:00:00,,,1
HIST25_2004,T,Factura,Sam's Club,Sam's Club,2025-06-12,1537.0,0,1537.0,Tarjeta,Adquisición de mercancias,Pagado,,0,Pendiente,,2025-06-12T12:00:00,,,1
HIST25_2005,T,Factura,Sam's Club,Sam's Club,2025-06-13,1479.0,0,1479.0,Tarjeta,Adquisición de mercancias,Pagado,,0,Pendiente,,2025-06-13T12:00:00,,,1
HIST25_2006,T,Factura,Sam's Club,Sam's Club,2025-06-17,1963.0,0,1963.0,Tarjeta,Adquisición de mercancias,Pagado,,0,Pendiente,,2025-06-17T12:00:00,,,1
HIST25_2007,T,Factura,Sam's Club,Sam's Club,2025-06-17,208.0,0,208.0,Tarjeta,Gastos en General,Pagado,,0,Pendiente,,2025-06-17T12:00:00,,,1
HIST25_2008,0083809,Factura,Alsuper,Alsuper,2025-06-16,486.0,0,486.0,Tarjeta,Adquisición de mercancias,Pagado,,0,Pendiente,,2025-06-16T12:00:00,,,1
HIST25_2009,T,Factura,Costco gas s.a,Costco gas s.a,2025-06-16,1144.5,0,1144.5,Tarjeta,Gastos en General,Pagado,,0,Pendiente,,2025-06-16T12:00:00,,,1
HIST25_2010,T,Factura,Costco,Costco,2025-06-16,1291.03,0,1291.03,Tarjeta,Adquisición de mercancias,Pagado,,0,Pendiente,,2025-06-16T12:00:00,,,1
HIST25_2011,T,Factura,Costco,Costco,2025-06-12,1055.0,0,1055.0,Tarjeta,Adquisición de mercancias,Pagado,,0,Pendiente,,2025-06-12T12:00:00,,,1
HIST25_2012,T,Factura,Costco,Costco,2025-06-17,1383.1,0,1383.1,Tarjeta,Adquisición de mercancias,Pagado,,0,Pendiente,,2025-06-17T12:00:00,,,1
HIST25_2013,339568,Factura,HOME DEPOT,HOME DEPOT,2025-06-17,406.71,0,406.71,Tarjeta,Gastos en General,Pagado,,0,Pendiente,,2025-06-17T12:00:00,,,1
HIST25_2014,1332640,Factura,Gelos Market,Gelos Market,2025-06-12,36.79,0,36.79,Efectivo,Adquisición de mercancias,Pagado,,0,Pendiente,,2025-06-12T12:00:00,,,1
HIST25_2015,T,Factura,City Club,City Club,2025-06-17,1234.0,0,1234.0,Tarjeta,Adquisición de mercancias,Pagado,,0,Pendiente,,2025-06-17T12:00:00,,,1
HIST25_2016,T,Factura,WALMART,WALMART,2025-06-17,110.0,0,110.0,Tarjeta,Adquisición de mercancias,Pagado,,0,Pendiente,,2025-06-17T12:00:00,,,1
HIST25_2017,3099,Factura,Paser / Araceli V. Padilla (14 dias),Paser / Araceli V. Padilla (14 dias),2025-06-19,827.5,0,827.5,Transferencia,Adquisición de mercancias,Pagado,2025-07-03,14,Pendiente,,2025-06-19T12:00:00,,,1
HIST25_2018,69738,Factura,PROMAR DEL NORTE (14 DÍAS),PROMAR DEL NORTE (14 DÍAS),2025-06-19,2156.5,0,2156.5,Transferencia,Adquisición de mercancias,Pagado,2025-07-03,14,Pendiente,,2025-06-19T12:00:00,,,1
HIST25_2019,40268,Factura,Papas Santa Fe / Procepap (7 dias),Papas Santa Fe / Procepap (7 dias),2025-06-19,1038.0,0,1038.0,Transferencia,Adquisición de mercancias,Pagado,2025-06-24,5,Pendiente,,2025-06-19T12:00:00,,,1
HIST25_2020,115247,Factura,Colesa (7 días),Colesa (7 días),2025-06-19,2250.22,0,2250.22,Transferencia,Adquisición de mercancias,Pagado,2025-06-24,5,Pendiente,,2025-06-19T12:00:00,,,1
HIST25_2021,21744,Factura,Quesos y + Quesos / Armando Villanueva (7 días),Quesos y + Quesos / Armando Villanueva (7 días),2025-06-19,2843.2,0,2843.2,Transferencia,Adquisición de mercancias,Pagado,2025-06-24,5,Pendiente,,2025-06-19T12:00:00,,,1
HIST25_2022,275140,Factura,MEDFRUT (7 DÍAS),MEDFRUT (7 DÍAS),2025-06-19,300.0,0,300.0,Transferencia,Adquisición de mercancias,Pagado,2025-06-24,5,Pendiente,,2025-06-19T12:00:00,,,1
HIST25_2023,111637,Factura,Abarrotes Inst. (7 días),Abarrotes Inst. (7 días),2025-06-19,4321.38,0,4321.38,Transferencia,Adquisición de mercancias,Pagado,2025-06-24,5,Pendiente,,2025-06-19T12:00:00,,,1
HIST25_2024,72925,Factura,DIPACSA (7 días),DIPACSA (7 días),2025-06-19,835.0,0,835.0,Transferencia,Adquisición de mercancias,Pagado,2025-06-24,5,Pendiente,,2025-06-19T12:00:00,,,1
HIST25_2025,57280,Factura,EMPAQUES Y ENVASES/JOSE LUIS MORALES GARCIA (7 días),EMPAQUES Y ENVASES/JOSE LUIS MORALES GARCIA (7 días),2025-06-19,183.2,0,183.2,Transferencia,Gastos en General,Pagado,2025-06-24,5,Pendiente,,2025-06-19T12:00:00,,,1
HIST25_2026,104818,Factura,Diplas / Hector A Portillo (20 días),Diplas / Hector A Portillo (20 días),2025-06-19,2813.04,0,2813.04,Transferencia,Gastos en General,Pagado,2025-07-08,19,Pendiente,,2025-06-19T12:00:00,,,1
HIST25_2027,94313,Factura,SUKARNE,SUKARNE,2025-06-19,4492.2,0,4492.2,Tarjeta,Adquisición de mercancias,Pagado,,0,Pendiente,,2025-06-19T12:00:00,,,1
HIST25_2028,94312,Factura,SUKARNE,SUKARNE,2025-06-19,4707.8,0,4707.8,Tarjeta,Adquisición de mercancias,Pagado,,0,Pendiente,,2025-06-19T12:00:00,,,1
HIST25_2029,0671897,Factura,Alsuper,Alsuper,2025-06-19,286.35,0,286.35,Tarjeta,Adquisición de mercancias,Pagado,,0,Pendiente,,2025-06-19T12:00:00,,,1
HIST25_2030,19/06/25,Factura,Expendio de carne de puerco,Expendio de carne de puerco,2025-06-19,596.0,0,596.0,Tarjeta,Adquisición de mercancias,Pagado,,0,Pendiente,,2025-06-19T12:00:00,,,1
HIST25_2031,19/06/25,Factura,Leopoldo Lozoya chamberete,Leopoldo Lozoya chamberete,2025-06-19,1142.4,0,1142.4,Tarjeta,Adquisición de mercancias,Pagado,,0,Pendiente,,2025-06-19T12:00:00,,,1
HIST25_2032,0606,Remisión,NARANJA Y LIMÓN (7 DÍAS),NARANJA Y LIMÓN (7 DÍAS),2025-06-19,1455.0,0,1455.0,Transferencia,Adquisición de mercancias,Pagado,2025-06-24,5,Pendiente,,2025-06-19T12:00:00,,,1
HIST25_2033,2515,Factura,La Cosecha / Guadalupe Caro S. (14 días),La Cosecha / Guadalupe Caro S. (14 días),2025-06-17,1152.0,0,1152.0,Transferencia,Adquisición de mercancias,Pagado,2025-07-01,14,Pendiente,,2025-06-17T12:00:00,,,1
HIST25_2034,140176,Factura,Abarrotes Inst. (7 días),Abarrotes Inst. (7 días),2025-06-16,1294.29,0,1294.29,Transferencia,Adquisición de mercancias,Pagado,2025-06-21,5,Pendiente,,2025-06-16T12:00:00,,,1
HIST25_2035,T,Factura,Sam's Club,Sam's Club,2025-06-07,639.0,0,639.0,Tarjeta,Adquisición de mercancias,Pagado,,0,Pendiente,,2025-06-07T12:00:00,,,1
HIST25_2036,72964,Factura,DIPACSA (7 días),DIPACSA (7 días),2025-06-20,1724.0,0,1724.0,Transferencia,Adquisición de mercancias,Pagado,2025-06-25,5,Pendiente,,2025-06-20T12:00:00,,,1
HIST25_2037,1066,Factura,SURTIDORA BOTANAS (7 DÍAS),SURTIDORA BOTANAS (7 DÍAS),2025-06-20,862.4,0,862.4,Transferencia,Adquisición de mercancias,Pagado,2025-06-25,5,Pendiente,,2025-06-20T12:00:00,,,1
HIST25_2038,57306,Factura,EMPAQUES Y ENVASES/JOSE LUIS MORALES GARCIA (7 días),EMPAQUES Y ENVASES/JOSE LUIS MORALES GARCIA (7 días),2025-06-20,734.0,0,734.0,Transferencia,Gastos en General,Pagado,2025-06-25,5,Pendiente,,2025-06-20T12:00:00,,,1
HIST25_2039,37972805,Factura,Bachoco,Bachoco,2025-06-20,14316.51,0,14316.51,Tarjeta,Adquisición de mercancias,Pagado,,0,Pendiente,,2025-06-20T12:00:00,,,1
HIST25_2040,39,Factura,Salsa La Moncha / Janeth Gonzalez (14 días),Salsa La Moncha / Janeth Gonzalez (14 días),2025-06-20,320.0,0,320.0,Transferencia,Adquisición de mercancias,Pagado,2025-06-25,5,Pendiente,,2025-06-20T12:00:00,,,1
HIST25_2041,T,Factura,Sam's Club,Sam's Club,2025-06-19,1628.95,0,1628.95,Tarjeta,Adquisición de mercancias,Pagado,,0,Pendiente,,2025-06-19T12:00:00,,,1
HIST25_2042,T,Factura,Sam's Club,Sam's Club,2025-06-18,1115.48,0,1115.48,Tarjeta,Adquisición de mercancias,Pagado,,0,Pendiente,,2025-06-18T12:00:00,,,1
HIST25_2043,T,Factura,Sam's Club,Sam's Club,2025-06-18,1526.0,0,1526.0,Tarjeta,Adquisición de mercancias,Pagado,,0,Pendiente,,2025-06-18T12:00:00,,,1
HIST25_2044,0672402,Factura,Alsuper,Alsuper,2025-06-20,334.1,0,334.1,Tarjeta,Adquisición de mercancias,Pagado,,0,Pendiente,,2025-06-20T12:00:00,,,1
HIST25_2045,115418,Factura,Colesa (7 días),Colesa (7 días),2025-06-21,2095.4,0,2095.4,Transferencia,Adquisición de mercancias,Pagado,2025-06-26,5,Pendiente,,2025-06-21T12:00:00,,,1
HIST25_2046,3854,Factura,La Cosecha / Guadalupe Caro S. (14 días),La Cosecha / Guadalupe Caro S. (14 días),2025-06-21,1530.0,0,1530.0,Transferencia,Adquisición de mercancias,Pagado,2025-07-06,15,Pendiente,,2025-06-21T12:00:00,,,1
HIST25_2047,94375,Factura,SUKARNE,SUKARNE,2025-06-21,4285.8,0,4285.8,Tarjeta,Adquisición de mercancias,Pendiente,,0,Pendiente,,2025-06-21T12:00:00,,,1
HIST25_2048,94374,Factura,SUKARNE,SUKARNE,2025-06-21,4020.1,0,4020.1,Tarjeta,Adquisición de mercancias,Pagado,,0,Pendiente,,2025-06-21T12:00:00,,,1
HIST25_2049,0568138,Factura,Alsuper,Alsuper,2025-06-21,33.8,0,33.8,Tarjeta,Gastos en General,Pagado,,0,Pendiente,,2025-06-21T12:00:00,,,1
HIST25_2050,0568139,Factura,Alsuper,Alsuper,2025-06-21,233.4,0,233.4,Tarjeta,Adquisición de mercancias,Pagado,,0,Pendiente,,2025-06-21T12:00:00,,,1
HIST25_2051,T,Factura,City Club,City Club,2025-06-21,269.0,0,269.0,Tarjeta,Adquisición de mercancias,Pagado,,0,Pendiente,,2025-06-21T12:00:00,,,1
HIST25_2052,T,Factura,Sam's Club,Sam's Club,2025-06-20,1219.95,0,1219.95,Tarjeta,Adquisición de mercancias,Pagado,,0,Pendiente,,2025-06-20T12:00:00,,,1
HIST25_2053,T,Factura,Sam's Club,Sam's Club,2025-06-21,422.0,0,422.0,Tarjeta,Adquisición de mercancias,Pagado,,0,Pendiente,,2025-06-21T12:00:00,,,1
HIST25_2054,T,Factura,Costco,Costco,2025-06-20,996.0,0,996.0,Tarjeta,Adquisición de mercancias,Pagado,,0,Pendiente,,2025-06-20T12:00:00,,,1
HIST25_2055,0237178,Factura,Alsuper,Alsuper,2025-06-21,18.54,0,18.54,Tarjeta,Adquisición de mercancias,Pagado,,0,Pendiente,,2025-06-21T12:00:00,,,1
HIST25_2056,57365,Factura,EMPAQUES Y ENVASES/JOSE LUIS MORALES GARCIA (7 días),EMPAQUES Y ENVASES/JOSE LUIS MORALES GARCIA (7 días),2025-06-23,534.2,0,534.2,Transferencia,Gastos en General,Pagado,2025-06-28,5,Pendiente,,2025-06-23T12:00:00,,,1
HIST25_2057,42235,Factura,"AGYDSA ""Aceite"" (7 días)","AGYDSA ""Aceite"" (7 días)",2025-06-23,2100.0,0,2100.0,Transferencia,Adquisición de mercancias,Pagado,2025-06-28,5,Pendiente,,2025-06-23T12:00:00,,,1
HIST25_2058,10173,Factura,TARTARAS LUZ ALICIA RODRIGUEZ,TARTARAS LUZ ALICIA RODRIGUEZ,2025-06-23,900.0,0,900.0,Transferencia,Adquisición de mercancias,Pagado,2025-06-28,5,Pendiente,,2025-06-23T12:00:00,,,1
HIST25_2059,69793,Factura,PROMAR DEL NORTE (14 DÍAS),PROMAR DEL NORTE (14 DÍAS),2025-06-23,3450.4,0,3450.4,Transferencia,Adquisición de mercancias,Pagado,2025-07-07,14,Pendiente,,2025-06-23T12:00:00,,,1
HIST25_2060,3116,Factura,Paser / Araceli V. Padilla (14 dias),Paser / Araceli V. Padilla (14 dias),2025-06-23,1655.0,0,1655.0,Transferencia,Adquisición de mercancias,Pagado,2025-07-07,14,Pendiente,,2025-06-23T12:00:00,,,1
HIST25_2061,275257,Factura,MEDFRUT (7 DÍAS),MEDFRUT (7 DÍAS),2025-06-23,530.0,0,530.0,Transferencia,Adquisición de mercancias,Pagado,2025-06-28,5,Pendiente,,2025-06-23T12:00:00,,,1
HIST25_2062,023262,Factura,INIX COMERCIAL (20 DÍAS),INIX COMERCIAL (20 DÍAS),2025-06-23,3737.74,0,3737.74,Transferencia,Gastos en General,Pagado,2025-07-13,20,Pendiente,,2025-06-23T12:00:00,,,1
HIST25_2063,94416,Factura,SUKARNE,SUKARNE,2025-06-23,4023.3,0,4023.3,Tarjeta,Adquisición de mercancias,Pagado,,0,Pendiente,,2025-06-23T12:00:00,,,1
HIST25_2064,37992047,Factura,Bachoco,Bachoco,2025-06-23,14101.53,0,14101.53,Tarjeta,Adquisición de mercancias,Pagado,,0,Pendiente,,2025-06-23T12:00:00,,,1
HIST25_2065,35,Factura,Carmen Ortega P. / Salsa Macha Pepis (14 días),Carmen Ortega P. / Salsa Macha Pepis (14 días),2025-06-20,1440.0,0,1440.0,Transferencia,Adquisición de mercancias,Pagado,2025-07-03,13,Pendiente,,2025-06-20T12:00:00,,,1
HIST25_2066,849,Factura,Dumbo / Diana Silva Ponce (12 días),Dumbo / Diana Silva Ponce (12 días),2025-06-19,480.0,0,480.0,Transferencia,Adquisición de mercancias,Pagado,2025-06-24,5,Pendiente,,2025-06-19T12:00:00,,,1
HIST25_2067,57389,Factura,EMPAQUES Y ENVASES/JOSE LUIS MORALES GARCIA (7 días),EMPAQUES Y ENVASES/JOSE LUIS MORALES GARCIA (7 días),2025-06-24,682.0,0,682.0,Transferencia,Adquisición de mercancias,Pagado,2025-06-29,5,Pendiente,,2025-06-24T12:00:00,,,1
HIST25_2068,115607,Factura,Colesa (7 días),Colesa (7 días),2025-06-24,788.12,0,788.12,Transferencia,Adquisición de mercancias,Pagado,2025-06-29,5,Pendiente,,2025-06-24T12:00:00,,,1
HIST25_2069,73055,Factura,DIPACSA (7 días),DIPACSA (7 días),2025-06-24,1632.0,0,1632.0,Transferencia,Adquisición de mercancias,Pagado,2025-06-29,5,Pendiente,,2025-06-24T12:00:00,,,1
HIST25_2070,275588,Factura,MEDFRUT (7 DÍAS),MEDFRUT (7 DÍAS),2025-06-24,406.0,0,406.0,Transferencia,Adquisición de mercancias,Pagado,2025-06-29,5,Pendiente,,2025-06-24T12:00:00,,,1
HIST25_2071,0570168,Factura,Alsuper,Alsuper,2025-06-24,609.24,0,609.24,Tarjeta,Adquisición de mercancias,Pagado,,0,Pendiente,,2025-06-24T12:00:00,,,1
HIST25_2072,23/06/25,Factura,Sal de mar/ Celia i. Germes,Sal de mar/ Celia i. Germes,2025-06-23,400.0,0,400.0,Transferencia,Adquisición de mercancias,Pagado,2025-06-28,5,Pendiente,,2025-06-23T12:00:00,,,1
HIST25_2073,T,Factura,Sam's Club,Sam's Club,2025-06-23,1712.0,0,1712.0,Tarjeta,Adquisición de mercancias,Pagado,,0,Pendiente,,2025-06-23T12:00:00,,,1
HIST25_2074,35416,Factura,SUKARNE,SUKARNE,2025-06-24,993.2,0,993.2,Tarjeta,Adquisición de mercancias,Pagado,,0,Pendiente,,2025-06-24T12:00:00,,,1
HIST25_2075,94442,Factura,SUKARNE,SUKARNE,2025-06-24,4638.3,0,4638.3,Tarjeta,Adquisición de mercancias,Pagado,,0,Pendiente,,2025-06-24T12:00:00,,,1
HIST25_2076,94441,Factura,SUKARNE,SUKARNE,2025-06-24,4512.5,0,4512.5,Tarjeta,Adquisición de mercancias,Pagado,,0,Pendiente,,2025-06-24T12:00:00,,,1
HIST25_2077,T,Factura,Farmacia del Ahorro,Farmacia del Ahorro,2025-06-24,63.0,0,63.0,Tarjeta,Gastos en General,Pagado,,0,Pendiente,,2025-06-24T12:00:00,,,1
HIST25_2078,4214,Factura,Fumigaciones Aguirre (14 días),Fumigaciones Aguirre (14 días),2025-06-24,1132.74,0,1132.74,Transferencia,Gastos en General,Pagado,2025-07-08,14,Pendiente,,2025-06-24T12:00:00,,,1
HIST25_2079,EFBCH-12543552,Factura,ECOGAS MEXICO,ECOGAS MEXICO,2025-06-18,5275.0,0,5275.0,Transferencia,Gastos en General,Pagado,2025-06-25,7,Pendiente,,2025-06-18T12:00:00,,,1
HIST25_2080,115690,Factura,Colesa (7 días),Colesa (7 días),2025-06-25,566.75,0,566.75,Transferencia,Adquisición de mercancias,Pagado,2025-06-30,5,Pendiente,,2025-06-25T12:00:00,,,1
HIST25_2081,111828,Factura,Abarrotes Inst. (7 días),Abarrotes Inst. (7 días),2025-06-25,2379.81,0,2379.81,Transferencia,Adquisición de mercancias,Pagado,2025-06-30,5,Pendiente,,2025-06-25T12:00:00,,,1
HIST25_2082,73092,Factura,DIPACSA (7 días),DIPACSA (7 días),2025-06-25,1100.0,0,1100.0,Transferencia,Adquisición de mercancias,Pagado,2025-06-30,5,Pendiente,,2025-06-25T12:00:00,,,1
HIST25_2083,1093,Factura,SURTIDORA BOTANAS (7 DÍAS),SURTIDORA BOTANAS (7 DÍAS),2025-06-24,612.5,0,612.5,Transferencia,Adquisición de mercancias,Pagado,29/06/2025 → 29/06/2025,0,Pendiente,,2025-06-24T12:00:00,,,1
HIST25_2084,275659,Factura,MEDFRUT (7 DÍAS),MEDFRUT (7 DÍAS),2025-06-25,575.0,0,575.0,Transferencia,Adquisición de mercancias,Pagado,2025-06-30,5,Pendiente,,2025-06-25T12:00:00,,,1
HIST25_2085,94474,Factura,SUKARNE,SUKARNE,2025-06-25,4505.2,0,4505.2,Tarjeta,Adquisición de mercancias,Pagado,,0,Pendiente,,2025-06-25T12:00:00,,,1
HIST25_2086,38009411,Factura,Bachoco,Bachoco,2025-06-25,12707.49,0,12707.49,Tarjeta,Adquisición de mercancias,Pagado,,0,Pendiente,,2025-06-25T12:00:00,,,1
HIST25_2087,33095,Factura,Que Pescados!,Que Pescados!,2025-06-25,850.0,0,850.0,Tarjeta,Adquisición de mercancias,Pagado,,0,Pendiente,,2025-06-25T12:00:00,,,1
HIST25_2088,23/06/25,Factura,La Espiga Dorada  / JUAN MANUEL CASTRO (7 días),La Espiga Dorada  / JUAN MANUEL CASTRO (7 días),2025-06-23,1320.0,0,1320.0,Transferencia,Adquisición de mercancias,Pagado,2025-06-28,5,Pendiente,,2025-06-23T12:00:00,,,1
HIST25_2089,0002483957,Factura,Costco gas s.a,Costco gas s.a,2025-06-21,2399.0,0,2399.0,Tarjeta,Gastos en General,Pagado,,0,Pendiente,,2025-06-21T12:00:00,,,1
HIST25_2090,0002489021,Factura,Costco gas s.a,Costco gas s.a,2025-06-23,1121.68,0,1121.68,Tarjeta,Gastos en General,Pagado,,0,Pendiente,,2025-06-23T12:00:00,,,1
HIST25_2091,T,Factura,Sam's Club,Sam's Club,2025-06-25,1678.0,0,1678.0,Tarjeta,Adquisición de mercancias,Pagado,,0,Pendiente,,2025-06-25T12:00:00,,,1
HIST25_2092,T,Factura,City Club,City Club,2025-06-25,1389.0,0,1389.0,Tarjeta,Adquisición de mercancias,Pagado,,0,Pendiente,,2025-06-25T12:00:00,,,1
HIST25_2093,T,Factura,City Club,City Club,2025-06-25,265.2,0,265.2,Tarjeta,Gastos en General,Pagado,,0,Pendiente,,2025-06-25T12:00:00,,,1
HIST25_2094,T,Factura,Leopoldo Lozoya chamberete,Leopoldo Lozoya chamberete,2025-06-24,1131.2,0,1131.2,Tarjeta,Adquisición de mercancias,Pagado,,0,Pendiente,,2025-06-24T12:00:00,,,1
HIST25_2095,#FACTURA,,NOMINA,NOMINA,2025-06-26,27784.4,0,27784.4,Transferencia,Gastos en General,Pagado,2025-06-26,0,Pendiente,,2025-06-26T12:00:00,,,1
HIST25_2096,#FACTURA,,SODEXO,SODEXO,2025-06-26,3289.18,0,3289.18,Transferencia,Gastos en General,Pagado,2025-06-26,0,Pendiente,,2025-06-26T12:00:00,,,1
HIST25_2097,#FACTURA,,PENSION ALIMENTICIA,PENSION ALIMENTICIA,2025-06-26,866.12,0,866.12,Transferencia,Gastos en General,Pagado,,0,Pendiente,,2025-06-26T12:00:00,,,1
HIST25_2098,,,TARJETA CRÉDITO LEA,TARJETA CRÉDITO LEA,2025-06-26,39765.0,0,39765.0,Transferencia,Gastos en General,Pagado,,0,Pendiente,,2025-06-26T12:00:00,,,1
HIST25_2099,1807,,cesar quintana (bombas),cesar quintana (bombas),2025-06-26,1392.0,0,1392.0,Transferencia,Gastos en General,Pagado,2025-06-26,0,Pendiente,,2025-06-26T12:00:00,,,1
HIST25_2100,57462,Factura,EMPAQUES Y ENVASES/JOSE LUIS MORALES GARCIA (7 días),EMPAQUES Y ENVASES/JOSE LUIS MORALES GARCIA (7 días),2025-06-26,376.0,0,376.0,Transferencia,Gastos en General,Pagado,2025-07-01,5,Pendiente,,2025-06-26T12:00:00,,,1
HIST25_2101,023325,Factura,INIX COMERCIAL (20 DÍAS),INIX COMERCIAL (20 DÍAS),2025-06-26,1729.1,0,1729.1,Transferencia,Gastos en General,Pagado,2025-07-16,20,Pendiente,,2025-06-26T12:00:00,,,1
HIST25_2102,60553,Factura,KEY QUÍMICA (14 DÍAS),KEY QUÍMICA (14 DÍAS),2025-06-26,1669.24,0,1669.24,Transferencia,Gastos en General,Pagado,2025-07-10,14,Pendiente,,2025-06-26T12:00:00,,,1
HIST25_2103,023326,Factura,INIX COMERCIAL (20 DÍAS),INIX COMERCIAL (20 DÍAS),2025-06-26,483.98,0,483.98,Transferencia,Gastos en General,Pagado,2025-07-16,20,Pendiente,,2025-06-26T12:00:00,,,1
HIST25_2104,115781,Factura,Colesa (7 días),Colesa (7 días),2025-06-26,424.8,0,424.8,Transferencia,Adquisición de mercancias,Pagado,2025-07-01,5,Pendiente,,2025-06-26T12:00:00,,,1
HIST25_2105,852,Factura,Dumbo / Diana Silva Ponce (12 días),Dumbo / Diana Silva Ponce (12 días),2025-06-25,670.0,0,670.0,Transferencia,Adquisición de mercancias,Pagado,2025-06-30,5,Pendiente,,2025-06-25T12:00:00,,,1
HIST25_2106,73114,Factura,DIPACSA (7 días),DIPACSA (7 días),2025-06-26,1697.0,0,1697.0,Transferencia,Adquisición de mercancias,Pagado,2025-07-01,5,Pendiente,,2025-06-26T12:00:00,,,1
HIST25_2107,275751,Factura,MEDFRUT (7 DÍAS),MEDFRUT (7 DÍAS),2025-06-26,467.2,0,467.2,Transferencia,Adquisición de mercancias,Pagado,2025-07-01,5,Pendiente,,2025-06-26T12:00:00,,,1
HIST25_2108,26/06/25,Factura,Leopoldo Lozoya chamberete,Leopoldo Lozoya chamberete,2025-06-26,1227.0,0,1227.0,Tarjeta,Adquisición de mercancias,Pagado,,0,Pendiente,,2025-06-26T12:00:00,,,1
HIST25_2109,1812264,Factura,Alsuper,Alsuper,2025-06-23,381.4,0,381.4,Tarjeta,Adquisición de mercancias,Pagado,,0,Pendiente,,2025-06-23T12:00:00,,,1
HIST25_2110,0612,Remisión,,,2025-06-26,720.0,0,720.0,Transferencia,Adquisición de mercancias,Pagado,2025-07-01,5,Pendiente,,2025-06-26T12:00:00,,,1
HIST25_2111,600825,Remisión,Productos Lácteos Los Pinos (7 DÍAS),Productos Lácteos Los Pinos (7 DÍAS),2025-06-26,666.0,0,666.0,Transferencia,Adquisición de mercancias,Pagado,2025-07-01,5,Pendiente,,2025-06-26T12:00:00,,,1
HIST25_2112,94501,Factura,SUKARNE,SUKARNE,2025-06-26,3612.2,0,3612.2,Tarjeta,Adquisición de mercancias,Pagado,,0,Pendiente,,2025-06-26T12:00:00,,,1
HIST25_2113,T,Factura,Sam's Club,Sam's Club,2025-06-24,1285.97,0,1285.97,Tarjeta,Adquisición de mercancias,Pagado,,0,Pendiente,,2025-06-24T12:00:00,,,1
HIST25_2114,0571529,Factura,Alsuper,Alsuper,2025-06-26,631.5,0,631.5,Tarjeta,Adquisición de mercancias,Pagado,,0,Pendiente,,2025-06-26T12:00:00,,,1
HIST25_2115,3131,Factura,Paser / Araceli V. Padilla (14 dias),Paser / Araceli V. Padilla (14 dias),2025-06-27,827.5,0,827.5,Transferencia,Adquisición de mercancias,Pagado,2025-07-11,14,Pendiente,,2025-06-27T12:00:00,,,1
HIST25_2116,21858,Factura,Quesos y + Quesos / Armando Villanueva (7 días),Quesos y + Quesos / Armando Villanueva (7 días),2025-06-27,2468.4,0,2468.4,Transferencia,Adquisición de mercancias,Pagado,2025-07-02,5,Pendiente,,2025-06-27T12:00:00,,,1
HIST25_2117,275858,Factura,MEDFRUT (7 DÍAS),MEDFRUT (7 DÍAS),2025-06-27,450.0,0,450.0,Transferencia,Adquisición de mercancias,Pagado,2025-07-02,5,Pendiente,,2025-06-27T12:00:00,,,1
HIST25_2118,38027005,Factura,Bachoco,Bachoco,2025-06-27,16819.54,0,16819.54,Tarjeta,Adquisición de mercancias,Pagado,,0,Pendiente,,2025-06-27T12:00:00,,,1
HIST25_2119,111908,Factura,Abarrotes Inst. (7 días),Abarrotes Inst. (7 días),2025-06-27,2165.1,0,2165.1,Transferencia,Adquisición de mercancias,Pagado,2025-07-02,5,Pendiente,,2025-06-27T12:00:00,,,1
HIST25_2120,72963,Factura,miselec chihuahua,miselec chihuahua,2025-06-20,3942.34,0,3942.34,Tarjeta,Gastos en General,Pagado,,0,Pendiente,,2025-06-20T12:00:00,,,1
HIST25_2121,93011,Factura,EQUIPOS Y SISTEMAS HIDRAULICOS,EQUIPOS Y SISTEMAS HIDRAULICOS,2025-06-23,2291.13,0,2291.13,Tarjeta,Gastos en General,Pagado,,0,Pendiente,,2025-06-23T12:00:00,,,1
HIST25_2122,94500,Factura,SUKARNE,SUKARNE,2025-06-26,3733.8,0,3733.8,Tarjeta,Adquisición de mercancias,Pagado,,0,Pendiente,,2025-06-26T12:00:00,,,1
HIST25_2123,0053899,Factura,Alsuper,Alsuper,2025-06-15,131.4,0,131.4,Tarjeta,Adquisición de mercancias,Pagado,,0,Pendiente,,2025-06-15T12:00:00,,,1
HIST25_2124,94530,Factura,SUKARNE,SUKARNE,2025-06-27,3958.5,0,3958.5,Tarjeta,Adquisición de mercancias,Pagado,,0,Pendiente,,2025-06-27T12:00:00,,,1
HIST25_2125,464539,Factura,Casa Myers,Casa Myers,2025-06-20,64.3,0,64.3,Tarjeta,Gastos en General,Pagado,,0,Pendiente,,2025-06-20T12:00:00,,,1
HIST25_2126,464170,Factura,Casa Myers,Casa Myers,2025-06-17,1445.34,0,1445.34,Tarjeta,Gastos en General,Pagado,,0,Pendiente,,2025-06-17T12:00:00,,,1
HIST25_2127,1715782,Factura,Alsuper,Alsuper,2025-06-21,127.8,0,127.8,Tarjeta,Gastos en General,Pagado,,0,Pendiente,,2025-06-21T12:00:00,,,1
HIST25_2128,33969,Factura,Refrigeración Lozano,Refrigeración Lozano,2025-06-21,661.2,0,661.2,Tarjeta,Gastos en General,Pagado,,0,Pendiente,,2025-06-21T12:00:00,,,1
HIST25_2129,619455,Factura,STEREN,STEREN,2025-06-18,339.0,0,339.0,Tarjeta,Gastos en General,Pagado,,0,Pendiente,,2025-06-18T12:00:00,,,1
HIST25_2130,8814,Factura,Los Angeles Ferreteria,Los Angeles Ferreteria,2025-06-24,320.0,0,320.0,Tarjeta,Gastos en General,Pagado,,0,Pendiente,,2025-06-24T12:00:00,,,1
HIST25_2131,6958,Factura,Combustibles del Bosque,Combustibles del Bosque,2025-06-19,1000.0,0,1000.0,Tarjeta,Gastos en General,Pagado,,0,Pendiente,,2025-06-19T12:00:00,,,1
HIST25_2132,0003093316,Factura,Cooperativo arpe,Cooperativo arpe,2025-06-17,600.0,0,600.0,Tarjeta,Gastos en General,Pagado,,0,Pendiente,,2025-06-17T12:00:00,,,1
HIST25_2133,69851,Factura,PROMAR DEL NORTE (14 DÍAS),PROMAR DEL NORTE (14 DÍAS),2025-06-27,2156.5,0,2156.5,Transferencia,Adquisición de mercancias,Pagado,2025-07-11,14,Pendiente,,2025-06-27T12:00:00,,,1
HIST25_2134,0572990,Factura,Alsuper,Alsuper,2025-06-28,28.85,0,28.85,Tarjeta,Adquisición de mercancias,Pagado,,0,Pendiente,,2025-06-28T12:00:00,,,1
HIST25_2135,94572,Factura,SUKARNE,SUKARNE,2025-06-28,5276.9,0,5276.9,Tarjeta,Adquisición de mercancias,Pagado,,0,Pendiente,,2025-06-28T12:00:00,,,1
HIST25_2136,35490,Factura,SUKARNE,SUKARNE,2025-06-28,5285.3,0,5285.3,Tarjeta,Adquisición de mercancias,Pagado,,0,Pendiente,,2025-06-28T12:00:00,,,1
HIST25_2137,275975,Factura,MEDFRUT (7 DÍAS),MEDFRUT (7 DÍAS),2025-06-28,583.4,0,583.4,Transferencia,Adquisición de mercancias,Pagado,2025-07-03,5,Pendiente,,2025-06-28T12:00:00,,,1
HIST25_2138,40677,Factura,Papas Santa Fe / Procepap (7 dias),Papas Santa Fe / Procepap (7 dias),2025-06-27,586.8,0,586.8,Transferencia,Adquisición de mercancias,Pagado,2025-07-02,5,Pendiente,,2025-06-27T12:00:00,,,1
HIST25_2139,1131,Factura,SURTIDORA BOTANAS (7 DÍAS),SURTIDORA BOTANAS (7 DÍAS),2025-06-28,672.28,0,672.28,Transferencia,Adquisición de mercancias,Pagado,2025-07-03,5,Pendiente,,2025-06-28T12:00:00,,,1
HIST25_2140,15806,Factura,ERO Grande (20 días),ERO Grande (20 días),2025-06-28,1520.0,0,1520.0,Transferencia,Adquisición de mercancias,Pagado,2025-07-13,15,Pendiente,,2025-06-28T12:00:00,,,1
HIST25_2141,42,Factura,Salsa La Moncha / Janeth Gonzalez (14 días),Salsa La Moncha / Janeth Gonzalez (14 días),2025-06-27,240.0,0,240.0,Transferencia,Adquisición de mercancias,Pagado,2025-07-02,5,Pendiente,,2025-06-27T12:00:00,,,1
HIST25_2142,T,Factura,Sam's Club,Sam's Club,2025-06-28,510.0,0,510.0,Tarjeta,Adquisición de mercancias,Pagado,,0,Pendiente,,2025-06-28T12:00:00,,,1
HIST25_2143,T,Factura,Sam's Club,Sam's Club,2025-06-27,1699.0,0,1699.0,Tarjeta,Adquisición de mercancias,Pagado,,0,Pendiente,,2025-06-27T12:00:00,,,1
HIST25_2144,T,Factura,Costco,Costco,2025-06-26,1174.0,0,1174.0,Tarjeta,Adquisición de mercancias,Pagado,,0,Pendiente,,2025-06-26T12:00:00,,,1
HIST25_2145,T,Factura,Sam's Club,Sam's Club,2025-06-26,1068.95,0,1068.95,Tarjeta,Adquisición de mercancias,Pagado,,0,Pendiente,,2025-06-26T12:00:00,,,1
HIST25_2146,T,Factura,Sam's Club,Sam's Club,2025-06-27,208.0,0,208.0,Tarjeta,Gastos en General,Pagado,,0,Pendiente,,2025-06-27T12:00:00,,,1
HIST25_2147,73199,Factura,DIPACSA (7 días),DIPACSA (7 días),2025-06-30,862.0,0,862.0,Transferencia,Adquisición de mercancias,Pagado,2025-07-05,5,Pendiente,,2025-06-30T12:00:00,,,1
HIST25_2148,17957,Factura,Colesa (7 días),Colesa (7 días),2025-06-28,242.92,0,242.92,Transferencia,Adquisición de mercancias,Pagado,2025-07-03,5,Pendiente,,2025-06-28T12:00:00,,,1
HIST25_2149,38045521,Factura,Bachoco,Bachoco,2025-06-30,12808.11,0,12808.11,Tarjeta,Adquisición de mercancias,Pagado,,0,Pendiente,,2025-06-30T12:00:00,,,1
HIST25_2150,35525,Factura,SUKARNE,SUKARNE,2025-06-30,5522.4,0,5522.4,Tarjeta,Adquisición de mercancias,Pagado,,0,Pendiente,,2025-06-30T12:00:00,,,1
HIST25_2151,94605,Factura,SUKARNE,SUKARNE,2025-06-30,4512.4,0,4512.4,Tarjeta,Adquisición de mercancias,Pagado,,0,Pendiente,,2025-06-30T12:00:00,,,1
HIST25_2152,0678514,Factura,Alsuper,Alsuper,2025-06-30,188.83,0,188.83,Tarjeta,Adquisición de mercancias,Pagado,,0,Pendiente,,2025-06-30T12:00:00,,,1
HIST25_2153,56590,Factura,ADOSA,ADOSA,2025-06-30,160.5,0,160.5,Tarjeta,Gastos en General,Pagado,,0,Pendiente,,2025-06-30T12:00:00,,,1
HIST25_2154,3147,Factura,JUNTA MUNICIPAL DE AGUA (JMAS),JUNTA MUNICIPAL DE AGUA (JMAS),2025-06-28,2914.6,0,2914.6,Transferencia,Gastos en General,Pagado,2025-07-11,13,Pendiente,,2025-06-28T12:00:00,,,1
HIST25_2155,57570,Factura,EMPAQUES Y ENVASES/JOSE LUIS MORALES GARCIA (7 días),EMPAQUES Y ENVASES/JOSE LUIS MORALES GARCIA (7 días),2025-07-01,965.2,0,965.2,Transferencia,Gastos en General,Pagado,2025-07-06,5,Pendiente,,2025-07-01T12:00:00,,,1
HIST25_2156,116060,Factura,Colesa (7 días),Colesa (7 días),2025-07-01,2040.38,0,2040.38,Transferencia,Adquisición de mercancias,Pagado,2025-07-06,5,Pendiente,,2025-07-01T12:00:00,,,1
HIST25_2157,111994,Factura,Abarrotes Inst. (7 días),Abarrotes Inst. (7 días),2025-07-01,1423.32,0,1423.32,Transferencia,Adquisición de mercancias,Pagado,2025-07-06,5,Pendiente,,2025-07-01T12:00:00,,,1
HIST25_2158,69895,Factura,PROMAR DEL NORTE (14 DÍAS),PROMAR DEL NORTE (14 DÍAS),2025-06-30,2587.8,0,2587.8,Transferencia,Adquisición de mercancias,Pagado,2025-07-12,12,Pendiente,,2025-06-30T12:00:00,,,1
HIST25_2159,94624,Factura,SUKARNE,SUKARNE,2025-07-01,3729.5,0,3729.5,Tarjeta,Adquisición de mercancias,Pagado,,0,Pendiente,,2025-07-01T12:00:00,,,1
HIST25_2160,94623,Factura,SUKARNE,SUKARNE,2025-07-01,4750.3,0,4750.3,Tarjeta,Adquisición de mercancias,Pagado,,0,Pendiente,,2025-07-01T12:00:00,,,1
HIST25_2161,01/07/25,Factura,Leopoldo Lozoya chamberete,Leopoldo Lozoya chamberete,2025-07-01,1222.2,0,1222.2,Tarjeta,Adquisición de mercancias,Pagado,,0,Pendiente,,2025-07-01T12:00:00,,,1
HIST25_2162,T,Factura,Sam's Club,Sam's Club,2025-07-01,1007.96,0,1007.96,Tarjeta,Adquisición de mercancias,Pagado,,0,Pendiente,,2025-07-01T12:00:00,,,1
HIST25_2163,T,Factura,City Club,City Club,2025-07-01,753.0,0,753.0,Tarjeta,Adquisición de mercancias,Pagado,,0,Pendiente,,2025-07-01T12:00:00,,,1
HIST25_2164,T,Factura,Sam's Club,Sam's Club,2025-07-01,1137.65,0,1137.65,Tarjeta,Adquisición de mercancias,Pagado,,0,Pendiente,,2025-07-01T12:00:00,,,1
HIST25_2165,4215,Factura,Ma Eugenia Payan / Tortillas (14 días),Ma Eugenia Payan / Tortillas (14 días),2025-06-18,2824.5,0,2824.5,Transferencia,Adquisición de mercancias,Pagado,2025-07-02,14,Pendiente,,2025-06-18T12:00:00,,,1
HIST25_2166,4217,Factura,Ma Eugenia Payan / Tortillas (14 días),Ma Eugenia Payan / Tortillas (14 días),2025-06-24,2940.0,0,2940.0,Transferencia,Adquisición de mercancias,Pagado,2025-07-08,14,Pendiente,,2025-06-24T12:00:00,,,1
HIST25_2167,0001203,Factura,AB Pollo,AB Pollo,2025-06-30,2397.6,0,2397.6,Tarjeta,Adquisición de mercancias,Pagado,,0,Pendiente,,2025-06-30T12:00:00,,,1
HIST25_2168,3158,Factura,Paser / Araceli V. Padilla (14 dias),Paser / Araceli V. Padilla (14 dias),2025-07-02,827.5,0,827.5,Transferencia,Adquisición de mercancias,Pagado,2025-07-16,14,Pendiente,,2025-07-02T12:00:00,,,1
HIST25_2169,706438,Factura,Casa Reza (7 días),Casa Reza (7 días),2025-07-02,3880.0,0,3880.0,Transferencia,Adquisición de mercancias,Pagado,2025-07-07,5,Pendiente,,2025-07-02T12:00:00,,,1
HIST25_2170,73281,Factura,DIPACSA (7 días),DIPACSA (7 días),2025-07-02,1585.0,0,1585.0,Transferencia,Adquisición de mercancias,Pagado,2025-07-07,5,Pendiente,,2025-07-02T12:00:00,,,1
HIST25_2171,1024691,Factura,Alsuper,Alsuper,2025-07-02,22.19,0,22.19,Tarjeta,Adquisición de mercancias,Pagado,,0,Pendiente,,2025-07-02T12:00:00,,,1
HIST25_2172,1196826,Factura,Alsuper,Alsuper,2025-07-02,146.93,0,146.93,Tarjeta,Adquisición de mercancias,Pagado,,0,Pendiente,,2025-07-02T12:00:00,,,1
HIST25_2173,94655,Factura,SUKARNE,SUKARNE,2025-07-02,5224.8,0,5224.8,Tarjeta,Adquisición de mercancias,Pagado,,0,Pendiente,,2025-07-02T12:00:00,,,1
HIST25_2174,38062998,Factura,Bachoco,Bachoco,2025-07-02,14060.93,0,14060.93,Tarjeta,Adquisición de mercancias,Pagado,,0,Pendiente,,2025-07-02T12:00:00,,,1
HIST25_2175,1161143,Factura,Colesa (7 días),Colesa (7 días),2025-07-02,1410.8,0,1410.8,Transferencia,Adquisición de mercancias,Pagado,2025-07-07,5,Pendiente,,2025-07-02T12:00:00,,,1
HIST25_2176,0617,Remisión,NARANJA Y LIMÓN (7 DÍAS),NARANJA Y LIMÓN (7 DÍAS),2025-07-02,1455.0,0,1455.0,Transferencia,Adquisición de mercancias,Pagado,2025-07-07,5,Pendiente,,2025-07-02T12:00:00,,,1
HIST25_2177,2815,Factura,La Cosecha / Guadalupe Caro S. (14 días),La Cosecha / Guadalupe Caro S. (14 días),2025-07-03,1260.0,0,1260.0,Transferencia,Adquisición de mercancias,Pagado,2025-07-17,14,Pendiente,,2025-07-03T12:00:00,,,1
HIST25_2178,57631,Factura,EMPAQUES Y ENVASES/JOSE LUIS MORALES GARCIA (7 días),EMPAQUES Y ENVASES/JOSE LUIS MORALES GARCIA (7 días),2025-07-03,318.44,0,318.44,Transferencia,Gastos en General,Pagado,2025-07-08,5,Pendiente,,2025-07-03T12:00:00,,,1
HIST25_2179,023386,Factura,INIX COMERCIAL (20 DÍAS),INIX COMERCIAL (20 DÍAS),2025-07-02,3336.11,0,3336.11,Transferencia,Gastos en General,Pagado,2025-07-22,20,Pendiente,,2025-07-02T12:00:00,,,1
HIST25_2180,105281,Factura,Diplas / Hector A Portillo (20 días),Diplas / Hector A Portillo (20 días),2025-07-01,2843.63,0,2843.63,Transferencia,Gastos en General,Pagado,2025-07-21,20,Pendiente,,2025-07-01T12:00:00,,,1
HIST25_2181,42309,Remisión,"AGYDSA ""Aceite"" (7 días)","AGYDSA ""Aceite"" (7 días)",2025-07-03,2800.0,0,2800.0,Transferencia,Gastos en General,Pagado,2025-07-08,5,Pendiente,,2025-07-03T12:00:00,,,1
HIST25_2182,2511198,Factura,Gelos Market,Gelos Market,2025-07-01,169.0,0,169.0,Tarjeta,Adquisición de mercancias,Pagado,,0,Pendiente,,2025-07-01T12:00:00,,,1
HIST25_2183,03/07/25,Factura,,,2025-07-03,1224.0,0,1224.0,Tarjeta,Adquisición de mercancias,Pagado,,0,Pendiente,,2025-07-03T12:00:00,,,1
HIST25_2184,T,Factura,Costco,Costco,2025-07-01,1256.1,0,1256.1,Tarjeta,Adquisición de mercancias,Pagado,,0,Pendiente,,2025-07-01T12:00:00,,,1
HIST25_2185,0002510122,Factura,Costco gas s.a,Costco gas s.a,2025-07-01,1144.5,0,1144.5,Tarjeta,Gastos en General,Pagado,,0,Pendiente,,2025-07-01T12:00:00,,,1
HIST25_2186,94681,Factura,SUKARNE,SUKARNE,2025-07-03,5519.1,0,5519.1,Tarjeta,Adquisición de mercancias,Pagado,,0,Pendiente,,2025-07-03T12:00:00,,,1
HIST25_2187,#FACTURA,,NOMINA,NOMINA,2025-07-03,25732.8,0,25732.8,Transferencia,Gastos en General,Pagado,2025-07-03,0,Pendiente,,2025-07-03T12:00:00,,,1
HIST25_2188,35589,Factura,SUKARNE,SUKARNE,2025-07-03,5034.7,0,5034.7,Tarjeta,Adquisición de mercancias,Pagado,,0,Pendiente,,2025-07-03T12:00:00,,,1
HIST25_2189,#FACTURA,,SODEXO,SODEXO,2025-07-03,3328.97,0,3328.97,Transferencia,Gastos en General,Pagado,2025-07-03,0,Pendiente,,2025-07-03T12:00:00,,,1
HIST25_2190,0078647,Factura,Alsuper,Alsuper,2025-07-03,33.8,0,33.8,Tarjeta,Gastos en General,Pagado,,0,Pendiente,,2025-07-03T12:00:00,,,1
HIST25_2191,#FACTURA,,PENSION ALIMENTICIA,PENSION ALIMENTICIA,2025-07-03,866.12,0,866.12,Transferencia,Gastos en General,Pagado,2025-07-03,0,Pendiente,,2025-07-03T12:00:00,,,1
HIST25_2192,0195269,Factura,Alsuper,Alsuper,2025-07-03,204.15,0,204.15,Tarjeta,Adquisición de mercancias,Pagado,,0,Pendiente,,2025-07-03T12:00:00,,,1
HIST25_2193,0078648,Factura,Alsuper,Alsuper,2025-07-03,565.06,0,565.06,Tarjeta,Adquisición de mercancias,Pagado,,0,Pendiente,,2025-07-03T12:00:00,,,1
HIST25_2194,116227,Factura,Colesa (7 días),Colesa (7 días),2025-07-03,1013.0,0,1013.0,Transferencia,Adquisición de mercancias,Pagado,2025-07-08,5,Pendiente,,2025-07-03T12:00:00,,,1
HIST25_2195,509879,Factura,La Espiga Dorada  / JUAN MANUEL CASTRO (7 días),La Espiga Dorada  / JUAN MANUEL CASTRO (7 días),2025-07-03,1320.0,0,1320.0,Transferencia,Adquisición de mercancias,Pagado,2025-07-08,5,Pendiente,,2025-07-03T12:00:00,,,1
HIST25_2196,21965,Factura,Quesos y + Quesos / Armando Villanueva (7 días),Quesos y + Quesos / Armando Villanueva (7 días),2025-07-04,2534.4,0,2534.4,Transferencia,Adquisición de mercancias,Pagado,2025-07-09,5,Pendiente,,2025-07-04T12:00:00,,,1
HIST25_2197,69945,Factura,PROMAR DEL NORTE (14 DÍAS),PROMAR DEL NORTE (14 DÍAS),2025-07-04,2587.8,0,2587.8,Transferencia,Adquisición de mercancias,Pagado,2025-07-20,16,Pendiente,,2025-07-04T12:00:00,,,1
HIST25_2198,30251,Factura,Colesa (7 días),Colesa (7 días),2025-07-04,621.7,0,621.7,Transferencia,Adquisición de mercancias,Pagado,2025-07-09,5,Pendiente,,2025-07-04T12:00:00,,,1
HIST25_2199,5745,Factura,PIINCA (14 DÍAS),PIINCA (14 DÍAS),2025-07-04,1247.0,0,1247.0,Transferencia,Adquisición de mercancias,Pagado,2025-07-20,16,Pendiente,,2025-07-04T12:00:00,,,1
HIST25_2200,73324,Factura,DIPACSA (7 días),DIPACSA (7 días),2025-07-04,1724.0,0,1724.0,Transferencia,Adquisición de mercancias,Pagado,2025-07-09,5,Pendiente,,2025-07-04T12:00:00,,,1
HIST25_2201,3167,Factura,Paser / Araceli V. Padilla (14 dias),Paser / Araceli V. Padilla (14 dias),2025-07-04,875.0,0,875.0,Transferencia,Adquisición de mercancias,Pagado,2025-07-20,16,Pendiente,,2025-07-04T12:00:00,,,1
HIST25_2202,276488,Factura,MEDFRUT (7 DÍAS),MEDFRUT (7 DÍAS),2025-07-04,495.8,0,495.8,Transferencia,Adquisición de mercancias,Pagado,2025-07-09,5,Pendiente,,2025-07-04T12:00:00,,,1
HIST25_2203,0244299,Factura,Alsuper,Alsuper,2025-07-04,379.4,0,379.4,Tarjeta,Adquisición de mercancias,Pagado,,0,Pendiente,,2025-07-04T12:00:00,,,1
HIST25_2204,92714,Factura,SUKARNE,SUKARNE,2025-07-04,4203.0,0,4203.0,Tarjeta,Adquisición de mercancias,Pagado,,0,Pendiente,,2025-07-04T12:00:00,,,1
HIST25_2205,94715,Factura,SUKARNE,SUKARNE,2025-07-04,4092.2,0,4092.2,Tarjeta,Adquisición de mercancias,Pagado,,0,Pendiente,,2025-07-04T12:00:00,,,1
HIST25_2206,T,Factura,WALMART,WALMART,2025-07-04,240.0,0,240.0,Tarjeta,Adquisición de mercancias,Pagado,,0,Pendiente,,2025-07-04T12:00:00,,,1
HIST25_2207,T,Factura,Sam's Club,Sam's Club,2025-07-03,475.0,0,475.0,Tarjeta,Gastos en General,Pagado,,0,Pendiente,,2025-07-03T12:00:00,,,1
HIST25_2208,T,Factura,Sam's Club,Sam's Club,2025-07-03,1279.0,0,1279.0,Tarjeta,Adquisición de mercancias,Pagado,,0,Pendiente,,2025-07-03T12:00:00,,,1
HIST25_2209,38081029,Factura,Bachoco,Bachoco,2025-07-04,12369.52,0,12369.52,Tarjeta,Adquisición de mercancias,Pagado,,0,Pendiente,,2025-07-04T12:00:00,,,1
HIST25_2210,116388,Factura,Colesa (7 días),Colesa (7 días),2025-07-05,1735.6,0,1735.6,Transferencia,Adquisición de mercancias,Pagado,2025-07-10,5,Pendiente,,2025-07-05T12:00:00,,,1
HIST25_2211,595,Factura,Dumbo / Diana Silva Ponce (12 días),Dumbo / Diana Silva Ponce (12 días),2025-07-05,815.0,0,815.0,Transferencia,Adquisición de mercancias,Pagado,2025-07-10,5,Pendiente,,2025-07-05T12:00:00,,,1
HIST25_2212,2512662,Factura,Gelos Market,Gelos Market,2025-07-04,49.03,0,49.03,Tarjeta,Adquisición de mercancias,Pagado,,0,Pendiente,,2025-07-04T12:00:00,,,1
HIST25_2213,2513251,Factura,Gelos Market,Gelos Market,2025-07-05,78.22,0,78.22,Tarjeta,Adquisición de mercancias,Pagado,,0,Pendiente,,2025-07-05T12:00:00,,,1
HIST25_2214,T,Factura,Sam's Club,Sam's Club,2025-07-05,1846.0,0,1846.0,Tarjeta,Adquisición de mercancias,Pagado,,0,Pendiente,,2025-07-05T12:00:00,,,1
HIST25_2215,T,Factura,Sam's Club,Sam's Club,2025-07-04,967.97,0,967.97,Tarjeta,Adquisición de mercancias,Pagado,,0,Pendiente,,2025-07-04T12:00:00,,,1
HIST25_2216,T,Factura,City Club,City Club,2025-07-05,533.0,0,533.0,Tarjeta,Adquisición de mercancias,Pagado,,0,Pendiente,,2025-07-05T12:00:00,,,1
HIST25_2217,94754,Factura,SUKARNE,SUKARNE,2025-07-05,5125.6,0,5125.6,Tarjeta,Adquisición de mercancias,Pagado,,0,Pendiente,,2025-07-05T12:00:00,,,1
HIST25_2218,94753,Factura,SUKARNE,SUKARNE,2025-07-05,5026.4,0,5026.4,Tarjeta,Adquisición de mercancias,Pagado,,0,Pendiente,,2025-07-05T12:00:00,,,1
HIST25_2219,63311,Factura,Refrigeración Lozano,Refrigeración Lozano,2025-07-05,344.52,0,344.52,Tarjeta,Gastos en General,Pagado,,0,Pendiente,,2025-07-05T12:00:00,,,1
HIST25_2220,0276906239,Factura,Qualitas compañía de seguros,Qualitas compañía de seguros,2025-06-18,29299.73,0,29299.73,Tarjeta,Gastos en General,Pagado,,0,Pendiente,,2025-06-18T12:00:00,,,1
HIST25_2221,38098895,Factura,Bachoco,Bachoco,2025-07-07,14100.21,0,14100.21,Tarjeta,Adquisición de mercancias,Pagado,,0,Pendiente,,2025-07-07T12:00:00,,,1
HIST25_2222,57716,Factura,EMPAQUES Y ENVASES/JOSE LUIS MORALES GARCIA (7 días),EMPAQUES Y ENVASES/JOSE LUIS MORALES GARCIA (7 días),2025-07-07,682.0,0,682.0,Transferencia,Adquisición de mercancias,Pagado,,0,Pendiente,,2025-07-07T12:00:00,,,1
HIST25_2223,110743,Factura,Colesa (7 días),Colesa (7 días),2025-07-07,1471.8,0,1471.8,Transferencia,Adquisición de mercancias,Pagado,2025-07-12,5,Pendiente,,2025-07-07T12:00:00,,,1
HIST25_2224,1185,Factura,SURTIDORA BOTANAS (7 DÍAS),SURTIDORA BOTANAS (7 DÍAS),2025-07-07,919.24,0,919.24,Transferencia,Adquisición de mercancias,Pagado,2025-07-11,4,Pendiente,,2025-07-07T12:00:00,,,1
HIST25_2225,140532,Factura,Abarrotes Inst. (7 días),Abarrotes Inst. (7 días),2025-07-07,1879.14,0,1879.14,Transferencia,Adquisición de mercancias,Pagado,2025-07-12,5,Pendiente,,2025-07-07T12:00:00,,,1
HIST25_2226,0682585,Factura,Alsuper,Alsuper,2025-07-07,550.27,0,550.27,Tarjeta,Adquisición de mercancias,Pagado,,0,Pendiente,,2025-07-07T12:00:00,,,1
HIST25_2227,T,Factura,HOME DEPOT,HOME DEPOT,2025-07-07,621.32,0,621.32,Tarjeta,Gastos en General,Pagado,,0,Pendiente,,2025-07-07T12:00:00,,,1
HIST25_2228,T,Factura,Expendio de carne de puerco,Expendio de carne de puerco,2025-07-07,845.0,0,845.0,Tarjeta,Adquisición de mercancias,Pagado,,0,Pendiente,,2025-07-07T12:00:00,,,1
HIST25_2229,T,Factura,Sam's Club,Sam's Club,2025-07-07,600.5,0,600.5,Tarjeta,Adquisición de mercancias,Pagado,,0,Pendiente,,2025-07-07T12:00:00,,,1
HIST25_2230,T,Factura,Costco,Costco,2025-07-07,782.6,0,782.6,Tarjeta,Adquisición de mercancias,Pagado,,0,Pendiente,,2025-07-07T12:00:00,,,1
HIST25_2231,0002524016,Factura,Costco gas s.a,Costco gas s.a,2025-07-06,2271.57,0,2271.57,Tarjeta,Gastos en General,Pendiente,,0,Pendiente,,2025-07-06T12:00:00,,,1
HIST25_2232,112329,Factura,SUKARNE,SUKARNE,2025-07-07,5051.66,0,5051.66,Tarjeta,Adquisición de mercancias,Pagado,,0,Pendiente,,2025-07-07T12:00:00,,,1
HIST25_2233,#FACTURA,Factura,NOMINA,NOMINA,2025-07-05,2546.0,0,2546.0,Cheque,Gastos en General,Pagado,,0,No aplíca,,2025-07-05T12:00:00,,,1
HIST25_2234,3170,Factura,Paser / Araceli V. Padilla (14 dias),Paser / Araceli V. Padilla (14 dias),2025-07-07,875.0,0,875.0,Transferencia,Adquisición de mercancias,Pagado,2025-07-21,14,Pendiente,,2025-07-07T12:00:00,,,1
HIST25_2235,116567,Factura,Colesa (7 días),Colesa (7 días),2025-07-08,791.15,0,791.15,Transferencia,Adquisición de mercancias,Pagado,2025-07-13,5,Pendiente,,2025-07-08T12:00:00,,,1
HIST25_2236,70007,Factura,PROMAR DEL NORTE (14 DÍAS),PROMAR DEL NORTE (14 DÍAS),2025-07-08,3019.1,0,3019.1,Transferencia,Adquisición de mercancias,Pagado,2025-07-22,14,Pendiente,,2025-07-08T12:00:00,,,1
HIST25_2237,42343,Remisión,"AGYDSA ""Aceite"" (7 días)","AGYDSA ""Aceite"" (7 días)",2025-07-08,1400.0,0,1400.0,Transferencia,Adquisición de mercancias,Pagado,2025-07-13,5,Pendiente,,2025-07-08T12:00:00,,,1
HIST25_2238,023435,Factura,INIX COMERCIAL (20 DÍAS),INIX COMERCIAL (20 DÍAS),2025-07-08,6124.65,0,6124.65,Transferencia,Gastos en General,Pagado,2025-07-28,20,Pendiente,,2025-07-08T12:00:00,,,1
HIST25_2239,3910,Remisión,La Cosecha / Guadalupe Caro S. (14 días),La Cosecha / Guadalupe Caro S. (14 días),2025-07-08,1173.0,0,1173.0,Transferencia,Adquisición de mercancias,Pagado,2025-07-25,17,Pendiente,,2025-07-08T12:00:00,,,1
HIST25_2240,658903,Factura,Combustibles del Bosque,Combustibles del Bosque,2025-07-05,1000.0,0,1000.0,Tarjeta,Gastos en General,Pagado,,0,Pendiente,,2025-07-05T12:00:00,,,1
HIST25_2241,94813,Factura,SUKARNE,SUKARNE,2025-07-08,4420.2,0,4420.2,Tarjeta,Adquisición de mercancias,Pagado,,0,Pendiente,,2025-07-08T12:00:00,,,1
HIST25_2242,T,Factura,Combustibles del Bosque,Combustibles del Bosque,2025-07-08,479.8,0,479.8,Tarjeta,Gastos en General,Pagado,,0,Pendiente,,2025-07-08T12:00:00,,,1
HIST25_2243,94812,Factura,SUKARNE,SUKARNE,2025-07-08,4285.4,0,4285.4,Tarjeta,Adquisición de mercancias,Pagado,,0,Pendiente,,2025-07-08T12:00:00,,,1
HIST25_2244,0683245,Factura,Alsuper,Alsuper,2025-07-08,361.96,0,361.96,Tarjeta,Adquisición de mercancias,Pagado,,0,Pendiente,,2025-07-08T12:00:00,,,1
HIST25_2245,T,Factura,Sam's Club,Sam's Club,2025-06-26,861.36,0,861.36,Tarjeta,Gastos en General,Pagado,,0,Pendiente,,2025-06-26T12:00:00,,,1
HIST25_2246,010401,Factura,Radio Refrigeración Juarez,Radio Refrigeración Juarez,2025-06-26,8118.84,0,8118.84,Tarjeta,Gastos en General,Pagado,,0,Pendiente,,2025-06-26T12:00:00,,,1
HIST25_2247,T,Factura,Gas carvel Aldama,Gas carvel Aldama,2025-06-26,479.8,0,479.8,Tarjeta,Gastos en General,Pagado,,0,Pendiente,,2025-06-26T12:00:00,,,1
HIST25_2248,#FACTURA,,NOMINA,NOMINA,2025-07-10,28436.4,0,28436.4,Transferencia,Gastos en General,Pagado,2025-07-10,0,Pendiente,,2025-07-10T12:00:00,,,1
HIST25_2249,,,SODEXO,SODEXO,2025-07-10,3067.46,0,3067.46,Transferencia,Gastos en General,Pagado,2025-07-10,0,Pendiente,,2025-07-10T12:00:00,,,1
HIST25_2250,#FACTURA,,PENSION ALIMENTICIA,PENSION ALIMENTICIA,2025-07-10,832.92,0,832.92,Transferencia,Gastos en General,Pagado,2025-07-10,0,Pendiente,,2025-07-10T12:00:00,,,1
HIST25_2251,0624,Remisión,NARANJA Y LIMÓN (7 DÍAS),NARANJA Y LIMÓN (7 DÍAS),2025-07-11,1095.0,0,1095.0,Transferencia,Adquisición de mercancias,Pagado,2025-07-16,5,Pendiente,,2025-07-11T12:00:00,,,1
HIST25_2252,277244,Factura,MEDFRUT (7 DÍAS),MEDFRUT (7 DÍAS),2025-07-12,430.0,0,430.0,Transferencia,Adquisición de mercancias,Pagado,2025-07-17,5,Pendiente,,2025-07-12T12:00:00,,,1
HIST25_2253,116651,Factura,Colesa (7 días),Colesa (7 días),2025-07-09,1160.04,0,1160.04,Transferencia,Adquisición de mercancias,Pagado,2025-07-14,5,Pendiente,,2025-07-09T12:00:00,,,1
HIST25_2254,1221,Factura,SURTIDORA BOTANAS (7 DÍAS),SURTIDORA BOTANAS (7 DÍAS),2025-07-09,678.16,0,678.16,Transferencia,Adquisición de mercancias,Pagado,2025-07-14,5,Pendiente,,2025-07-09T12:00:00,,,1
HIST25_2255,41325,Factura,Papas Santa Fe / Procepap (7 dias),Papas Santa Fe / Procepap (7 dias),2025-07-09,684.0,0,684.0,Transferencia,Adquisición de mercancias,Pagado,2025-07-14,5,Pendiente,,2025-07-09T12:00:00,,,1
HIST25_2256,3184,Factura,Paser / Araceli V. Padilla (14 dias),Paser / Araceli V. Padilla (14 dias),2025-07-09,875.0,0,875.0,Transferencia,Adquisición de mercancias,Pagado,2025-07-23,14,Pendiente,,2025-07-09T12:00:00,,,1
HIST25_2257,38116665,Factura,Bachoco,Bachoco,2025-07-09,11155.02,0,11155.02,Tarjeta,Adquisición de mercancias,Pagado,,0,Pendiente,,2025-07-09T12:00:00,,,1
HIST25_2258,73487,Factura,DIPACSA (7 días),DIPACSA (7 días),2025-07-09,1693.0,0,1693.0,Transferencia,Adquisición de mercancias,Pagado,2025-07-14,5,Pendiente,,2025-07-09T12:00:00,,,1
HIST25_2259,38133849,Factura,Bachoco,Bachoco,2025-07-11,15421.6,0,15421.6,Tarjeta,Adquisición de mercancias,Pagado,,0,Pendiente,,2025-07-11T12:00:00,,,1
HIST25_2260,116900,Factura,Colesa (7 días),Colesa (7 días),2025-07-12,2363.95,0,2363.95,Transferencia,Adquisición de mercancias,Pagado,2025-07-17,5,Pendiente,,2025-07-12T12:00:00,,,1
HIST25_2261,3194,Factura,Paser / Araceli V. Padilla (14 dias),Paser / Araceli V. Padilla (14 dias),2025-07-12,875.0,0,875.0,Transferencia,Adquisición de mercancias,Pagado,2025-07-26,14,Pendiente,,2025-07-12T12:00:00,,,1
HIST25_2262,57833,Factura,EMPAQUES Y ENVASES/JOSE LUIS MORALES GARCIA (7 días),EMPAQUES Y ENVASES/JOSE LUIS MORALES GARCIA (7 días),2025-07-11,472.2,0,472.2,Transferencia,Adquisición de mercancias,Pagado,2025-07-16,5,Pendiente,,2025-07-11T12:00:00,,,1
HIST25_2263,60724,Factura,KEY QUÍMICA (14 DÍAS),KEY QUÍMICA (14 DÍAS),2025-07-11,1073.0,0,1073.0,Transferencia,Gastos en General,Pagado,2025-07-26,15,Pendiente,,2025-07-11T12:00:00,,,1
HIST25_2264,112361,Factura,Abarrotes Inst. (7 días),Abarrotes Inst. (7 días),2025-07-11,2087.2,0,2087.2,Transferencia,Adquisición de mercancias,Pagado,2025-07-16,5,Pendiente,,2025-07-11T12:00:00,,,1
HIST25_2265,10/07/25,Factura,La Espiga Dorada  / JUAN MANUEL CASTRO (7 días),La Espiga Dorada  / JUAN MANUEL CASTRO (7 días),2025-07-10,440.0,0,440.0,Transferencia,Adquisición de mercancias,Pagado,2025-07-15,5,Pendiente,,2025-07-10T12:00:00,,,1
HIST25_2266,598,Factura,Dumbo / Diana Silva Ponce (12 días),Dumbo / Diana Silva Ponce (12 días),2025-07-09,815.0,0,815.0,Transferencia,Adquisición de mercancias,Pagado,2025-07-14,5,Pendiente,,2025-07-09T12:00:00,,,1
HIST25_2267,57801,Factura,EMPAQUES Y ENVASES/JOSE LUIS MORALES GARCIA (7 días),EMPAQUES Y ENVASES/JOSE LUIS MORALES GARCIA (7 días),2025-07-10,799.99,0,799.99,Transferencia,Gastos en General,Pagado,2025-07-15,5,Pendiente,,2025-07-10T12:00:00,,,1
HIST25_2268,44,Factura,Salsa La Moncha / Janeth Gonzalez (14 días),Salsa La Moncha / Janeth Gonzalez (14 días),2025-07-10,328.0,0,328.0,Transferencia,Adquisición de mercancias,Pagado,2025-07-15,5,Pendiente,,2025-07-10T12:00:00,,,1
HIST25_2269,112318,Factura,Abarrotes Inst. (7 días),Abarrotes Inst. (7 días),2025-07-10,1093.6,0,1093.6,Transferencia,Adquisición de mercancias,Pagado,2025-07-15,5,Pendiente,,2025-07-10T12:00:00,,,1
HIST25_2270,36,Factura,Carmen Ortega P. / Salsa Macha Pepis (14 días),Carmen Ortega P. / Salsa Macha Pepis (14 días),2025-07-08,1440.0,0,1440.0,Transferencia,Adquisición de mercancias,Pagado,2025-07-22,14,Pendiente,,2025-07-08T12:00:00,,,1
HIST25_2271,T,Factura,Sam's Club,Sam's Club,2025-07-11,1835.0,0,1835.0,Tarjeta,Adquisición de mercancias,Pagado,,0,Pendiente,,2025-07-11T12:00:00,,,1
HIST25_2272,24/07/25,Factura,CFE,CFE,2025-07-25,10864.17,0,10864.17,Tarjeta,Gastos en General,Pagado,2025-07-19,0,Pendiente,,2025-07-25T12:00:00,,,1
HIST25_2273,T,Factura,Mayoreo de carnes,Mayoreo de carnes,2025-07-09,1210.5,0,1210.5,Tarjeta,Adquisición de mercancias,Pagado,,0,Pendiente,,2025-07-09T12:00:00,,,1
HIST25_2274,T,Factura,Sam's Club,Sam's Club,2025-07-07,1743.47,0,1743.47,Tarjeta,Adquisición de mercancias,Pagado,,0,Pendiente,,2025-07-07T12:00:00,,,1
HIST25_2275,T,Factura,Sam's Club,Sam's Club,2025-07-09,2543.1,0,2543.1,Tarjeta,Adquisición de mercancias,Pagado,,0,Pendiente,,2025-07-09T12:00:00,,,1
HIST25_2276,170040,Factura,Gas El Sobrante,Gas El Sobrante,2025-07-09,200.91,0,200.91,Tarjeta,Gastos en General,Pagado,,0,Pendiente,,2025-07-09T12:00:00,,,1
HIST25_2277,T,Factura,City Club,City Club,2025-07-09,1088.0,0,1088.0,Tarjeta,Adquisición de mercancias,Pagado,,0,Pendiente,,2025-07-09T12:00:00,,,1
HIST25_2278,T,Factura,Expendio de carne de puerco,Expendio de carne de puerco,2025-07-09,524.0,0,524.0,Tarjeta,Adquisición de mercancias,Pagado,,0,Pendiente,,2025-07-09T12:00:00,,,1
HIST25_2279,0580746,Factura,Alsuper,Alsuper,2025-07-10,201.18,0,201.18,Tarjeta,Adquisición de mercancias,Pagado,,0,Pendiente,,2025-07-10T12:00:00,,,1
HIST25_2280,94867,Factura,SUKARNE,SUKARNE,2025-07-10,5725.2,0,5725.2,Tarjeta,Adquisición de mercancias,Pagado,,0,Pendiente,,2025-07-10T12:00:00,,,1
HIST25_2281,0002534470,Factura,Costco gas s.a,Costco gas s.a,2025-07-10,1144.5,0,1144.5,Tarjeta,Gastos en General,Pagado,,0,Pendiente,,2025-07-10T12:00:00,,,1
HIST25_2282,T,Factura,Sam's Club,Sam's Club,2025-07-10,1816.0,0,1816.0,Tarjeta,Adquisición de mercancias,Pagado,,0,Pendiente,,2025-07-10T12:00:00,,,1
HIST25_2283,T,Factura,Costco,Costco,2025-07-10,1896.4,0,1896.4,Tarjeta,Adquisición de mercancias,Pagado,,0,Pendiente,,2025-07-10T12:00:00,,,1
HIST25_2284,94902,Factura,SUKARNE,SUKARNE,2025-07-11,4707.9,0,4707.9,Tarjeta,Adquisición de mercancias,Pagado,,0,Pendiente,,2025-07-11T12:00:00,,,1
HIST25_2285,94901,Factura,SUKARNE,SUKARNE,2025-07-11,5315.1,0,5315.1,Tarjeta,Adquisición de mercancias,Pagado,,0,Pendiente,,2025-07-11T12:00:00,,,1
HIST25_2286,94834,Factura,SUKARNE,SUKARNE,2025-07-09,5629.2,0,5629.2,Tarjeta,Adquisición de mercancias,Pagado,,0,Pendiente,,2025-07-09T12:00:00,,,1
HIST25_2287,0581375,Factura,Alsuper,Alsuper,2025-07-11,165.18,0,165.18,Tarjeta,Adquisición de mercancias,Pagado,,0,Pendiente,,2025-07-11T12:00:00,,,1
HIST25_2288,94932,Factura,SUKARNE,SUKARNE,2025-07-12,5456.5,0,5456.5,Tarjeta,Adquisición de mercancias,Pagado,,0,Pendiente,,2025-07-12T12:00:00,,,1
HIST25_2289,94933,Factura,SUKARNE,SUKARNE,2025-07-12,5456.5,0,5456.5,Tarjeta,Adquisición de mercancias,Pagado,,0,Pendiente,,2025-07-12T12:00:00,,,1
HIST25_2290,0685393,Factura,Alsuper,Alsuper,2025-07-12,169.89,0,169.89,Tarjeta,Adquisición de mercancias,Pagado,,0,Pendiente,,2025-07-12T12:00:00,,,1
HIST25_2291,0340755,Factura,Alsuper,Alsuper,2025-07-09,187.5,0,187.5,Tarjeta,Adquisición de mercancias,Pagado,,0,Pendiente,,2025-07-09T12:00:00,,,1
HIST25_2292,3340,Factura,LA NUEZ DEL CAMPO,LA NUEZ DEL CAMPO,2025-07-14,2000.0,0,2000.0,Transferencia,Adquisición de mercancias,Pagado,2025-07-14,0,Pendiente,,2025-07-14T12:00:00,,,1
HIST25_2293,#FACTURA,,IMPUESTOS FEDERALES,IMPUESTOS FEDERALES,2025-07-14,165.0,0,165.0,Transferencia,Gastos en General,Pagado,2025-07-14,0,Pendiente,,2025-07-14T12:00:00,,,1
HIST25_2294,#FACTURA,,IMPUESTOS FEDERALES,IMPUESTOS FEDERALES,2025-07-14,23882.0,0,23882.0,Transferencia,Gastos en General,Pagado,2025-07-14,0,Pendiente,,2025-07-14T12:00:00,,,1
HIST25_2295,603667,Remisión,Productos Lácteos Los Pinos (7 DÍAS),Productos Lácteos Los Pinos (7 DÍAS),2025-07-10,740.0,0,740.0,Transferencia,Adquisición de mercancias,Pagado,2025-07-15,5,Pendiente,,2025-07-10T12:00:00,,,1
HIST25_2296,3961,Remisión,La Cosecha / Guadalupe Caro S. (14 días),La Cosecha / Guadalupe Caro S. (14 días),2025-07-14,1173.0,0,1173.0,Transferencia,Adquisición de mercancias,Pagado,2025-07-19,5,Pendiente,,2025-07-14T12:00:00,,,1
HIST25_2297,0581972,Factura,Alsuper,Alsuper,2025-07-12,39.27,0,39.27,Tarjeta,Adquisición de mercancias,Pagado,,0,Pendiente,,2025-07-12T12:00:00,,,1
HIST25_2298,0202115,Factura,Alsuper,Alsuper,2025-07-14,295.57,0,295.57,Tarjeta,Adquisición de mercancias,Pagado,,0,Pendiente,,2025-07-14T12:00:00,,,1
HIST25_2299,35801,Factura,SUKARNE,SUKARNE,2025-07-14,11137.7,0,11137.7,Tarjeta,Adquisición de mercancias,Pagado,,0,Pendiente,,2025-07-14T12:00:00,,,1
HIST25_2300,T,Factura,City Club,City Club,2025-07-14,464.0,0,464.0,Tarjeta,Adquisición de mercancias,Pagado,,0,Pendiente,,2025-07-14T12:00:00,,,1
HIST25_2301,T,Factura,City Club,City Club,2025-07-14,293.0,0,293.0,Tarjeta,Gastos en General,Pagado,,0,Pendiente,,2025-07-14T12:00:00,,,1
HIST25_2302,38153809,Factura,Bachoco,Bachoco,2025-07-14,15420.75,0,15420.75,Tarjeta,Adquisición de mercancias,Pagado,,0,Pendiente,,2025-07-14T12:00:00,,,1
HIST25_2303,73652,Factura,DIPACSA (7 días),DIPACSA (7 días),2025-07-14,1808.0,0,1808.0,Transferencia,Adquisición de mercancias,Pagado,2025-08-01,18,Pendiente,,2025-07-14T12:00:00,,,1
HIST25_2304,57884,Factura,EMPAQUES Y ENVASES/JOSE LUIS MORALES GARCIA (7 días),EMPAQUES Y ENVASES/JOSE LUIS MORALES GARCIA (7 días),2025-07-14,806.0,0,806.0,Transferencia,Gastos en General,Pagado,2025-07-19,5,Pendiente,,2025-07-14T12:00:00,,,1
HIST25_2305,117001,Factura,Colesa (7 días),Colesa (7 días),2025-07-14,1234.95,0,1234.95,Transferencia,Adquisición de mercancias,Pagado,2025-07-19,5,Pendiente,,2025-07-14T12:00:00,,,1
HIST25_2306,70077,Factura,DIPACSA (7 días),DIPACSA (7 días),2025-07-14,3019.1,0,3019.1,Transferencia,Adquisición de mercancias,Pagado,2025-07-19,5,Pendiente,,2025-07-14T12:00:00,,,1
HIST25_2307,42396,Remisión,"AGYDSA ""Aceite"" (7 días)","AGYDSA ""Aceite"" (7 días)",2025-07-14,1400.0,0,1400.0,Transferencia,Adquisición de mercancias,Pagado,2025-07-19,5,Pendiente,,2025-07-14T12:00:00,,,1
HIST25_2308,1239,Factura,SURTIDORA BOTANAS (7 DÍAS),SURTIDORA BOTANAS (7 DÍAS),2025-07-14,921.2,0,921.2,Transferencia,Adquisición de mercancias,Pagado,2025-07-19,5,Pendiente,,2025-07-14T12:00:00,,,1
HIST25_2309,277444,Factura,MEDFRUT (7 DÍAS),MEDFRUT (7 DÍAS),2025-07-15,419.0,0,419.0,Transferencia,Adquisición de mercancias,Pagado,2025-07-19,4,Pendiente,,2025-07-15T12:00:00,,,1
HIST25_2310,73661,Factura,DIPACSA (7 días),DIPACSA (7 días),2025-07-15,940.0,0,940.0,Transferencia,Adquisición de mercancias,Pagado,2025-07-20,5,Pendiente,,2025-07-15T12:00:00,,,1
HIST25_2311,22101,Factura,Quesos y + Quesos / Armando Villanueva (7 días),Quesos y + Quesos / Armando Villanueva (7 días),2025-07-15,2960.5,0,2960.5,Transferencia,Adquisición de mercancias,Pagado,2025-07-20,5,Pendiente,,2025-07-15T12:00:00,,,1
HIST25_2312,70094,Factura,PROMAR DEL NORTE (14 DÍAS),PROMAR DEL NORTE (14 DÍAS),2025-07-15,1725.2,0,1725.2,Transferencia,Adquisición de mercancias,Pagado,2025-07-29,14,Pendiente,,2025-07-15T12:00:00,,,1
HIST25_2313,33973,Factura,Que Pescados!,Que Pescados!,2025-07-15,1350.0,0,1350.0,Tarjeta,Adquisición de mercancias,Pagado,,0,Pendiente,,2025-07-15T12:00:00,,,1
HIST25_2314,95002,Factura,SUKARNE,SUKARNE,2025-07-15,4034.2,0,4034.2,Tarjeta,Adquisición de mercancias,Pagado,,0,Pendiente,,2025-07-15T12:00:00,,,1
HIST25_2315,95001,Factura,SUKARNE,SUKARNE,2025-07-15,3967.6,0,3967.6,Tarjeta,Adquisición de mercancias,Pagado,,0,Pendiente,,2025-07-15T12:00:00,,,1
HIST25_2316,T,Factura,Sam's Club,Sam's Club,2025-07-15,169.0,0,169.0,Tarjeta,Gastos en General,Pagado,,0,Pendiente,,2025-07-15T12:00:00,,,1
HIST25_2317,T,Factura,Sam's Club,Sam's Club,2025-07-14,1022.0,0,1022.0,Tarjeta,Adquisición de mercancias,Pagado,,0,Pendiente,,2025-07-14T12:00:00,,,1
HIST25_2318,T,Factura,Sam's Club,Sam's Club,2025-07-15,1065.0,0,1065.0,Tarjeta,Adquisición de mercancias,Pagado,,0,Pendiente,,2025-07-15T12:00:00,,,1
HIST25_2319,T,Factura,Sam's Club,Sam's Club,2025-07-12,1085.97,0,1085.97,Tarjeta,Adquisición de mercancias,Pagado,,0,Pendiente,,2025-07-12T12:00:00,,,1
HIST25_2320,T,Factura,,,2025-07-15,1237.5,0,1237.5,Tarjeta,Adquisición de mercancias,Pagado,,0,Pendiente,,2025-07-15T12:00:00,,,1
HIST25_2321,T,Factura,Expendio de carne de puerco,Expendio de carne de puerco,2025-07-15,539.0,0,539.0,Tarjeta,Adquisición de mercancias,Pagado,,0,Pendiente,,2025-07-15T12:00:00,,,1
HIST25_2322,T,Factura,Ricasa Limpieza,Ricasa Limpieza,2025-07-15,638.93,0,638.93,Tarjeta,Gastos en General,Pagado,,0,Pendiente,,2025-07-15T12:00:00,,,1
HIST25_2323,#FACTURA,,Salvador Macías,Salvador Macías,2025-07-16,9149.07,0,9149.07,Transferencia,Gastos en General,Pagado,2025-07-16,0,Pendiente,,2025-07-16T12:00:00,,,1
HIST25_2324,8975,Factura,Los Angeles Ferreteria,Los Angeles Ferreteria,2025-07-15,97.0,0,97.0,Tarjeta,Gastos en General,Pagado,,0,No aplíca,,2025-07-15T12:00:00,,,1
HIST25_2325,63916,Factura,Refrigeración Lozano,Refrigeración Lozano,2025-07-16,859.56,0,859.56,Tarjeta,Gastos en General,Pagado,,0,No aplíca,,2025-07-16T12:00:00,,,1
HIST25_2326,38171640,Factura,Bachoco,Bachoco,2025-07-16,15324.61,0,15324.61,Tarjeta,Adquisición de mercancias,Pagado,,0,No aplíca,,2025-07-16T12:00:00,,,1
HIST25_2327,73693,Factura,DIPACSA (7 días),DIPACSA (7 días),2025-07-16,1605.0,0,1605.0,Transferencia,Adquisición de mercancias,Pagado,2025-07-21,5,Pendiente,,2025-07-16T12:00:00,,,1
HIST25_2328,3216,Factura,Paser / Araceli V. Padilla (14 dias),Paser / Araceli V. Padilla (14 dias),2025-07-16,875.0,0,875.0,Transferencia,Adquisición de mercancias,Pagado,2025-07-30,14,Pendiente,,2025-07-16T12:00:00,,,1
HIST25_2329,602,Factura,Dumbo / Diana Silva Ponce (12 días),Dumbo / Diana Silva Ponce (12 días),2025-07-16,580.0,0,580.0,Transferencia,Gastos en General,Pagado,2025-07-21,5,Pendiente,,2025-07-16T12:00:00,,,1
HIST25_2330,117173,Factura,Colesa (7 días),Colesa (7 días),2025-07-16,1614.35,0,1614.35,Transferencia,Adquisición de mercancias,Pagado,2025-07-21,5,Pendiente,,2025-07-16T12:00:00,,,1
HIST25_2331,#FACTURA,,NOMINA,NOMINA,2025-07-17,27249.2,0,27249.2,Transferencia,Gastos en General,Pagado,2025-07-17,0,Pendiente,,2025-07-17T12:00:00,,,1
HIST25_2332,#FACTURA,,SODEXO,SODEXO,2025-07-17,2845.71,0,2845.71,Transferencia,Gastos en General,Pagado,2025-07-17,0,Pendiente,,2025-07-17T12:00:00,,,1
HIST25_2333,#FACTURA,,PENSION ALIMENTICIA,PENSION ALIMENTICIA,2025-07-17,866.12,0,866.12,Transferencia,Gastos en General,Pagado,2025-07-17,0,Pendiente,,2025-07-17T12:00:00,,,1
HIST25_2334,#FACTURA,Factura,Alsuper,Alsuper,2025-07-17,347.78,0,347.78,Tarjeta,Adquisición de mercancias,Pagado,,0,No aplíca,,2025-07-17T12:00:00,,,1
HIST25_2335,#FACTURA,Factura,SUKARNE,SUKARNE,2025-07-17,10989.56,0,10989.56,Tarjeta,Adquisición de mercancias,Pagado,,0,No aplíca,,2025-07-17T12:00:00,,,1
HIST25_2336,3983,Remisión,La Cosecha / Guadalupe Caro S. (14 días),La Cosecha / Guadalupe Caro S. (14 días),2025-07-17,1138.0,0,1138.0,Transferencia,Adquisición de mercancias,Pagado,2025-08-01,15,Pendiente,,2025-07-17T12:00:00,,,1
HIST25_2337,41793,Factura,Papas Santa Fe / Procepap (7 dias),Papas Santa Fe / Procepap (7 dias),2025-07-17,632.0,0,632.0,Transferencia,Adquisición de mercancias,Pagado,2025-07-22,5,Pendiente,,2025-07-17T12:00:00,,,1
HIST25_2338,110812,Factura,Colesa (7 días),Colesa (7 días),2025-07-17,875.35,0,875.35,Transferencia,Adquisición de mercancias,Pagado,2025-07-22,5,Pendiente,,2025-07-17T12:00:00,,,1
HIST25_2339,73715,Factura,DIPACSA (7 días),DIPACSA (7 días),2025-07-17,1808.0,0,1808.0,Transferencia,Adquisición de mercancias,Pagado,2025-07-22,5,Pendiente,,2025-07-17T12:00:00,,,1
HIST25_2340,277617,Factura,MEDFRUT (7 DÍAS),MEDFRUT (7 DÍAS),2025-07-17,1204.0,0,1204.0,Transferencia,Adquisición de mercancias,Pagado,2025-07-22,5,Pendiente,,2025-07-17T12:00:00,,,1
HIST25_2341,#FACTURA47,Factura,Salsa La Moncha / Janeth Gonzalez (14 días),Salsa La Moncha / Janeth Gonzalez (14 días),2025-07-16,528.0,0,528.0,Transferencia,Adquisición de mercancias,Pagado,2025-07-21,5,Pendiente,,2025-07-16T12:00:00,,,1
HIST25_2342,73773,Factura,DIPACSA (7 días),DIPACSA (7 días),2025-07-18,1808.0,0,1808.0,Transferencia,Adquisición de mercancias,Pagado,2025-07-23,5,Pendiente,,2025-07-18T12:00:00,,,1
HIST25_2343,58005,Factura,EMPAQUES Y ENVASES/JOSE LUIS MORALES GARCIA (7 días),EMPAQUES Y ENVASES/JOSE LUIS MORALES GARCIA (7 días),2025-07-18,1228.7,0,1228.7,Transferencia,Gastos en General,Pagado,2025-07-23,5,Pendiente,,2025-07-18T12:00:00,,,1
HIST25_2344,110822,Factura,Colesa (7 días),Colesa (7 días),2025-07-18,320.0,0,320.0,Transferencia,Adquisición de mercancias,Pagado,2025-07-23,5,Pendiente,,2025-07-18T12:00:00,,,1
HIST25_2345,3231,Factura,Paser / Araceli V. Padilla (14 dias),Paser / Araceli V. Padilla (14 dias),2025-07-18,875.0,0,875.0,Transferencia,Adquisición de mercancias,Pagado,2025-08-01,14,Pendiente,,2025-07-18T12:00:00,,,1
HIST25_2346,105937,Factura,DIPACSA (7 días),DIPACSA (7 días),2025-07-17,2562.86,0,2562.86,Transferencia,Gastos en General,Pagado,2025-07-22,5,Pendiente,,2025-07-17T12:00:00,,,1
HIST25_2347,1860,Factura,GONZALO GALLEGOS,GONZALO GALLEGOS,2025-07-17,1215.0,0,1215.0,Transferencia,Adquisición de mercancias,Pagado,2025-07-22,5,Pendiente,,2025-07-17T12:00:00,,,1
HIST25_2348,70134,Factura,PROMAR DEL NORTE (14 DÍAS),PROMAR DEL NORTE (14 DÍAS),2025-07-18,3019.1,0,3019.1,Transferencia,Adquisición de mercancias,Pagado,2025-08-01,14,Pendiente,,2025-07-18T12:00:00,,,1
HIST25_2349,38188728,Factura,Bachoco,Bachoco,2025-07-18,14629.8,0,14629.8,Tarjeta,Adquisición de mercancias,Pagado,,0,Pendiente,,2025-07-18T12:00:00,,,1
HIST25_2350,95093,Factura,SUKARNE,SUKARNE,2025-07-18,5597.9,0,5597.9,Tarjeta,Adquisición de mercancias,Pagado,,0,Pendiente,,2025-07-18T12:00:00,,,1
HIST25_2351,EFBCH12708189,Factura,ECOGAS MEXICO,ECOGAS MEXICO,2025-07-21,5720.0,0,5720.0,Transferencia,Gastos en General,Pagado,2025-07-25,4,Pendiente,,2025-07-21T12:00:00,,,1
HIST25_2352,#FACTURA,Factura,Materiales Américas,Materiales Américas,2025-07-21,1669.12,0,1669.12,Tarjeta,Gastos en General,Pagado,,0,No aplíca,,2025-07-21T12:00:00,,,1
HIST25_2353,134509,Factura,RORISA,RORISA,2025-07-21,590.0,0,590.0,Tarjeta,Gastos en General,Pagado,,0,No aplíca,,2025-07-21T12:00:00,,,1
HIST25_2354,#FACTURA,Factura,CRUZ ROJA MEXICANA,CRUZ ROJA MEXICANA,2025-07-09,685.0,0,685.0,Efectivo,Gastos en General,Pagado,,0,No aplíca,,2025-07-09T12:00:00,,,1
HIST25_2355,T,Factura,Corp Arpe Gasolina,Corp Arpe Gasolina,2025-07-12,600.0,0,600.0,Tarjeta,Gastos en General,Pagado,,0,No aplíca,,2025-07-12T12:00:00,,,1
HIST25_2356,663455,Factura,Combustibles del Bosque,Combustibles del Bosque,2025-07-17,475.8,0,475.8,Tarjeta,Gastos en General,Pagado,,0,No aplíca,,2025-07-17T12:00:00,,,1
HIST25_2357,#FACTURA,Factura,Combustibles del Bosque,Combustibles del Bosque,2025-07-12,758.43,0,758.43,Tarjeta,Gastos en General,Pagado,,0,No aplíca,,2025-07-12T12:00:00,,,1
HIST25_2358,464870,Factura,Casa Myers,Casa Myers,2025-06-25,1449.48,0,1449.48,Tarjeta,Gastos en General,Pagado,,0,No aplíca,,2025-06-25T12:00:00,,,1
HIST25_2359,#FACTURA,Factura,FARMACIAS SIMILARES,FARMACIAS SIMILARES,2025-07-09,1000.0,0,1000.0,Efectivo,Gastos en General,Pagado,,0,No aplíca,,2025-07-09T12:00:00,,,1
HIST25_2360,#FACTURA,Factura,FARMACIAS SIMILARES,FARMACIAS SIMILARES,2025-07-09,309.0,0,309.0,Tarjeta,Gastos en General,Pagado,,0,No aplíca,,2025-07-09T12:00:00,,,1
HIST25_2361,#FACTURA,Factura,Alsuper,Alsuper,2025-07-15,919.88,0,919.88,Tarjeta,Adquisición de mercancias,Pagado,,0,No aplíca,,2025-07-15T12:00:00,,,1
HIST25_2362,#FACTURA,Factura,Alsuper,Alsuper,2025-07-08,738.1,0,738.1,Tarjeta,Adquisición de mercancias,Pagado,,0,No aplíca,,2025-07-08T12:00:00,,,1
HIST25_2363,#FACTURA,Factura,Alsuper,Alsuper,2025-07-13,137.5,0,137.5,Tarjeta,Adquisición de mercancias,Pagado,,0,No aplíca,,2025-07-13T12:00:00,,,1
HIST25_2364,#FACTURA,Factura,Alsuper,Alsuper,2025-07-17,554.9,0,554.9,Tarjeta,Adquisición de mercancias,Pagado,,0,No aplíca,,2025-07-17T12:00:00,,,1
HIST25_2365,#FACTURA,Factura,Los Angeles Ferreteria,Los Angeles Ferreteria,2025-07-19,213.0,0,213.0,Tarjeta,Gastos en General,Pagado,,0,No aplíca,,2025-07-19T12:00:00,,,1
HIST25_2366,#FACTURA,Factura,DIEZ DIEZ EXPRESS,DIEZ DIEZ EXPRESS,2025-07-08,1700.0,0,1700.0,Tarjeta,Gastos en General,Pagado,,0,No aplíca,,2025-07-08T12:00:00,,,1
HIST25_2367,#FACTURA,Factura,Maria Elena Rios Sandoval,Maria Elena Rios Sandoval,2025-07-17,1740.0,0,1740.0,Transferencia,Gastos en General,Pagado,,0,No aplíca,,2025-07-17T12:00:00,,,1
HIST25_2368,26822,Factura,MACOPISA  (Centro de servicios),MACOPISA  (Centro de servicios),2025-07-16,1240.73,0,1240.73,Tarjeta,Gastos en General,Pagado,,0,No aplíca,,2025-07-16T12:00:00,,,1
HIST25_2369,#FACTURA,Factura,cesar quintana (bombas),cesar quintana (bombas),2025-06-25,1392.0,0,1392.0,Tarjeta,Gastos en General,Pagado,,0,No aplíca,,2025-06-25T12:00:00,,,1
HIST25_2370,#FACTURA,,NOMINA,NOMINA,2025-07-11,2546.0,0,2546.0,Cheque,Gastos en General,Pagado,,0,No aplíca,,2025-07-11T12:00:00,,,1
HIST25_2371,#FACTURA,Factura,Resistencias y controles,Resistencias y controles,2025-07-14,117.16,0,117.16,Tarjeta,Gastos en General,Pagado,,0,No aplíca,,2025-07-14T12:00:00,,,1
HIST25_2372,0631,Remisión,NARANJA Y LIMÓN (7 DÍAS),NARANJA Y LIMÓN (7 DÍAS),2025-07-17,1455.0,0,1455.0,Transferencia,Adquisición de mercancias,Pagado,2025-07-22,5,Pendiente,,2025-07-17T12:00:00,,,1
HIST25_2373,#FACTURA,Factura,Mayoreo de carnes,Mayoreo de carnes,2025-07-17,1203.0,0,1203.0,Tarjeta,Adquisición de mercancias,Pagado,,0,No aplíca,,2025-07-17T12:00:00,,,1
HIST25_2374,#FACTURA,Factura,Expendio de carne de puerco,Expendio de carne de puerco,2025-07-17,720.0,0,720.0,Tarjeta,Adquisición de mercancias,Pagado,,0,No aplíca,,2025-07-17T12:00:00,,,1
HIST25_2375,#FACTURA,Factura,Gelos Market,Gelos Market,2025-07-19,32.89,0,32.89,Tarjeta,Gastos en General,Pagado,,0,No aplíca,,2025-07-19T12:00:00,,,1
HIST25_2376,#FACTURA,Factura,WALMART,WALMART,2025-07-18,1014.59,0,1014.59,Tarjeta,Adquisición de mercancias,Pagado,,0,No aplíca,,2025-07-18T12:00:00,,,1
HIST25_2377,#FACTURA,Factura,SORIANA,SORIANA,2025-07-18,117.0,0,117.0,Tarjeta,Adquisición de mercancias,Pagado,,0,No aplíca,,2025-07-18T12:00:00,,,1
HIST25_2378,#FACTURA,Factura,SORIANA,SORIANA,2025-07-19,106.03,0,106.03,Tarjeta,Adquisición de mercancias,Pagado,,0,No aplíca,,2025-07-19T12:00:00,,,1
HIST25_2379,#FACTURA,Factura,Alsuper,Alsuper,2025-07-18,430.76,0,430.76,Tarjeta,Adquisición de mercancias,Pagado,,0,No aplíca,,2025-07-18T12:00:00,,,1
HIST25_2380,#FACTURA,Factura,Sam's Club,Sam's Club,2025-07-19,495.0,0,495.0,Tarjeta,Adquisición de mercancias,Pagado,,0,No aplíca,,2025-07-19T12:00:00,,,1
HIST25_2381,#FACTURA,Factura,City Club,City Club,2025-07-19,1013.0,0,1013.0,Tarjeta,Adquisición de mercancias,Pagado,,0,No aplíca,,2025-07-19T12:00:00,,,1
HIST25_2382,#FACTURA,Factura,Costco gas s.a,Costco gas s.a,2025-07-16,2638.9,0,2638.9,Tarjeta,Gastos en General,Pagado,,0,No aplíca,,2025-07-16T12:00:00,,,1
HIST25_2383,#FACTURA,Factura,Costco gas s.a,Costco gas s.a,2025-07-17,1144.5,0,1144.5,Tarjeta,Gastos en General,Pagado,,0,No aplíca,,2025-07-17T12:00:00,,,1
HIST25_2384,#FACTURA,Factura,Sam's Club,Sam's Club,2025-07-17,929.0,0,929.0,Tarjeta,Adquisición de mercancias,Pagado,,0,No aplíca,,2025-07-17T12:00:00,,,1
HIST25_2385,#FACTURA,Factura,Sam's Club,Sam's Club,2025-07-17,638.0,0,638.0,Tarjeta,Adquisición de mercancias,Pagado,,0,No aplíca,,2025-07-17T12:00:00,,,1
HIST25_2386,#FACTURA,Factura,Sam's Club,Sam's Club,2025-07-16,2256.95,0,2256.95,Tarjeta,Adquisición de mercancias,Pagado,,0,No aplíca,,2025-07-16T12:00:00,,,1
HIST25_2387,#FACTURA,Factura,Sam's Club,Sam's Club,2025-07-18,1534.0,0,1534.0,Tarjeta,Adquisición de mercancias,Pagado,,0,No aplíca,,2025-07-18T12:00:00,,,1
HIST25_2388,#FACTURA,Factura,Sam's Club,Sam's Club,2025-07-18,260.0,0,260.0,Tarjeta,Gastos en General,Pagado,,0,No aplíca,,2025-07-18T12:00:00,,,1
HIST25_2389,#FACTURA,Factura,Costco,Costco,2025-07-18,524.6,0,524.6,Tarjeta,Adquisición de mercancias,Pagado,,0,No aplíca,,2025-07-18T12:00:00,,,1
HIST25_2390,#FACTURA,Factura,Costco,Costco,2025-07-17,885.3,0,885.3,Tarjeta,Adquisición de mercancias,Pagado,,0,No aplíca,,2025-07-17T12:00:00,,,1
HIST25_2391,#FACTURA,Factura,Costco,Costco,2025-07-15,856.0,0,856.0,Tarjeta,Adquisición de mercancias,Pagado,,0,No aplíca,,2025-07-15T12:00:00,,,1
HIST25_2392,117425,Factura,Colesa (7 días),Colesa (7 días),2025-07-19,544.85,0,544.85,Transferencia,Adquisición de mercancias,Pagado,2025-07-24,5,Pendiente,,2025-07-19T12:00:00,,,1
HIST25_2393,023585,Factura,INIX COMERCIAL (20 DÍAS),INIX COMERCIAL (20 DÍAS),2025-07-18,8285.46,0,8285.46,Transferencia,Gastos en General,Pagado,2025-08-06,19,Pendiente,,2025-07-18T12:00:00,,,1
HIST25_2394,38208419,Factura,Bachoco,Bachoco,2025-07-21,14595.87,0,14595.87,Tarjeta,Adquisición de mercancias,Pagado,,0,No aplíca,,2025-07-21T12:00:00,,,1
HIST25_2395,#FACTURA,,NOMINA,NOMINA,2025-07-18,2545.8,0,2545.8,Cheque,Gastos en General,Pendiente,,0,No aplíca,,2025-07-18T12:00:00,,,1
HIST25_2396,3241,Factura,Paser / Araceli V. Padilla (14 dias),Paser / Araceli V. Padilla (14 dias),2025-07-22,875.0,0,875.0,Transferencia,Adquisición de mercancias,Pagado,2025-08-06,15,Pendiente,,2025-07-22T12:00:00,,,1
HIST25_2397,18072025,Factura,La Espiga Dorada  / JUAN MANUEL CASTRO (7 días),La Espiga Dorada  / JUAN MANUEL CASTRO (7 días),2025-07-22,1320.0,0,1320.0,Transferencia,Adquisición de mercancias,Pagado,2025-07-25,3,Pendiente,,2025-07-22T12:00:00,,,1
HIST25_2398,117603,Factura,Colesa (7 días),Colesa (7 días),2025-07-22,2516.7,0,2516.7,Transferencia,Adquisición de mercancias,Pagado,2025-07-27,5,Pendiente,,2025-07-22T12:00:00,,,1
HIST25_2399,1293,Factura,SURTIDORA BOTANAS (7 DÍAS),SURTIDORA BOTANAS (7 DÍAS),2025-07-22,361.62,0,361.62,Transferencia,Adquisición de mercancias,Pagado,2025-07-27,5,Pendiente,,2025-07-22T12:00:00,,,1
HIST25_2400,112585,Factura,Abarrotes Inst. (7 días),Abarrotes Inst. (7 días),2025-07-22,1600.61,0,1600.61,Transferencia,Adquisición de mercancias,Pagado,2025-07-27,5,Pendiente,,2025-07-22T12:00:00,,,1
HIST25_2401,42453,Remisión,"AGYDSA ""Aceite"" (7 días)","AGYDSA ""Aceite"" (7 días)",2025-07-22,2100.0,0,2100.0,Transferencia,Adquisición de mercancias,Pagado,2025-07-27,5,Pendiente,,2025-07-22T12:00:00,,,1
HIST25_2402,112523,Factura,Abarrotes Inst. (7 días),Abarrotes Inst. (7 días),2025-07-19,4438.64,0,4438.64,Transferencia,Adquisición de mercancias,Pagado,2025-07-24,5,Pendiente,,2025-07-19T12:00:00,,,1
HIST25_2403,707209,Factura,Casa Reza (7 días),Casa Reza (7 días),2025-07-22,3880.0,0,3880.0,Transferencia,Adquisición de mercancias,Pagado,2025-07-27,5,Pendiente,,2025-07-22T12:00:00,,,1
HIST25_2404,#5516,Factura,Que Pescados!,Que Pescados!,2025-07-22,1350.0,0,1350.0,Tarjeta,Adquisición de mercancias,Pagado,,0,No aplíca,,2025-07-22T12:00:00,,,1
HIST25_2405,#FACTURA,Factura,Alsuper,Alsuper,2025-07-22,213.5,0,213.5,Tarjeta,Adquisición de mercancias,Pagado,,0,No aplíca,,2025-07-22T12:00:00,,,1
HIST25_2406,#64075,Factura,Refrigeración Lozano,Refrigeración Lozano,2025-07-18,705.28,0,705.28,Tarjeta,Gastos en General,Pagado,,0,No aplíca,,2025-07-18T12:00:00,,,1
HIST25_2407,#29426,Factura,SUKARNE,SUKARNE,2025-07-22,5656.1,0,5656.1,Tarjeta,Adquisición de mercancias,Pagado,,0,No aplíca,,2025-07-22T12:00:00,,,1
HIST25_2408,#FACTURA,Factura,Alsuper,Alsuper,2025-07-22,164.28,0,164.28,Tarjeta,Adquisición de mercancias,Pagado,,0,No aplíca,,2025-07-22T12:00:00,,,1
HIST25_2409,#FACTURA,Factura,HOME DEPOT,HOME DEPOT,2025-07-18,1004.96,0,1004.96,Tarjeta,Gastos en General,Pagado,,0,No aplíca,,2025-07-18T12:00:00,,,1
HIST25_2410,112514,Factura,SUKARNE,SUKARNE,2025-07-22,5406.65,0,5406.65,Tarjeta,Adquisición de mercancias,Pagado,,0,No aplíca,,2025-07-22T12:00:00,,,1
HIST25_2411,5516,Factura,Que Pescados!,Que Pescados!,2025-07-19,1350.0,0,1350.0,Tarjeta,Adquisición de mercancias,Pagado,,0,No aplíca,,2025-07-19T12:00:00,,,1
HIST25_2412,#5492,Factura,Que Pescados!,Que Pescados!,2025-07-22,1350.0,0,1350.0,Tarjeta,Adquisición de mercancias,Pagado,,0,No aplíca,,2025-07-22T12:00:00,,,1
HIST25_2413,112578,Factura,SUKARNE,SUKARNE,2025-07-22,5514.79,0,5514.79,Tarjeta,Adquisición de mercancias,Pagado,,0,No aplíca,,2025-07-22T12:00:00,,,1
HIST25_2414,112577,Factura,SUKARNE,SUKARNE,2025-07-22,5622.92,0,5622.92,Tarjeta,Adquisición de mercancias,Pagado,,0,No aplíca,,2025-07-22T12:00:00,,,1
HIST25_2415,38226160,Factura,Bachoco,Bachoco,2025-07-23,15770.93,0,15770.93,Tarjeta,Adquisición de mercancias,Pagado,,0,No aplíca,,2025-07-23T12:00:00,,,1
HIST25_2416,023638,Factura,INIX COMERCIAL (20 DÍAS),INIX COMERCIAL (20 DÍAS),2025-07-23,4536.82,0,4536.82,Transferencia,Gastos en General,Pagado,2025-08-12,20,Pendiente,,2025-07-23T12:00:00,,,1
HIST25_2417,70216,Factura,PROMAR DEL NORTE (14 DÍAS),PROMAR DEL NORTE (14 DÍAS),2025-07-23,3019.1,0,3019.1,Transferencia,Adquisición de mercancias,Pagado,2025-08-06,14,Pendiente,,2025-07-23T12:00:00,,,1
HIST25_2418,42117,Factura,Papas Santa Fe / Procepap (7 dias),Papas Santa Fe / Procepap (7 dias),2025-07-23,837.2,0,837.2,Transferencia,Adquisición de mercancias,Pagado,2025-07-28,5,Pendiente,,2025-07-23T12:00:00,,,1
HIST25_2419,73884,Factura,DIPACSA (7 días),DIPACSA (7 días),2025-07-23,1816.0,0,1816.0,Transferencia,Adquisición de mercancias,Pagado,2025-07-28,5,Pendiente,,2025-07-23T12:00:00,,,1
HIST25_2420,22220,Factura,Quesos y + Quesos / Armando Villanueva (7 días),Quesos y + Quesos / Armando Villanueva (7 días),2025-07-23,2199.5,0,2199.5,Transferencia,Adquisición de mercancias,Pagado,2025-07-28,5,Pendiente,,2025-07-23T12:00:00,,,1
HIST25_2421,278161,Factura,MEDFRUT (7 DÍAS),MEDFRUT (7 DÍAS),2025-07-23,791.0,0,791.0,Transferencia,Adquisición de mercancias,Pagado,2025-07-28,5,Pendiente,,2025-07-23T12:00:00,,,1
HIST25_2422,95228,Factura,SUKARNE,SUKARNE,2025-07-23,5015.7,0,5015.7,Tarjeta,Adquisición de mercancias,Pagado,,0,No aplíca,,2025-07-23T12:00:00,,,1
HIST25_2423,112600,Factura,,,2025-07-23,5365.07,0,5365.07,Tarjeta,Adquisición de mercancias,Pagado,,0,No aplíca,,2025-07-23T12:00:00,,,1
HIST25_2424,0029426,Factura,Alsuper,Alsuper,2025-07-23,186.58,0,186.58,Tarjeta,Adquisición de mercancias,Pagado,,0,No aplíca,,2025-07-23T12:00:00,,,1
HIST25_2425,T,Factura,Expendio de carne de puerco,Expendio de carne de puerco,2025-07-23,728.0,0,728.0,Tarjeta,Adquisición de mercancias,Pagado,,0,No aplíca,,2025-07-23T12:00:00,,,1
HIST25_2426,T,Factura,Mayoreo de carnes,Mayoreo de carnes,2025-07-23,1207.5,0,1207.5,Tarjeta,Adquisición de mercancias,Pagado,,0,No aplíca,,2025-07-23T12:00:00,,,1
HIST25_2427,#FACTURA,Factura,Sam's Club,Sam's Club,2025-07-23,956.5,0,956.5,Tarjeta,Adquisición de mercancias,Pagado,,0,No aplíca,,2025-07-23T12:00:00,,,1
HIST25_2428,#FACTURA,Factura,Alsuper,Alsuper,2025-07-23,701.45,0,701.45,Tarjeta,Adquisición de mercancias,Pagado,,0,No aplíca,,2025-07-23T12:00:00,,,1
HIST25_2429,604928,Remisión,Productos Lácteos Los Pinos (7 DÍAS),Productos Lácteos Los Pinos (7 DÍAS),2025-07-24,444.0,0,444.0,Transferencia,Adquisición de mercancias,Pagado,2025-07-30,6,Pendiente,,2025-07-24T12:00:00,,,1
HIST25_2430,38243889,Factura,Bachoco,Bachoco,2025-07-25,16050.38,0,16050.38,Tarjeta,Adquisición de mercancias,Pagado,,0,No aplíca,,2025-07-25T12:00:00,,,1
HIST25_2431,112664,Factura,Abarrotes Inst. (7 días),Abarrotes Inst. (7 días),2025-07-25,3381.49,0,3381.49,Transferencia,Adquisición de mercancias,Pagado,2025-07-30,5,Pendiente,,2025-07-25T12:00:00,,,1
HIST25_2432,117845,Factura,Colesa (7 días),Colesa (7 días),2025-07-25,2471.65,0,2471.65,Transferencia,Adquisición de mercancias,Pagado,2025-07-30,5,Pendiente,,2025-07-25T12:00:00,,,1
HIST25_2433,1319,Factura,SURTIDORA BOTANAS (7 DÍAS),SURTIDORA BOTANAS (7 DÍAS),2025-07-25,797.73,0,797.73,Transferencia,Adquisición de mercancias,Pagado,2025-07-30,5,Pendiente,,2025-07-25T12:00:00,,,1
HIST25_2434,73942,Factura,DIPACSA (7 días),DIPACSA (7 días),2025-07-25,1808.0,0,1808.0,Transferencia,Adquisición de mercancias,Pagado,2025-07-30,5,Pendiente,,2025-07-25T12:00:00,,,1
HIST25_2435,3246,Factura,Paser / Araceli V. Padilla (14 dias),Paser / Araceli V. Padilla (14 dias),2025-07-25,875.0,0,875.0,Transferencia,Adquisición de mercancias,Pagado,2025-08-08,14,Pendiente,,2025-07-25T12:00:00,,,1
HIST25_2436,117668,Factura,Colesa (7 días),Colesa (7 días),2025-07-23,351.64,0,351.64,Transferencia,Adquisición de mercancias,Pagado,2025-07-28,5,Pendiente,,2025-07-23T12:00:00,,,1
HIST25_2437,58123,Factura,EMPAQUES Y ENVASES/JOSE LUIS MORALES GARCIA (7 días),EMPAQUES Y ENVASES/JOSE LUIS MORALES GARCIA (7 días),2025-07-23,1781.99,0,1781.99,Transferencia,Gastos en General,Pagado,2025-07-28,5,Pendiente,,2025-07-23T12:00:00,,,1
HIST25_2438,0003301,Factura,AB Pollo,AB Pollo,2025-07-25,1114.8,0,1114.8,Tarjeta,Adquisición de mercancias,Pagado,,0,No aplíca,,2025-07-25T12:00:00,,,1
HIST25_2439,#FACTURA,Factura,TARTARAS LUZ ALICIA RODRIGUEZ,TARTARAS LUZ ALICIA RODRIGUEZ,2025-07-21,945.0,0,945.0,Transferencia,Adquisición de mercancias,Pagado,2025-07-28,7,Pendiente,,2025-07-21T12:00:00,,,1
HIST25_2440,T,Factura,Sam's Club,Sam's Club,2025-07-19,1021.97,0,1021.97,Tarjeta,Adquisición de mercancias,Pagado,,0,No aplíca,,2025-07-19T12:00:00,,,1
HIST25_2441,T,Factura,Sam's Club,Sam's Club,2025-07-22,209.0,0,209.0,Tarjeta,Gastos en General,Pagado,,0,No aplíca,,2025-07-22T12:00:00,,,1
HIST25_2442,T,Factura,Sam's Club,Sam's Club,2025-07-22,1461.1,0,1461.1,Tarjeta,Adquisición de mercancias,Pagado,,0,No aplíca,,2025-07-22T12:00:00,,,1
HIST25_2443,T,Factura,Sam's Club,Sam's Club,2025-07-21,827.0,0,827.0,Tarjeta,Adquisición de mercancias,Pagado,,0,No aplíca,,2025-07-21T12:00:00,,,1
HIST25_2444,T,Factura,SORIANA,SORIANA,2025-07-22,256.3,0,256.3,Tarjeta,Adquisición de mercancias,Pagado,,0,No aplíca,,2025-07-22T12:00:00,,,1
HIST25_2445,0693203,Factura,Alsuper,Alsuper,2025-07-25,397.53,0,397.53,Tarjeta,Adquisición de mercancias,Pagado,,0,No aplíca,,2025-07-25T12:00:00,,,1
HIST25_2446,T,Factura,Costco,Costco,2025-07-23,483.0,0,483.0,Tarjeta,Adquisición de mercancias,Pagado,,0,No aplíca,,2025-07-23T12:00:00,,,1
HIST25_2447,T,Factura,Farmacia del Ahorro,Farmacia del Ahorro,2025-07-25,112.0,0,112.0,Tarjeta,Gastos en General,Pagado,,0,No aplíca,,2025-07-25T12:00:00,,,1
HIST25_2448,4221,Factura,Ma Eugenia Payan / Tortillas (14 días),Ma Eugenia Payan / Tortillas (14 días),2025-07-24,2635.5,0,2635.5,Transferencia,Adquisición de mercancias,Pagado,2025-08-09,16,Pendiente,,2025-07-24T12:00:00,,,1
HIST25_2449,4219,Factura,Ma Eugenia Payan / Tortillas (14 días),Ma Eugenia Payan / Tortillas (14 días),2025-07-25,2751.0,0,2751.0,Transferencia,Adquisición de mercancias,Pagado,2025-08-08,14,Pendiente,,2025-07-25T12:00:00,,,1
HIST25_2450,4218,Factura,Ma Eugenia Payan / Tortillas (14 días),Ma Eugenia Payan / Tortillas (14 días),2025-07-25,5586.0,0,5586.0,Transferencia,Adquisición de mercancias,Pagado,2025-08-08,14,Pendiente,,2025-07-25T12:00:00,,,1
HIST25_2451,606,Factura,Dumbo / Diana Silva Ponce (12 días),Dumbo / Diana Silva Ponce (12 días),2025-07-25,570.0,0,570.0,Transferencia,Adquisición de mercancias,Pagado,2025-07-30,5,Pendiente,,2025-07-25T12:00:00,,,1
HIST25_2452,607,Factura,Dumbo / Diana Silva Ponce (12 días),Dumbo / Diana Silva Ponce (12 días),2025-07-25,435.0,0,435.0,Transferencia,Adquisición de mercancias,Pagado,2025-07-30,5,Pendiente,,2025-07-25T12:00:00,,,1
HIST25_2453,50,Factura,Salsa La Moncha / Janeth Gonzalez (14 días),Salsa La Moncha / Janeth Gonzalez (14 días),2025-07-26,578.0,0,578.0,Transferencia,Adquisición de mercancias,Pagado,2025-07-31,5,Pendiente,,2025-07-26T12:00:00,,,1
HIST25_2454,60854,Factura,KEY QUÍMICA (14 DÍAS),KEY QUÍMICA (14 DÍAS),2025-07-26,721.52,0,721.52,Transferencia,Gastos en General,Pagado,2025-08-09,14,Pendiente,,2025-07-26T12:00:00,,,1
HIST25_2455,5032,Remisión,La Cosecha / Guadalupe Caro S. (14 días),La Cosecha / Guadalupe Caro S. (14 días),2025-07-24,1113.0,0,1113.0,Transferencia,Adquisición de mercancias,Pagado,2025-08-10,17,Pendiente,,2025-07-24T12:00:00,,,1
HIST25_2456,0002571371,Factura,Costco gas s.a,Costco gas s.a,2025-07-23,2583.91,0,2583.91,Tarjeta,Gastos en General,Pagado,,0,No aplíca,,2025-07-23T12:00:00,,,1
HIST25_2457,0693099,Factura,Alsuper,Alsuper,2025-07-25,74.7,0,74.7,Tarjeta,Adquisición de mercancias,Pagado,,0,No aplíca,,2025-07-25T12:00:00,,,1
HIST25_2458,T,Factura,SORIANA,SORIANA,2025-07-26,181.87,0,181.87,Tarjeta,Adquisición de mercancias,Pagado,,0,No aplíca,,2025-07-26T12:00:00,,,1
HIST25_2459,0693098,Factura,Alsuper,Alsuper,2025-07-25,37.8,0,37.8,Tarjeta,Gastos en General,Pagado,,0,No aplíca,,2025-07-25T12:00:00,,,1
HIST25_2460,T,Factura,Sam's Club,Sam's Club,2025-07-25,1511.0,0,1511.0,Tarjeta,Adquisición de mercancias,Pagado,,0,No aplíca,,2025-07-25T12:00:00,,,1
HIST25_2461,0002572961,Factura,Costco gas s.a,Costco gas s.a,2025-07-24,1283.23,0,1283.23,Tarjeta,Gastos en General,Pagado,,0,No aplíca,,2025-07-24T12:00:00,,,1
HIST25_2462,T,Factura,Sam's Club,Sam's Club,2025-07-23,1458.97,0,1458.97,Tarjeta,Adquisición de mercancias,Pagado,,0,No aplíca,,2025-07-23T12:00:00,,,1
HIST25_2463,95327,Factura,SUKARNE,SUKARNE,2025-07-26,5365.0,0,5365.0,Tarjeta,Adquisición de mercancias,Pagado,,0,No aplíca,,2025-07-26T12:00:00,,,1
HIST25_2464,,,TARJETA CRÉDITO LEA,TARJETA CRÉDITO LEA,2025-07-28,35456.0,0,35456.0,Transferencia,Gastos en General,Pagado,,0,Pendiente,,2025-07-28T12:00:00,,,1
HIST25_2465,#FACTURA,,SGMM,SGMM,2025-07-28,4763.0,0,4763.0,Transferencia,Gastos en General,Pagado,,0,Pendiente,,2025-07-28T12:00:00,,,1
HIST25_2466,9008,Factura,Los Angeles Ferreteria,Los Angeles Ferreteria,2025-07-19,1018.0,0,1018.0,Tarjeta,Gastos en General,Pagado,,0,No aplíca,,2025-07-19T12:00:00,,,1
HIST25_2467,#FACTURA63552,Factura,ADOSA,ADOSA,2025-07-23,462.52,0,462.52,Tarjeta,Gastos en General,Pagado,,0,No aplíca,,2025-07-23T12:00:00,,,1
HIST25_2468,#FACTURA,Factura,Alsuper,Alsuper,2025-07-24,240.74,0,240.74,Tarjeta,Adquisición de mercancias,Pagado,,0,No aplíca,,2025-07-24T12:00:00,,,1
HIST25_2469,29474,Factura,SUKARNE,SUKARNE,2025-07-24,5403.3,0,5403.3,Tarjeta,Adquisición de mercancias,Pagado,,0,No aplíca,,2025-07-24T12:00:00,,,1
HIST25_2470,#FACTURA,Factura,WALMART,WALMART,2025-07-24,910.79,0,910.79,Tarjeta,Adquisición de mercancias,Pagado,,0,No aplíca,,2025-07-24T12:00:00,,,1
HIST25_2471,9058,Factura,Los Angeles Ferreteria,Los Angeles Ferreteria,2025-07-26,218.0,0,218.0,Tarjeta,Gastos en General,Pagado,,0,No aplíca,,2025-07-26T12:00:00,,,1
HIST25_2472,#FACTURA,,NOMINA,NOMINA,2025-07-24,2545.8,0,2545.8,Cheque,Gastos en General,Pagado,,0,No aplíca,,2025-07-24T12:00:00,,,1
HIST25_2473,74013,Factura,DIPACSA (7 días),DIPACSA (7 días),2025-07-28,1739.0,0,1739.0,Transferencia,Adquisición de mercancias,Pagado,2025-08-02,5,Pendiente,,2025-07-28T12:00:00,,,1
HIST25_2474,70270,Factura,PROMAR DEL NORTE (14 DÍAS),PROMAR DEL NORTE (14 DÍAS),2025-07-28,2587.8,0,2587.8,Transferencia,Adquisición de mercancias,Pagado,2025-08-11,14,Pendiente,,2025-07-28T12:00:00,,,1
HIST25_2475,3251,Factura,Paser / Araceli V. Padilla (14 dias),Paser / Araceli V. Padilla (14 dias),2025-07-26,875.0,0,875.0,Transferencia,Adquisición de mercancias,Pagado,2025-08-09,14,Pendiente,,2025-07-26T12:00:00,,,1
HIST25_2476,58239,Factura,EMPAQUES Y ENVASES/JOSE LUIS MORALES GARCIA (7 días),EMPAQUES Y ENVASES/JOSE LUIS MORALES GARCIA (7 días),2025-07-28,1002.22,0,1002.22,Transferencia,Gastos en General,Pagado,2025-08-02,5,Pendiente,,2025-07-28T12:00:00,,,1
HIST25_2477,0059093,Factura,Alsuper,Alsuper,2025-07-28,123.85,0,123.85,Tarjeta,Adquisición de mercancias,Pagado,,0,No aplíca,,2025-07-28T12:00:00,,,1
HIST25_2478,112644,Factura,SUKARNE,SUKARNE,2025-07-26,5464.88,0,5464.88,Tarjeta,Adquisición de mercancias,Pagado,,0,No aplíca,,2025-07-26T12:00:00,,,1
HIST25_2479,134728,Factura,RORISA,RORISA,2025-07-28,310.88,0,310.88,Tarjeta,Gastos en General,Pagado,,0,No aplíca,,2025-07-28T12:00:00,,,1
HIST25_2480,3147,Factura,JUNTA MUNICIPAL DE AGUA (JMAS),JUNTA MUNICIPAL DE AGUA (JMAS),2025-07-28,2937.0,0,2937.0,Transferencia,Gastos en General,Pagado,2025-08-05,8,Pendiente,,2025-07-28T12:00:00,,,1
HIST25_2481,38263228,Factura,Bachoco,Bachoco,2025-07-28,11357.76,0,11357.76,Tarjeta,Adquisición de mercancias,Pagado,,0,No aplíca,,2025-07-28T12:00:00,,,1
HIST25_2482,110874,Factura,Colesa (7 días),Colesa (7 días),2025-07-28,485.5,0,485.5,Transferencia,Adquisición de mercancias,Pagado,2025-08-02,5,Pendiente,,2025-07-28T12:00:00,,,1
HIST25_2483,117936,Factura,Colesa (7 días),Colesa (7 días),2025-07-26,805.0,0,805.0,Transferencia,Adquisición de mercancias,Pagado,2025-07-31,5,Pendiente,,2025-07-26T12:00:00,,,1
HIST25_2484,106419,Factura,Diplas / Hector A Portillo (20 días),Diplas / Hector A Portillo (20 días),2025-07-29,2843.63,0,2843.63,Transferencia,Gastos en General,Pagado,2025-08-12,14,Pendiente,,2025-07-29T12:00:00,,,1
HIST25_2485,70292,Factura,PROMAR DEL NORTE (14 DÍAS),PROMAR DEL NORTE (14 DÍAS),2025-07-29,760.0,0,760.0,Transferencia,Adquisición de mercancias,Pagado,2025-08-12,14,Pendiente,,2025-07-29T12:00:00,,,1
HIST25_2486,1340,Factura,SURTIDORA BOTANAS (7 DÍAS),SURTIDORA BOTANAS (7 DÍAS),2025-07-29,501.76,0,501.76,Transferencia,Adquisición de mercancias,Pagado,2025-08-03,5,Pendiente,,2025-07-29T12:00:00,,,1
HIST25_2487,42516,Remisión,"AGYDSA ""Aceite"" (7 días)","AGYDSA ""Aceite"" (7 días)",2025-07-29,2100.0,0,2100.0,Transferencia,Gastos en General,Pagado,2025-08-03,5,Pendiente,,2025-07-29T12:00:00,,,1
HIST25_2488,278637,Factura,MEDFRUT (7 DÍAS),MEDFRUT (7 DÍAS),2025-07-29,580.0,0,580.0,Transferencia,Adquisición de mercancias,Pagado,2025-08-03,5,Pendiente,,2025-07-29T12:00:00,,,1
HIST25_2489,110906,Factura,Colesa (7 días),Colesa (7 días),2025-07-29,1576.75,0,1576.75,Transferencia,Adquisición de mercancias,Pagado,2025-08-03,5,Pendiente,,2025-07-29T12:00:00,,,1
HIST25_2490,3274,Factura,Paser / Araceli V. Padilla (14 dias),Paser / Araceli V. Padilla (14 dias),2025-07-29,875.0,0,875.0,Transferencia,Adquisición de mercancias,Pagado,2025-08-12,14,Pendiente,,2025-07-29T12:00:00,,,1
HIST25_2491,350781,Factura,Casa Myers,Casa Myers,2025-07-29,75.53,0,75.53,Tarjeta,Gastos en General,Pagado,,0,No aplíca,,2025-07-29T12:00:00,,,1
HIST25_2492,T,Factura,Sam's Club,Sam's Club,2025-07-26,1107.94,0,1107.94,Transferencia,Adquisición de mercancias,Pagado,,0,Pendiente,,2025-07-26T12:00:00,,,1
HIST25_2493,T,Factura,City Club,City Club,2025-07-28,1890.9,0,1890.9,Tarjeta,Adquisición de mercancias,Pagado,,0,No aplíca,,2025-07-28T12:00:00,,,1
HIST25_2494,T,Factura,Sam's Club,Sam's Club,2025-07-28,831.0,0,831.0,Tarjeta,Adquisición de mercancias,Pagado,,0,No aplíca,,2025-07-28T12:00:00,,,1
HIST25_2495,1716455,Factura,Alsuper,Alsuper,2025-07-29,141.5,0,141.5,Tarjeta,Adquisición de mercancias,Pagado,,0,No aplíca,,2025-07-29T12:00:00,,,1
HIST25_2496,95363,Factura,SUKARNE,SUKARNE,2025-07-28,5228.9,0,5228.9,Tarjeta,Adquisición de mercancias,Pagado,,0,No aplíca,,2025-07-28T12:00:00,,,1
HIST25_2497,95396,Factura,SUKARNE,SUKARNE,2025-07-29,5258.5,0,5258.5,Tarjeta,Adquisición de mercancias,Pagado,,0,No aplíca,,2025-07-29T12:00:00,,,1
HIST25_2498,65175,Factura,ADOSA,ADOSA,2025-07-29,160.5,0,160.5,Tarjeta,Gastos en General,Pagado,,0,No aplíca,,2025-07-29T12:00:00,,,1
HIST25_2499,132603,Factura,EMPAQUES Y ENVASES/JOSE LUIS MORALES GARCIA (7 días),EMPAQUES Y ENVASES/JOSE LUIS MORALES GARCIA (7 días),2025-07-29,77.0,0,77.0,Tarjeta,Gastos en General,Pagado,,0,No aplíca,,2025-07-29T12:00:00,,,1
HIST25_2500,38280350,Factura,Bachoco,Bachoco,2025-07-30,13834.01,0,13834.01,Tarjeta,Adquisición de mercancias,Pagado,,0,No aplíca,,2025-07-30T12:00:00,,,1
HIST25_2501,42520,Factura,Papas Santa Fe / Procepap (7 dias),Papas Santa Fe / Procepap (7 dias),2025-07-30,515.2,0,515.2,Transferencia,Adquisición de mercancias,Pagado,,0,Pendiente,,2025-07-30T12:00:00,,,1
HIST25_2502,707725,Factura,Casa Reza (7 días),Casa Reza (7 días),2025-07-30,3880.0,0,3880.0,Transferencia,Adquisición de mercancias,Pagado,2025-08-04,5,Pendiente,,2025-07-30T12:00:00,,,1
HIST25_2503,112708,Factura,Abarrotes Inst. (7 días),Abarrotes Inst. (7 días),2025-07-30,1093.6,0,1093.6,Transferencia,Adquisición de mercancias,Pagado,2025-08-04,5,Pendiente,,2025-07-30T12:00:00,,,1
HIST25_2504,22327,Factura,Quesos y + Quesos / Armando Villanueva (7 días),Quesos y + Quesos / Armando Villanueva (7 días),2025-07-30,2411.5,0,2411.5,Transferencia,Adquisición de mercancias,Pagado,2025-08-04,5,Pendiente,,2025-07-30T12:00:00,,,1
HIST25_2505,5080,Remisión,La Cosecha / Guadalupe Caro S. (14 días),La Cosecha / Guadalupe Caro S. (14 días),2025-07-30,1392.0,0,1392.0,Transferencia,Adquisición de mercancias,Pagado,2025-08-13,14,Pendiente,,2025-07-30T12:00:00,,,1
HIST25_2506,95425,Factura,SUKARNE,SUKARNE,2025-07-30,5389.9,0,5389.9,Tarjeta,Adquisición de mercancias,Pagado,,0,No aplíca,,2025-07-30T12:00:00,,,1
HIST25_2507,112678,Factura,SUKARNE,SUKARNE,2025-07-29,5332.46,0,5332.46,Tarjeta,Adquisición de mercancias,Pagado,,0,No aplíca,,2025-07-29T12:00:00,,,1
HIST25_2508,112696,Factura,SUKARNE,SUKARNE,2025-07-30,5297.95,0,5297.95,Tarjeta,Adquisición de mercancias,Pagado,,0,No aplíca,,2025-07-30T12:00:00,,,1
HIST25_2509,34588,Factura,Que Pescados!,Que Pescados!,2025-07-29,1350.0,0,1350.0,Tarjeta,Adquisición de mercancias,Pagado,,0,No aplíca,,2025-07-29T12:00:00,,,1
HIST25_2510,T,Factura,Mayoreo de carnes,Mayoreo de carnes,2025-07-29,1215.0,0,1215.0,Tarjeta,Adquisición de mercancias,Pagado,,0,No aplíca,,2025-07-29T12:00:00,,,1
HIST25_2511,0033334,Factura,Alsuper,Alsuper,2025-07-30,120.24,0,120.24,Tarjeta,Adquisición de mercancias,Pagado,,0,No aplíca,,2025-07-30T12:00:00,,,1
HIST25_2512,T,Factura,Sam's Club,Sam's Club,2025-07-30,850.0,0,850.0,Tarjeta,Adquisición de mercancias,Pagado,,0,No aplíca,,2025-07-30T12:00:00,,,1
HIST25_2513,118051,Factura,Colesa (7 días),Colesa (7 días),2025-07-30,930.9,0,930.9,Transferencia,Adquisición de mercancias,Pagado,2025-08-04,5,Pendiente,,2025-07-30T12:00:00,,,1
HIST25_2514,#FACTURA,,NOMINA,NOMINA,2025-07-30,23942.8,0,23942.8,Transferencia,Gastos en General,Pagado,2025-07-31,1,Pendiente,,2025-07-30T12:00:00,,,1
HIST25_2515,#FACTURA,,SODEXO,SODEXO,2025-07-30,2845.7,0,2845.7,Transferencia,Gastos en General,Pagado,2025-07-30,0,Pendiente,,2025-07-30T12:00:00,,,1
HIST25_2516,#FACTURA,,PENSION ALIMENTICIA,PENSION ALIMENTICIA,2025-07-30,866.12,0,866.12,Transferencia,Gastos en General,Pagado,2025-07-31,1,Pendiente,,2025-07-30T12:00:00,,,1
HIST25_2517,#FACTURA,,NOMINA,NOMINA,2025-07-24,22265.0,0,22265.0,Transferencia,Gastos en General,Pagado,2025-07-25,1,Pendiente,,2025-07-24T12:00:00,,,1
HIST25_2518,#FACTURA,,SODEXO,SODEXO,2025-07-24,2771.79,0,2771.79,Transferencia,Gastos en General,Pagado,2025-07-24,0,Pendiente,,2025-07-24T12:00:00,,,1
HIST25_2519,#FACTURA,,PENSIÓN ALIMENTICIA,PENSIÓN ALIMENTICIA,2025-07-24,866.12,0,866.12,Transferencia,Gastos en General,Pagado,2025-07-25,1,Pendiente,,2025-07-24T12:00:00,,,1
HIST25_2520,0645,Remisión,NARANJA Y LIMÓN (7 DÍAS),NARANJA Y LIMÓN (7 DÍAS),2025-07-31,1455.0,0,1455.0,Transferencia,Adquisición de mercancias,Pagado,2025-08-05,5,Pendiente,,2025-07-31T12:00:00,,,1
HIST25_2521,603466,Remisión,Productos Lácteos Los Pinos (7 DÍAS),Productos Lácteos Los Pinos (7 DÍAS),2025-07-31,666.0,0,666.0,Transferencia,Adquisición de mercancias,Pagado,2025-08-05,5,Pendiente,,2025-07-31T12:00:00,,,1
HIST25_2522,31/07/25,Factura,La Espiga Dorada  / JUAN MANUEL CASTRO (7 días),La Espiga Dorada  / JUAN MANUEL CASTRO (7 días),2025-07-31,1320.0,0,1320.0,Transferencia,Adquisición de mercancias,Pagado,2025-08-05,5,Pendiente,,2025-07-31T12:00:00,,,1
HIST25_2523,18154,Factura,Colesa (7 días),Colesa (7 días),2025-07-31,291.8,0,291.8,Transferencia,Adquisición de mercancias,Pagado,2025-08-05,5,Pendiente,,2025-07-31T12:00:00,,,1
HIST25_2524,95462,Factura,SUKARNE,SUKARNE,2025-07-31,5113.9,0,5113.9,Tarjeta,Adquisición de mercancias,Pagado,,0,No aplíca,,2025-07-31T12:00:00,,,1
HIST25_2525,36175,Factura,SUKARNE,SUKARNE,2025-07-31,5012.0,0,5012.0,Tarjeta,Adquisición de mercancias,Pagado,,0,No aplíca,,2025-07-31T12:00:00,,,1
HIST25_2526,T,Factura,Farmacia del Ahorro,Farmacia del Ahorro,2025-07-31,80.0,0,80.0,Tarjeta,Gastos en General,Pagado,,0,No aplíca,,2025-07-31T12:00:00,,,1
HIST25_2527,4222,Factura,Ma Eugenia Payan / Tortillas (14 días),Ma Eugenia Payan / Tortillas (14 días),2025-07-31,2352.0,0,2352.0,Transferencia,Adquisición de mercancias,Pagado,2025-08-14,14,Pendiente,,2025-07-31T12:00:00,,,1
HIST25_2528,T,Factura,City Club,City Club,2025-07-30,240.0,0,240.0,Tarjeta,Gastos en General,Pagado,,0,No aplíca,,2025-07-30T12:00:00,,,1
HIST25_2529,T,Factura,City Club,City Club,2025-07-30,229.0,0,229.0,Tarjeta,Adquisición de mercancias,Pagado,,0,No aplíca,,2025-07-30T12:00:00,,,1
HIST25_2530,T,Factura,Sam's Club,Sam's Club,2025-07-29,1682.92,0,1682.92,Tarjeta,Adquisición de mercancias,Pagado,,0,No aplíca,,2025-07-29T12:00:00,,,1
HIST25_2531,T,Factura,Sam's Club,Sam's Club,2025-07-31,838.5,0,838.5,Tarjeta,Adquisición de mercancias,Pagado,,0,No aplíca,,2025-07-31T12:00:00,,,1
HIST25_2532,T,Factura,Costco,Costco,2025-07-31,1005.0,0,1005.0,Tarjeta,Adquisición de mercancias,Pagado,,0,No aplíca,,2025-07-31T12:00:00,,,1
HIST25_2533,#FACTURA,,,,2025-08-01,0,0,0,,,Pendiente,,0,Pendiente,,2025-08-01T12:00:00,,,1
HIST25_2534,95491,Factura,SUKARNE,SUKARNE,2025-08-01,5118.8,0,5118.8,Tarjeta,Adquisición de mercancias,Pagado,,0,No aplíca,,2025-08-01T12:00:00,,,1
HIST25_2535,30320,Factura,Colesa (7 días),Colesa (7 días),2025-08-01,1472.4,0,1472.4,Transferencia,Adquisición de mercancias,Pagado,2025-08-06,5,Pendiente,,2025-08-01T12:00:00,,,1
HIST25_2536,38297608,Factura,Bachoco,Bachoco,2025-08-01,14031.93,0,14031.93,Tarjeta,Adquisición de mercancias,Pagado,,0,No aplíca,,2025-08-01T12:00:00,,,1
HIST25_2537,74138,Factura,DIPACSA (7 días),DIPACSA (7 días),2025-08-01,1808.0,0,1808.0,Transferencia,Adquisición de mercancias,Pagado,2025-08-06,5,Pendiente,,2025-08-01T12:00:00,,,1
HIST25_2538,278947,Factura,MEDFRUT (7 DÍAS),MEDFRUT (7 DÍAS),2025-08-01,410.0,0,410.0,Transferencia,Adquisición de mercancias,Pagado,2025-08-06,5,Pendiente,,2025-08-01T12:00:00,,,1
HIST25_2539,58354,Factura,EMPAQUES Y ENVASES/JOSE LUIS MORALES GARCIA (7 días),EMPAQUES Y ENVASES/JOSE LUIS MORALES GARCIA (7 días),2025-08-01,624.21,0,624.21,Transferencia,Adquisición de mercancias,Pagado,2025-08-05,4,Pendiente,,2025-08-01T12:00:00,,,1
HIST25_2540,616,Factura,Dumbo / Diana Silva Ponce (12 días),Dumbo / Diana Silva Ponce (12 días),2025-07-29,1150.0,0,1150.0,Transferencia,Adquisición de mercancias,Pagado,2025-08-03,5,Pendiente,,2025-07-29T12:00:00,,,1
HIST25_2541,70342,Factura,PROMAR DEL NORTE (14 DÍAS),PROMAR DEL NORTE (14 DÍAS),2025-08-01,3019.1,0,3019.1,Transferencia,Adquisición de mercancias,Pagado,2025-08-15,14,Pendiente,,2025-08-01T12:00:00,,,1
HIST25_2542,3286,Factura,Paser / Araceli V. Padilla (14 dias),Paser / Araceli V. Padilla (14 dias),2025-08-02,875.0,0,875.0,Transferencia,Adquisición de mercancias,Pagado,2025-08-16,14,Pendiente,,2025-08-02T12:00:00,,,1
HIST25_2543,18193,Factura,Colesa (7 días),Colesa (7 días),2025-08-02,1096.6,0,1096.6,Transferencia,Adquisición de mercancias,Pagado,2025-08-07,5,Pendiente,,2025-08-02T12:00:00,,,1
HIST25_2544,T,Factura,HOME DEPOT,HOME DEPOT,2025-08-02,286.0,0,286.0,Tarjeta,Gastos en General,Pagado,,0,No aplíca,,2025-08-02T12:00:00,,,1
HIST25_2545,112753,Factura,SUKARNE,SUKARNE,2025-08-02,4617.63,0,4617.63,Tarjeta,Adquisición de mercancias,Pagado,,0,No aplíca,,2025-08-02T12:00:00,,,1
HIST25_2546,023788,Factura,INIX COMERCIAL (20 DÍAS),INIX COMERCIAL (20 DÍAS),2025-08-02,6678.44,0,6678.44,Transferencia,Gastos en General,Pagado,2025-08-22,20,Pendiente,,2025-08-02T12:00:00,,,1
HIST25_2547,T,Factura,SORIANA,SORIANA,2025-08-02,243.12,0,243.12,Tarjeta,Adquisición de mercancias,Pagado,,0,No aplíca,,2025-08-02T12:00:00,,,1
HIST25_2548,0698141,Factura,Alsuper,Alsuper,2025-08-02,237.02,0,237.02,Tarjeta,Adquisición de mercancias,Pagado,,0,No aplíca,,2025-08-02T12:00:00,,,1
HIST25_2549,95569,Factura,SUKARNE,SUKARNE,2025-08-04,5488.5,0,5488.5,Tarjeta,Adquisición de mercancias,Pagado,,0,No aplíca,,2025-08-04T12:00:00,,,1
HIST25_2550,95568,Factura,SUKARNE,SUKARNE,2025-08-04,5283.1,0,5283.1,Tarjeta,Adquisición de mercancias,Pagado,,0,No aplíca,,2025-08-04T12:00:00,,,1
HIST25_2551,141123,Factura,Abarrotes Inst. (7 días),Abarrotes Inst. (7 días),2025-08-04,1587.09,0,1587.09,Transferencia,Adquisición de mercancias,Pagado,2025-08-09,5,Pendiente,,2025-08-04T12:00:00,,,1
HIST25_2552,58407,Factura,EMPAQUES Y ENVASES/JOSE LUIS MORALES GARCIA (7 días),EMPAQUES Y ENVASES/JOSE LUIS MORALES GARCIA (7 días),2025-08-04,3086.99,0,3086.99,Transferencia,Gastos en General,Pagado,2025-08-09,5,Pendiente,,2025-08-04T12:00:00,,,1
HIST25_2553,30344,Factura,Colesa (7 días),Colesa (7 días),2025-08-04,778.6,0,778.6,Transferencia,Adquisición de mercancias,Pagado,2025-08-09,5,Pendiente,,2025-08-04T12:00:00,,,1
HIST25_2554,42566,Remisión,"AGYDSA ""Aceite"" (7 días)","AGYDSA ""Aceite"" (7 días)",2025-08-04,1400.0,0,1400.0,Transferencia,Gastos en General,Pagado,2025-08-09,5,Pendiente,,2025-08-04T12:00:00,,,1
HIST25_2555,1389,Factura,SURTIDORA BOTANAS (7 DÍAS),SURTIDORA BOTANAS (7 DÍAS),2025-08-04,866.32,0,866.32,Transferencia,Adquisición de mercancias,Pagado,2025-08-09,5,Pendiente,,2025-08-04T12:00:00,,,1
HIST25_2556,0260015,Factura,Alsuper,Alsuper,2025-08-02,374.78,0,374.78,Tarjeta,Adquisición de mercancias,Pagado,,0,No aplíca,,2025-08-02T12:00:00,,,1
HIST25_2557,356243,Factura,HOME DEPOT,HOME DEPOT,2025-07-31,382.2,0,382.2,Tarjeta,Gastos en General,Pagado,,0,No aplíca,,2025-07-31T12:00:00,,,1
HIST25_2558,7433,Factura,Combustibles del Bosque,Combustibles del Bosque,2025-08-04,475.8,0,475.8,Tarjeta,Gastos en General,Pagado,,0,No aplíca,,2025-08-04T12:00:00,,,1
HIST25_2559,669398,Factura,Combustibles del Bosque,Combustibles del Bosque,2025-07-29,490.17,0,490.17,Tarjeta,Gastos en General,Pagado,,0,No aplíca,,2025-07-29T12:00:00,,,1
HIST25_2560,3353,Factura,LA NUEZ DEL CAMPO,LA NUEZ DEL CAMPO,2025-08-05,2000.0,0,2000.0,Transferencia,Adquisición de mercancias,Pagado,2025-08-05,0,Pendiente,,2025-08-05T12:00:00,,,1
HIST25_2561,5141,Remisión,La Cosecha / Guadalupe Caro S. (14 días),La Cosecha / Guadalupe Caro S. (14 días),2025-08-05,1338.0,0,1338.0,Transferencia,Adquisición de mercancias,Pagado,2025-08-19,14,Pendiente,,2025-08-05T12:00:00,,,1
HIST25_2562,T,Factura,Sam's Club,Sam's Club,2025-08-04,736.0,0,736.0,Tarjeta,Adquisición de mercancias,Pagado,,0,No aplíca,,2025-08-04T12:00:00,,,1
HIST25_2563,T,Factura,Sam's Club,Sam's Club,2025-08-02,1051.08,0,1051.08,Tarjeta,Adquisición de mercancias,Pagado,,0,No aplíca,,2025-08-02T12:00:00,,,1
HIST25_2564,0261703,Factura,Alsuper,Alsuper,2025-08-05,45.9,0,45.9,Tarjeta,Adquisición de mercancias,Pagado,,0,No aplíca,,2025-08-05T12:00:00,,,1
HIST25_2565,T,Factura,Costco,Costco,2025-08-05,4325.1,0,4325.1,Tarjeta,Adquisición de mercancias,Pagado,,0,No aplíca,,2025-08-05T12:00:00,,,1
HIST25_2566,36297,Factura,SUKARNE,SUKARNE,2025-08-05,5250.3,0,5250.3,Tarjeta,Adquisición de mercancias,Pagado,,0,No aplíca,,2025-08-05T12:00:00,,,1
HIST25_2567,0525945,Factura,Alsuper,Alsuper,2025-08-05,1038.27,0,1038.27,Tarjeta,Adquisición de mercancias,Pagado,,0,No aplíca,,2025-08-05T12:00:00,,,1
HIST25_2568,95599,Factura,SUKARNE,SUKARNE,2025-08-05,4995.5,0,4995.5,Tarjeta,Adquisición de mercancias,Pagado,,0,No aplíca,,2025-08-05T12:00:00,,,1
HIST25_2569,110955,Factura,Colesa (7 días),Colesa (7 días),2025-08-05,1104.1,0,1104.1,Transferencia,Adquisición de mercancias,Pagado,2025-08-10,5,Pendiente,,2025-08-05T12:00:00,,,1
HIST25_2570,1399,Factura,SURTIDORA BOTANAS (7 DÍAS),SURTIDORA BOTANAS (7 DÍAS),2025-08-05,721.28,0,721.28,Transferencia,Adquisición de mercancias,Pagado,2025-08-10,5,Pendiente,,2025-08-05T12:00:00,,,1
HIST25_2571,74245,Factura,DIPACSA (7 días),DIPACSA (7 días),2025-08-05,1775.0,0,1775.0,Transferencia,Adquisición de mercancias,Pagado,2025-08-10,5,Pendiente,,2025-08-05T12:00:00,,,1
HIST25_2572,3302,Factura,Paser / Araceli V. Padilla (14 dias),Paser / Araceli V. Padilla (14 dias),2025-08-05,875.0,0,875.0,Transferencia,Adquisición de mercancias,Pagado,2025-08-19,14,Pendiente,,2025-08-05T12:00:00,,,1
HIST25_2573,30095070,Factura,Cooperativo agro chimayo,Cooperativo agro chimayo,2025-08-04,2040.0,0,2040.0,Tarjeta,Gastos en General,Pagado,,0,No aplíca,,2025-08-04T12:00:00,,,1
HIST25_2574,816627,Factura,AUTOZONE,AUTOZONE,2025-08-03,660.6,0,660.6,Tarjeta,Gastos en General,Pagado,,0,No aplíca,,2025-08-03T12:00:00,,,1
HIST25_2575,T,Factura,Expendio de carne de puerco,Expendio de carne de puerco,2025-08-01,896.0,0,896.0,Tarjeta,Adquisición de mercancias,Pagado,,0,No aplíca,,2025-08-01T12:00:00,,,1
HIST25_2576,T,Factura,Mayoreo de carnes,Mayoreo de carnes,2025-08-05,1230.0,0,1230.0,Tarjeta,Adquisición de mercancias,Pagado,,0,No aplíca,,2025-08-05T12:00:00,,,1
HIST25_2577,T,Factura,Sam's Club,Sam's Club,2025-08-01,1935.0,0,1935.0,Tarjeta,Adquisición de mercancias,Pagado,,0,No aplíca,,2025-08-01T12:00:00,,,1
HIST25_2578,115208,Factura,Sazonico / especies MOY,Sazonico / especies MOY,2025-07-30,760.0,0,760.0,Tarjeta,Adquisición de mercancias,Pagado,,0,No aplíca,,2025-07-30T12:00:00,,,1
HIST25_2579,T,Factura,FERR.COMERCIAL,FERR.COMERCIAL,2025-07-30,259.0,0,259.0,Tarjeta,Gastos en General,Pagado,,0,No aplíca,,2025-07-30T12:00:00,,,1
HIST25_2580,1/08/2025,,NOMINA,NOMINA,2025-08-01,4780.29,0,4780.29,Cheque,Gastos en General,Pagado,,0,No aplíca,,2025-08-01T12:00:00,,,1
HIST25_2581,38316372,Factura,Bachoco,Bachoco,2025-08-04,15776.95,0,15776.95,Tarjeta,Adquisición de mercancias,Pagado,,0,No aplíca,,2025-08-04T12:00:00,,,1
HIST25_2582,0659,Factura,NARANJA Y LIMÓN (7 DÍAS),NARANJA Y LIMÓN (7 DÍAS),2025-08-06,720.0,0,720.0,Transferencia,Adquisición de mercancias,Pagado,2025-08-11,5,Pendiente,,2025-08-06T12:00:00,,,1
HIST25_2583,74283,Factura,DIPACSA (7 días),DIPACSA (7 días),2025-08-06,904.0,0,904.0,Transferencia,Adquisición de mercancias,Pagado,2025-08-11,5,Pendiente,,2025-08-06T12:00:00,,,1
HIST25_2584,22414,Factura,Quesos y + Quesos / Armando Villanueva (7 días),Quesos y + Quesos / Armando Villanueva (7 días),2025-08-06,1808.5,0,1808.5,Transferencia,Adquisición de mercancias,Pagado,2025-08-11,5,Pendiente,,2025-08-06T12:00:00,,,1
HIST25_2585,70411,Factura,PROMAR DEL NORTE (14 DÍAS),PROMAR DEL NORTE (14 DÍAS),2025-08-06,2156.5,0,2156.5,Transferencia,Adquisición de mercancias,Pagado,2025-08-20,14,Pendiente,,2025-08-06T12:00:00,,,1
HIST25_2586,42940,Factura,Papas Santa Fe / Procepap (7 dias),Papas Santa Fe / Procepap (7 dias),2025-08-06,743.6,0,743.6,Transferencia,Adquisición de mercancias,Pagado,2025-08-11,5,Pendiente,,2025-08-06T12:00:00,,,1
HIST25_2587,671865,Factura,Combustibles del Bosque,Combustibles del Bosque,2025-08-05,473.06,0,473.06,Tarjeta,Gastos en General,Pagado,,0,No aplíca,,2025-08-05T12:00:00,,,1
HIST25_2588,817889,Factura,AUTOZONE,AUTOZONE,2025-08-04,1049.0,0,1049.0,Tarjeta,Gastos en General,Pagado,,0,No aplíca,,2025-08-04T12:00:00,,,1
HIST25_2589,6293,Factura,SUKARNE,SUKARNE,2025-08-06,5003.8,0,5003.8,Tarjeta,Adquisición de mercancias,Pagado,,0,No aplíca,,2025-08-06T12:00:00,,,1
HIST25_2590,29603,Factura,SUKARNE,SUKARNE,2025-08-06,4034.2,0,4034.2,Tarjeta,Adquisición de mercancias,Pagado,,0,No aplíca,,2025-08-06T12:00:00,,,1
HIST25_2591,27072,Factura,MACOPISA  (Centro de servicios),MACOPISA  (Centro de servicios),2025-08-06,188.53,0,188.53,Tarjeta,Gastos en General,Pagado,,0,No aplíca,,2025-08-06T12:00:00,,,1
HIST25_2592,135030,Factura,RORISA,RORISA,2025-08-06,305.08,0,305.08,Tarjeta,Gastos en General,Pagado,,0,No aplíca,,2025-08-06T12:00:00,,,1
HIST25_2593,38334147,Factura,Bachoco,Bachoco,2025-08-06,14642.0,0,14642.0,Transferencia,Adquisición de mercancias,Pagado,2025-08-06,0,No aplíca,,2025-08-06T12:00:00,,,1
HIST25_2594,#FACTURA,Factura,Sam's Club,Sam's Club,2025-08-05,159.0,0,159.0,Tarjeta,Adquisición de mercancias,Pagado,,0,No aplíca,,2025-08-05T12:00:00,,,1
HIST25_2595,#FACTURA,Factura,Sam's Club,Sam's Club,2025-08-05,1131.0,0,1131.0,Tarjeta,Adquisición de mercancias,Pagado,,0,No aplíca,,2025-08-05T12:00:00,,,1
HIST25_2596,#FACTURA,Factura,Colesa (7 días),Colesa (7 días),2025-08-06,1466.2,0,1466.2,Transferencia,Adquisición de mercancias,Pagado,2025-08-11,5,Pendiente,,2025-08-06T12:00:00,,,1
HIST25_2597,20092,Factura,ASEO Y RECOLECCION ESTRADA,ASEO Y RECOLECCION ESTRADA,2025-08-06,1997.06,0,1997.06,Transferencia,Gastos en General,Pagado,2025-08-06,0,Pendiente,,2025-08-06T12:00:00,,,1
HIST25_2598,17343,Factura,Aseo y Recolección Estrada (14 días),Aseo y Recolección Estrada (14 días),2025-08-06,1901.96,0,1901.96,Transferencia,Gastos en General,Pagado,2025-08-06,0,Pendiente,,2025-08-06T12:00:00,,,1
HIST25_2599,52,Factura,Salsa La Moncha / Janeth Gonzalez (14 días),Salsa La Moncha / Janeth Gonzalez (14 días),2025-08-07,873.0,0,873.0,Transferencia,Adquisición de mercancias,Pagado,2025-08-12,5,Pendiente,,2025-08-07T12:00:00,,,1
HIST25_2600,58489,Factura,EMPAQUES Y ENVASES/JOSE LUIS MORALES GARCIA (7 días),EMPAQUES Y ENVASES/JOSE LUIS MORALES GARCIA (7 días),2025-08-07,948.0,0,948.0,Transferencia,Gastos en General,Pagado,2025-08-12,5,Pendiente,,2025-08-07T12:00:00,,,1
HIST25_2601,30371,Factura,Colesa (7 días),Colesa (7 días),2025-08-07,1188.5,0,1188.5,Transferencia,Adquisición de mercancias,Pagado,2025-08-12,5,Pendiente,,2025-08-07T12:00:00,,,1
HIST25_2602,621,Factura,Dumbo / Diana Silva Ponce (12 días),Dumbo / Diana Silva Ponce (12 días),2025-08-07,770.0,0,770.0,Transferencia,Adquisición de mercancias,Pagado,2025-08-12,5,Pendiente,,2025-08-07T12:00:00,,,1
HIST25_2603,74311,Factura,DIPACSA (7 días),DIPACSA (7 días),2025-08-07,904.0,0,904.0,Transferencia,Adquisición de mercancias,Pagado,2025-08-12,5,Pendiente,,2025-08-07T12:00:00,,,1
HIST25_2604,T,Factura,Mayoreo de carnes,Mayoreo de carnes,2025-08-06,1230.0,0,1230.0,Tarjeta,Adquisición de mercancias,Pagado,,0,No aplíca,,2025-08-06T12:00:00,,,1
HIST25_2605,T,Factura,Sam's Club,Sam's Club,2025-08-06,920.0,0,920.0,Tarjeta,Adquisición de mercancias,Pagado,,0,No aplíca,,2025-08-06T12:00:00,,,1
HIST25_2606,T,Factura,Sam's Club,Sam's Club,2025-08-06,209.0,0,209.0,Tarjeta,Gastos en General,Pagado,,0,No aplíca,,2025-08-06T12:00:00,,,1
HIST25_2607,T,Factura,Sam's Club,Sam's Club,2025-08-07,598.0,0,598.0,Tarjeta,Adquisición de mercancias,Pagado,,0,No aplíca,,2025-08-07T12:00:00,,,1
HIST25_2608,T,Factura,Costco,Costco,2025-08-07,1494.0,0,1494.0,Tarjeta,Adquisición de mercancias,Pagado,,0,No aplíca,,2025-08-07T12:00:00,,,1
HIST25_2609,T,Factura,Costco,Costco,2025-08-07,1032.68,0,1032.68,Tarjeta,Gastos en General,Pagado,,0,No aplíca,,2025-08-07T12:00:00,,,1
HIST25_2610,T,Factura,City Club,City Club,2025-08-07,936.0,0,936.0,Tarjeta,Adquisición de mercancias,Pagado,,0,No aplíca,,2025-08-07T12:00:00,,,1
HIST25_2611,0663,Remisión,NARANJA Y LIMÓN (7 DÍAS),NARANJA Y LIMÓN (7 DÍAS),2025-08-07,735.0,0,735.0,Transferencia,Adquisición de mercancias,Pagado,2025-08-12,5,Pendiente,,2025-08-07T12:00:00,,,1
HIST25_2612,T,Remisión,Sal de mar/ Celia i. Germes,Sal de mar/ Celia i. Germes,2025-08-07,400.0,0,400.0,Transferencia,Adquisición de mercancias,Pagado,2025-08-13,6,Pendiente,,2025-08-07T12:00:00,,,1
HIST25_2613,0701631,Factura,Alsuper,Alsuper,2025-08-07,221.48,0,221.48,Tarjeta,Adquisición de mercancias,Pagado,,0,No aplíca,,2025-08-07T12:00:00,,,1
HIST25_2614,95661,Factura,SUKARNE,SUKARNE,2025-08-07,886.0,0,886.0,Tarjeta,Adquisición de mercancias,Pagado,,0,No aplíca,,2025-08-07T12:00:00,,,1
HIST25_2615,112850,Factura,Abarrotes Inst. (7 días),Abarrotes Inst. (7 días),2025-08-08,1294.29,0,1294.29,Transferencia,Adquisición de mercancias,Pagado,2025-08-13,5,Pendiente,,2025-08-08T12:00:00,,,1
HIST25_2616,30399,Factura,Colesa (7 días),Colesa (7 días),2025-08-08,994.95,0,994.95,Transferencia,Adquisición de mercancias,Pagado,2025-08-13,5,Pendiente,,2025-08-08T12:00:00,,,1
HIST25_2617,023834,Factura,INIX COMERCIAL (20 DÍAS),INIX COMERCIAL (20 DÍAS),2025-08-08,3204.56,0,3204.56,Transferencia,Gastos en General,Pagado,2025-08-28,20,Pendiente,,2025-08-08T12:00:00,,,1
HIST25_2618,38352632,Factura,Bachoco,Bachoco,2025-08-08,17196.62,0,17196.62,Tarjeta,Adquisición de mercancias,Pagado,,0,No aplíca,,2025-08-08T12:00:00,,,1
HIST25_2619,74335,Factura,DIPACSA (7 días),DIPACSA (7 días),2025-08-08,904.0,0,904.0,Transferencia,Adquisición de mercancias,Pagado,2025-08-13,5,Pendiente,,2025-08-08T12:00:00,,,1
HIST25_2620,3313,Factura,Paser / Araceli V. Padilla (14 dias),Paser / Araceli V. Padilla (14 dias),2025-08-07,875.0,0,875.0,Transferencia,Adquisición de mercancias,Pagado,2025-08-21,14,Pendiente,,2025-08-07T12:00:00,,,1
HIST25_2621,34992,Factura,Que Pescados!,Que Pescados!,2025-08-08,729.45,0,729.45,Tarjeta,Adquisición de mercancias,Pagado,,0,No aplíca,,2025-08-08T12:00:00,,,1
HIST25_2622,36350,Factura,SUKARNE,SUKARNE,2025-08-08,5003.8,0,5003.8,Tarjeta,Adquisición de mercancias,Pagado,,0,No aplíca,,2025-08-08T12:00:00,,,1
HIST25_2623,2780545,Factura,Costco gas s.a,Costco gas s.a,2025-08-07,1032.68,0,1032.68,Tarjeta,Gastos en General,Pagado,,0,No aplíca,,2025-08-07T12:00:00,,,1
HIST25_2624,T,Factura,Sam's Club,Sam's Club,2025-08-08,1793.0,0,1793.0,Tarjeta,Adquisición de mercancias,Pagado,,0,No aplíca,,2025-08-08T12:00:00,,,1
HIST25_2625,2528689,Factura,Gelos Market,Gelos Market,2025-08-08,108.9,0,108.9,Tarjeta,Adquisición de mercancias,Pagado,,0,No aplíca,,2025-08-08T12:00:00,,,1
HIST25_2626,,,NOMINA,NOMINA,2025-08-08,338.6,0,338.6,Transferencia,Gastos en General,Pagado,2025-08-08,0,Pendiente,,2025-08-08T12:00:00,,,1
HIST25_2627,#FACTURA,,SODEXO,SODEXO,2025-08-07,2654.6,0,2654.6,Transferencia,Gastos en General,Pagado,2025-08-08,1,Pendiente,,2025-08-07T12:00:00,,,1
HIST25_2628,#FACTURA,,PENSION ALIMENTICIA,PENSION ALIMENTICIA,2025-08-08,866.12,0,866.12,Transferencia,Gastos en General,Pagado,2025-08-08,0,Pendiente,,2025-08-08T12:00:00,,,1
HIST25_2629,#FACTURA,Factura,Alsuper,Alsuper,2025-08-09,587.09,0,587.09,Tarjeta,Adquisición de mercancias,Pagado,,0,No aplíca,,2025-08-09T12:00:00,,,1
HIST25_2630,6300,Factura,SUKARNE,SUKARNE,2025-08-08,5135.2,0,5135.2,Tarjeta,Adquisición de mercancias,Pagado,,0,No aplíca,,2025-08-08T12:00:00,,,1
HIST25_2631,6304,Factura,SUKARNE,SUKARNE,2025-08-09,3664.5,0,3664.5,Tarjeta,Adquisición de mercancias,Pagado,,0,No aplíca,,2025-08-09T12:00:00,,,1
HIST25_2632,3319,Factura,Paser / Araceli V. Padilla (14 dias),Paser / Araceli V. Padilla (14 dias),2025-08-09,1750.0,0,1750.0,Transferencia,Adquisición de mercancias,Pagado,2025-08-23,14,Pendiente,,2025-08-09T12:00:00,,,1
HIST25_2633,58548,Factura,EMPAQUES Y ENVASES/JOSE LUIS MORALES GARCIA (7 días),EMPAQUES Y ENVASES/JOSE LUIS MORALES GARCIA (7 días),2025-08-09,624.21,0,624.21,Transferencia,Gastos en General,Pagado,2025-08-14,5,Pendiente,,2025-08-09T12:00:00,,,1
HIST25_2634,22463,Factura,Quesos y + Quesos / Armando Villanueva (7 días),Quesos y + Quesos / Armando Villanueva (7 días),2025-08-09,1298.5,0,1298.5,Transferencia,Adquisición de mercancias,Pagado,2025-08-14,5,Pendiente,,2025-08-09T12:00:00,,,1
HIST25_2635,118606,Factura,Colesa (7 días),Colesa (7 días),2025-08-09,1433.1,0,1433.1,Transferencia,Adquisición de mercancias,Pagado,2025-08-14,5,Pendiente,,2025-08-09T12:00:00,,,1
HIST25_2636,141328,Factura,Abarrotes Inst. (7 días),Abarrotes Inst. (7 días),2025-08-09,541.88,0,541.88,Transferencia,Adquisición de mercancias,Pagado,2025-08-14,5,Pendiente,,2025-08-09T12:00:00,,,1
HIST25_2637,5184,Remisión,La Cosecha / Guadalupe Caro S. (14 días),La Cosecha / Guadalupe Caro S. (14 días),2025-08-09,990.0,0,990.0,Transferencia,Adquisición de mercancias,Pagado,2025-08-24,15,Pendiente,,2025-08-09T12:00:00,,,1
HIST25_2638,38371800,Factura,Bachoco,Bachoco,2025-08-11,18361.23,0,18361.23,Tarjeta,Adquisición de mercancias,Pagado,,0,No aplíca,,2025-08-11T12:00:00,,,1
HIST25_2639,70474,Factura,PROMAR DEL NORTE (14 DÍAS),PROMAR DEL NORTE (14 DÍAS),2025-08-11,2156.5,0,2156.5,Transferencia,Adquisición de mercancias,Pagado,2025-08-25,14,Pendiente,,2025-08-11T12:00:00,,,1
HIST25_2640,111032,Factura,Colesa (7 días),Colesa (7 días),2025-08-11,744.4,0,744.4,Transferencia,Adquisición de mercancias,Pagado,2025-08-16,5,Pendiente,,2025-08-11T12:00:00,,,1
HIST25_2641,74396,Factura,DIPACSA (7 días),DIPACSA (7 días),2025-08-11,904.0,0,904.0,Transferencia,Adquisición de mercancias,Pagado,2025-08-16,5,Pendiente,,2025-08-11T12:00:00,,,1
HIST25_2642,279725,Factura,MEDFRUT (7 DÍAS),MEDFRUT (7 DÍAS),2025-08-11,956.4,0,956.4,Transferencia,Adquisición de mercancias,Pagado,2025-08-16,5,Pendiente,,2025-08-11T12:00:00,,,1
HIST25_2643,42625,Remisión,"AGYDSA ""Aceite"" (7 días)","AGYDSA ""Aceite"" (7 días)",2025-08-11,2100.0,0,2100.0,Transferencia,Gastos en General,Pagado,2025-08-16,5,Pendiente,,2025-08-11T12:00:00,,,1
HIST25_2644,625,Factura,Dumbo / Diana Silva Ponce (12 días),Dumbo / Diana Silva Ponce (12 días),2025-08-11,594.0,0,594.0,Transferencia,Adquisición de mercancias,Pagado,2025-08-16,5,Pendiente,,2025-08-11T12:00:00,,,1
HIST25_2645,36442,Factura,SUKARNE,SUKARNE,2025-08-11,5283.1,0,5283.1,Tarjeta,Adquisición de mercancias,Pagado,,0,No aplíca,,2025-08-11T12:00:00,,,1
HIST25_2646,36402,Factura,SUKARNE,SUKARNE,2025-08-09,5102.4,0,5102.4,Tarjeta,Adquisición de mercancias,Pagado,,0,No aplíca,,2025-08-09T12:00:00,,,1
HIST25_2647,T,Factura,Sam's Club,Sam's Club,2025-08-09,770.0,0,770.0,Tarjeta,Adquisición de mercancias,Pagado,,0,No aplíca,,2025-08-09T12:00:00,,,1
HIST25_2648,T,Factura,Sam's Club,Sam's Club,2025-08-09,1114.0,0,1114.0,Tarjeta,Adquisición de mercancias,Pagado,,0,No aplíca,,2025-08-09T12:00:00,,,1
HIST25_2649,2529122,Factura,Gelos Market,Gelos Market,2025-08-09,108.9,0,108.9,Tarjeta,Adquisición de mercancias,Pagado,,0,No aplíca,,2025-08-09T12:00:00,,,1
HIST25_2650,42632,Remisión,"AGYDSA ""Aceite"" (7 días)","AGYDSA ""Aceite"" (7 días)",2025-08-12,1400.0,0,1400.0,Transferencia,Gastos en General,Pagado,2025-08-17,5,Pendiente,,2025-08-12T12:00:00,,,1
HIST25_2651,37,Factura,Carmen Ortega P. / Salsa Macha Pepis (14 días),Carmen Ortega P. / Salsa Macha Pepis (14 días),2025-08-12,1440.0,0,1440.0,Transferencia,Adquisición de mercancias,Pagado,2025-08-26,14,Pendiente,,2025-08-12T12:00:00,,,1
HIST25_2652,74424,Factura,DIPACSA (7 días),DIPACSA (7 días),2025-08-12,2509.0,0,2509.0,Transferencia,Adquisición de mercancias,Pagado,2025-08-17,5,Pendiente,,2025-08-12T12:00:00,,,1
HIST25_2653,0670,Remisión,NARANJA Y LIMÓN (7 DÍAS),NARANJA Y LIMÓN (7 DÍAS),2025-08-12,1095.0,0,1095.0,Transferencia,Adquisición de mercancias,Pagado,2025-08-17,5,Pendiente,,2025-08-12T12:00:00,,,1
HIST25_2654,279960,Factura,MEDFRUT (7 DÍAS),MEDFRUT (7 DÍAS),2025-08-13,970.0,0,970.0,Transferencia,Adquisición de mercancias,Pagado,2025-08-18,5,Pendiente,,2025-08-13T12:00:00,,,1
HIST25_2655,111079,Factura,Colesa (7 días),Colesa (7 días),2025-08-13,900.3,0,900.3,Transferencia,Adquisición de mercancias,Pagado,2025-08-18,5,Pendiente,,2025-08-13T12:00:00,,,1
HIST25_2656,1453,Factura,SURTIDORA BOTANAS (7 DÍAS),SURTIDORA BOTANAS (7 DÍAS),2025-08-13,946.68,0,946.68,Transferencia,Adquisición de mercancias,Pagado,2025-08-18,5,Pendiente,,2025-08-13T12:00:00,,,1
HIST25_2657,61025,Factura,KEY QUÍMICA (14 DÍAS),KEY QUÍMICA (14 DÍAS),2025-08-13,1294.56,0,1294.56,Transferencia,Gastos en General,Pagado,2025-08-27,14,Pendiente,,2025-08-13T12:00:00,,,1
HIST25_2658,107028,Factura,Diplas / Hector A Portillo (20 días),Diplas / Hector A Portillo (20 días),2025-08-13,2813.04,0,2813.04,Transferencia,Gastos en General,Pagado,2025-09-03,21,Pendiente,,2025-08-13T12:00:00,,,1
HIST25_2659,16209,Factura,Sazonico / especies MOY,Sazonico / especies MOY,2025-08-13,1036.94,0,1036.94,Tarjeta,Adquisición de mercancias,Pagado,,0,No aplíca,,2025-08-13T12:00:00,,,1
HIST25_2660,58635,Factura,EMPAQUES Y ENVASES/JOSE LUIS MORALES GARCIA (7 días),EMPAQUES Y ENVASES/JOSE LUIS MORALES GARCIA (7 días),2025-08-13,1051.01,0,1051.01,Transferencia,Gastos en General,Pagado,2025-08-18,5,Pendiente,,2025-08-13T12:00:00,,,1
HIST25_2661,141459,Factura,Abarrotes Inst. (7 días),Abarrotes Inst. (7 días),2025-08-13,2538.36,0,2538.36,Transferencia,Adquisición de mercancias,Pagado,2025-08-18,5,Pendiente,,2025-08-13T12:00:00,,,1
HIST25_2662,4701026320,Factura,Dimanor / John Deere,Dimanor / John Deere,2025-08-13,1044.0,0,1044.0,OTRO (REPONER),Gastos en General,Pagado,,0,No aplíca,,2025-08-13T12:00:00,,,1
HIST25_2663,3340,Factura,Paser / Araceli V. Padilla (14 dias),Paser / Araceli V. Padilla (14 dias),2025-08-13,875.0,0,875.0,Transferencia,Adquisición de mercancias,Pagado,2025-08-27,14,Pendiente,,2025-08-13T12:00:00,,,1
HIST25_2664,38390208,Factura,Bachoco,Bachoco,2025-08-13,17509.04,0,17509.04,Tarjeta,Adquisición de mercancias,Pagado,,0,No aplíca,,2025-08-13T12:00:00,,,1
HIST25_2665,22519,Factura,Quesos y + Quesos / Armando Villanueva (7 días),Quesos y + Quesos / Armando Villanueva (7 días),2025-08-13,1298.5,0,1298.5,Transferencia,Adquisición de mercancias,Pagado,2025-08-18,5,Pendiente,,2025-08-13T12:00:00,,,1
HIST25_2666,#FACTURa,Factura,Alsuper,Alsuper,2025-08-13,385.08,0,385.08,Tarjeta,Adquisición de mercancias,Pagado,,0,No aplíca,,2025-08-13T12:00:00,,,1
HIST25_2667,30095264,Factura,Agro Chimayo,Agro Chimayo,2025-08-08,2550.0,0,2550.0,Tarjeta,Gastos en General,Pagado,,0,No aplíca,,2025-08-08T12:00:00,,,1
HIST25_2668,#FACTURA,Factura,Costco,Costco,2025-08-13,714.06,0,714.06,Tarjeta,Adquisición de mercancias,Pagado,,0,No aplíca,,2025-08-13T12:00:00,,,1
HIST25_2669,#FACTURA,Factura,Alsuper,Alsuper,2025-08-13,400.0,0,400.0,Tarjeta,Adquisición de mercancias,Pagado,,0,No aplíca,,2025-08-13T12:00:00,,,1
HIST25_2670,29659,Factura,SUKARNE,SUKARNE,2025-08-13,3820.6,0,3820.6,Tarjeta,Adquisición de mercancias,Pagado,,0,No aplíca,,2025-08-13T12:00:00,,,1
HIST25_2671,29658,Factura,SUKARNE,SUKARNE,2025-08-13,3705.6,0,3705.6,Tarjeta,Adquisición de mercancias,Pagado,,0,No aplíca,,2025-08-13T12:00:00,,,1
HIST25_2672,35137,Factura,Que Pescados!,Que Pescados!,2025-08-13,1350.0,0,1350.0,Tarjeta,Adquisición de mercancias,Pagado,,0,No aplíca,,2025-08-13T12:00:00,,,1
HIST25_2673,#FACTURA,Factura,Sam's Club,Sam's Club,2025-08-13,977.98,0,977.98,Tarjeta,Adquisición de mercancias,Pagado,,0,No aplíca,,2025-08-13T12:00:00,,,1
HIST25_2674,#FACTURA,Factura,Sam's Club,Sam's Club,2025-08-13,400.0,0,400.0,Tarjeta,Adquisición de mercancias,Pagado,,0,No aplíca,,2025-08-13T12:00:00,,,1
HIST25_2675,0100802,Factura,Alsuper,Alsuper,2025-08-12,177.58,0,177.58,Tarjeta,Adquisición de mercancias,Pagado,,0,No aplíca,,2025-08-12T12:00:00,,,1
HIST25_2676,#FACTURA,Factura,Costco,Costco,2025-08-13,814.89,0,814.89,Tarjeta,Gastos en General,Pagado,,0,No aplíca,,2025-08-13T12:00:00,,,1
HIST25_2677,0223747,Factura,Alsuper,Alsuper,2025-08-06,1090.7,0,1090.7,Tarjeta,Adquisición de mercancias,Pagado,,0,No aplíca,,2025-08-06T12:00:00,,,1
HIST25_2678,436763,Factura,Materiales Américas,Materiales Américas,2025-08-08,845.64,0,845.64,Tarjeta,Gastos en General,Pagado,,0,No aplíca,,2025-08-08T12:00:00,,,1
HIST25_2679,0065796,Factura,Alsuper,Alsuper,2025-08-03,394.85,0,394.85,Tarjeta,Adquisición de mercancias,Pagado,,0,No aplíca,,2025-08-03T12:00:00,,,1
HIST25_2680,7560,Factura,Combustibles del Bosque,Combustibles del Bosque,2025-08-12,356.85,0,356.85,Tarjeta,Gastos en General,Pagado,,0,No aplíca,,2025-08-12T12:00:00,,,1
HIST25_2681,36494,Factura,SUKARNE,SUKARNE,2025-08-13,5375.1,0,5375.1,Tarjeta,Adquisición de mercancias,Pagado,,0,No aplíca,,2025-08-13T12:00:00,,,1
HIST25_2682,T,Factura,AUTOZONE,AUTOZONE,2025-08-03,249.0,0,249.0,Tarjeta,Gastos en General,Pagado,,0,No aplíca,,2025-08-03T12:00:00,,,1
HIST25_2683,T,Factura,AUTOZONE,AUTOZONE,2025-08-03,660.6,0,660.6,Tarjeta,Gastos en General,Pagado,,0,No aplíca,,2025-08-03T12:00:00,,,1
HIST25_2684,#FACTURA,,NOMINA,NOMINA,2025-08-14,20754.7,0,20754.7,Transferencia,Gastos en General,Pagado,2025-08-14,0,Pendiente,,2025-08-14T12:00:00,,,1
HIST25_2685,#FACTURA,,SODEXO,SODEXO,2025-08-14,2513.09,0,2513.09,Transferencia,Gastos en General,Pagado,,0,Pendiente,,2025-08-14T12:00:00,,,1
HIST25_2686,#FACTURA,,PENSION ALIMENTICIA,PENSION ALIMENTICIA,2025-08-14,866.12,0,866.12,Transferencia,Gastos en General,Pagado,2025-08-14,0,Pendiente,,2025-08-14T12:00:00,,,1
HIST25_2687,08082025,Factura,La Espiga Dorada  / JUAN MANUEL CASTRO (7 días),La Espiga Dorada  / JUAN MANUEL CASTRO (7 días),2025-08-09,1100.0,0,1100.0,Transferencia,Adquisición de mercancias,Pagado,2025-08-18,9,Pendiente,,2025-08-09T12:00:00,,,1
HIST25_2688,58667,Factura,EMPAQUES Y ENVASES/JOSE LUIS MORALES GARCIA (7 días),EMPAQUES Y ENVASES/JOSE LUIS MORALES GARCIA (7 días),2025-08-14,595.21,0,595.21,Transferencia,Adquisición de mercancias,Pagado,2025-08-19,5,Pendiente,,2025-08-14T12:00:00,,,1
HIST25_2689,70514,Factura,PROMAR DEL NORTE (14 DÍAS),PROMAR DEL NORTE (14 DÍAS),2025-08-14,1917.1,0,1917.1,Transferencia,Adquisición de mercancias,Pagado,2025-08-28,14,Pendiente,,2025-08-14T12:00:00,,,1
HIST25_2690,118863,Factura,Colesa (7 días),Colesa (7 días),2025-08-14,954.9,0,954.9,Transferencia,Adquisición de mercancias,Pagado,2025-08-21,7,Pendiente,,2025-08-14T12:00:00,,,1
HIST25_2691,141480,Factura,Abarrotes Inst. (7 días),Abarrotes Inst. (7 días),2025-08-14,659.98,0,659.98,Transferencia,Adquisición de mercancias,Pagado,2025-08-19,5,Pendiente,,2025-08-14T12:00:00,,,1
HIST25_2692,74504,Factura,DIPACSA (7 días),DIPACSA (7 días),2025-08-14,1581.0,0,1581.0,Transferencia,Adquisición de mercancias,Pagado,2025-08-19,5,Pendiente,,2025-08-14T12:00:00,,,1
HIST25_2693,023905,Factura,INIX COMERCIAL (20 DÍAS),INIX COMERCIAL (20 DÍAS),2025-08-14,5031.81,0,5031.81,Transferencia,Gastos en General,Pagado,2025-09-03,20,Pendiente,,2025-08-14T12:00:00,,,1
HIST25_2694,602187,Remisión,Productos Lácteos Los Pinos (7 DÍAS),Productos Lácteos Los Pinos (7 DÍAS),2025-08-14,888.0,0,888.0,Transferencia,Adquisición de mercancias,Pagado,2025-08-19,5,Pendiente,,2025-08-14T12:00:00,,,1
HIST25_2695,5216,Remisión,La Cosecha / Guadalupe Caro S. (14 días),La Cosecha / Guadalupe Caro S. (14 días),2025-08-14,990.0,0,990.0,Transferencia,Adquisición de mercancias,Pagado,2025-08-29,15,Pendiente,,2025-08-14T12:00:00,,,1
HIST25_2696,36518,Factura,SUKARNE,SUKARNE,2025-08-14,5184.5,0,5184.5,Tarjeta,Adquisición de mercancias,Pagado,,0,No aplíca,,2025-08-14T12:00:00,,,1
HIST25_2697,36517,Factura,SUKARNE,SUKARNE,2025-08-14,6261.8,0,6261.8,Tarjeta,Adquisición de mercancias,Pagado,,0,No aplíca,,2025-08-14T12:00:00,,,1
HIST25_2698,1897914,Factura,Alsuper,Alsuper,2025-08-14,124.6,0,124.6,Tarjeta,Adquisición de mercancias,Pagado,,0,No aplíca,,2025-08-14T12:00:00,,,1
HIST25_2699,43482,Factura,Papas Santa Fe / Procepap (7 dias),Papas Santa Fe / Procepap (7 dias),2025-08-15,801.6,0,801.6,Transferencia,Adquisición de mercancias,Pagado,2025-08-20,5,Pendiente,,2025-08-15T12:00:00,,,1
HIST25_2700,708408,Factura,Casa Reza (7 días),Casa Reza (7 días),2025-08-15,3880.0,0,3880.0,Transferencia,Adquisición de mercancias,Pagado,2025-08-20,5,Pendiente,,2025-08-15T12:00:00,,,1
HIST25_2701,111113,Factura,Colesa (7 días),Colesa (7 días),2025-08-15,656.6,0,656.6,Transferencia,Adquisición de mercancias,Pagado,2025-08-20,5,Pendiente,,2025-08-15T12:00:00,,,1
HIST25_2702,3345,Factura,Paser / Araceli V. Padilla (14 dias),Paser / Araceli V. Padilla (14 dias),2025-08-15,875.0,0,875.0,Transferencia,Adquisición de mercancias,Pagado,2025-08-29,14,Pendiente,,2025-08-15T12:00:00,,,1
HIST25_2703,38407184,Factura,Bachoco,Bachoco,2025-08-15,17310.15,0,17310.15,Tarjeta,Adquisición de mercancias,Pagado,,0,No aplíca,,2025-08-15T12:00:00,,,1
HIST25_2704,280123,Factura,MEDFRUT (7 DÍAS),MEDFRUT (7 DÍAS),2025-08-15,975.0,0,975.0,Transferencia,Adquisición de mercancias,Pagado,2025-08-20,5,Pendiente,,2025-08-15T12:00:00,,,1
HIST25_2705,1741238,Factura,Alsuper,Alsuper,2025-08-15,347.4,0,347.4,Tarjeta,Adquisición de mercancias,Pagado,,0,No aplíca,,2025-08-15T12:00:00,,,1
HIST25_2706,55,Factura,Salsa La Moncha / Janeth Gonzalez (14 días),Salsa La Moncha / Janeth Gonzalez (14 días),2025-08-15,713.0,0,713.0,Transferencia,Adquisición de mercancias,Pagado,2025-08-20,5,Pendiente,,2025-08-15T12:00:00,,,1
HIST25_2707,T,Factura,Sam's Club,Sam's Club,2025-08-15,967.1,0,967.1,Tarjeta,Adquisición de mercancias,Pagado,,0,No aplíca,,2025-08-15T12:00:00,,,1
HIST25_2708,70562,Factura,PROMAR DEL NORTE (14 DÍAS),PROMAR DEL NORTE (14 DÍAS),2025-08-16,2156.5,0,2156.5,Transferencia,Adquisición de mercancias,Pagado,2025-08-30,14,Pendiente,,2025-08-16T12:00:00,,,1
HIST25_2709,58718,Factura,EMPAQUES Y ENVASES/JOSE LUIS MORALES GARCIA (7 días),EMPAQUES Y ENVASES/JOSE LUIS MORALES GARCIA (7 días),2025-08-16,682.0,0,682.0,Transferencia,Gastos en General,Pagado,2025-08-21,5,Pendiente,,2025-08-16T12:00:00,,,1
HIST25_2710,111145,Factura,Colesa (7 días),Colesa (7 días),2025-08-16,1506.7,0,1506.7,Transferencia,Adquisición de mercancias,Pagado,2025-08-21,5,Pendiente,,2025-08-16T12:00:00,,,1
HIST25_2711,3347,Factura,Paser / Araceli V. Padilla (14 dias),Paser / Araceli V. Padilla (14 dias),2025-08-16,875.0,0,875.0,Transferencia,Adquisición de mercancias,Pagado,2025-08-30,14,Pendiente,,2025-08-16T12:00:00,,,1
HIST25_2712,16/08/25,Factura,La Espiga Dorada  / JUAN MANUEL CASTRO (7 días),La Espiga Dorada  / JUAN MANUEL CASTRO (7 días),2025-08-16,1320.0,0,1320.0,Transferencia,Adquisición de mercancias,Pagado,2025-08-20,4,Pendiente,,2025-08-16T12:00:00,,,1
HIST25_2713,1479,Factura,SURTIDORA BOTANAS (7 DÍAS),SURTIDORA BOTANAS (7 DÍAS),2025-08-16,619.36,0,619.36,Transferencia,Adquisición de mercancias,Pagado,2025-08-21,5,Pendiente,,2025-08-16T12:00:00,,,1
HIST25_2714,141527,Factura,Abarrotes Inst. (7 días),Abarrotes Inst. (7 días),2025-08-15,690.88,0,690.88,Transferencia,Adquisición de mercancias,Pagado,2025-08-20,5,Pendiente,,2025-08-15T12:00:00,,,1
HIST25_2715,141528,Factura,Abarrotes Inst. (7 días),Abarrotes Inst. (7 días),2025-08-15,690.88,0,690.88,Transferencia,Adquisición de mercancias,Pagado,2025-08-20,5,Pendiente,,2025-08-15T12:00:00,,,1
HIST25_2716,61069,Factura,KEY QUÍMICA (14 DÍAS),KEY QUÍMICA (14 DÍAS),2025-08-16,676.28,0,676.28,Transferencia,Gastos en General,Pagado,2025-08-31,15,Pendiente,,2025-08-16T12:00:00,,,1
HIST25_2717,61068,Factura,KEY QUÍMICA (14 DÍAS),KEY QUÍMICA (14 DÍAS),2025-08-16,278.4,0,278.4,Transferencia,Gastos en General,Pagado,2025-08-31,15,Pendiente,,2025-08-16T12:00:00,,,1
HIST25_2718,4225,Factura,Ma Eugenia Payan / Tortillas (14 días),Ma Eugenia Payan / Tortillas (14 días),2025-08-14,5659.5,0,5659.5,Transferencia,Adquisición de mercancias,Pagado,2025-08-28,14,Pendiente,,2025-08-14T12:00:00,,,1
HIST25_2719,T,Factura,City Club,City Club,2025-08-15,1216.0,0,1216.0,Tarjeta,Adquisición de mercancias,Pagado,,0,No aplíca,,2025-08-15T12:00:00,,,1
HIST25_2720,T,Factura,Sam's Club,Sam's Club,2025-08-13,865.0,0,865.0,Tarjeta,Adquisición de mercancias,Pagado,,0,No aplíca,,2025-08-13T12:00:00,,,1
HIST25_2721,T,Factura,Sam's Club,Sam's Club,2025-08-13,230.0,0,230.0,Tarjeta,Gastos en General,Pagado,,0,No aplíca,,2025-08-13T12:00:00,,,1
HIST25_2722,T,Factura,Sam's Club,Sam's Club,2025-08-14,1390.0,0,1390.0,Tarjeta,Adquisición de mercancias,Pagado,,0,No aplíca,,2025-08-14T12:00:00,,,1
HIST25_2723,0706872,Factura,Alsuper,Alsuper,2025-08-15,149.7,0,149.7,Tarjeta,Adquisición de mercancias,Pagado,,0,No aplíca,,2025-08-15T12:00:00,,,1
HIST25_2724,36588,Factura,SUKARNE,SUKARNE,2025-08-16,4806.5,0,4806.5,Tarjeta,Adquisición de mercancias,Pagado,,0,No aplíca,,2025-08-16T12:00:00,,,1
HIST25_2725,36587,Factura,SUKARNE,SUKARNE,2025-08-16,4921.6,0,4921.6,Tarjeta,Adquisición de mercancias,Pagado,,0,No aplíca,,2025-08-16T12:00:00,,,1
HIST25_2726,516,Factura,Producto especializados y serv para agua,Producto especializados y serv para agua,2025-08-08,352.0,0,352.0,Tarjeta,Gastos en General,Pagado,,0,No aplíca,,2025-08-08T12:00:00,,,1
HIST25_2727,43316,Factura,Papas Santa Fe / Procepap (7 dias),Papas Santa Fe / Procepap (7 dias),2025-08-18,640.0,0,640.0,Transferencia,Adquisición de mercancias,Pagado,2025-08-23,5,Pendiente,,2025-08-18T12:00:00,,,1
HIST25_2728,22579,Factura,Quesos y + Quesos / Armando Villanueva (7 días),Quesos y + Quesos / Armando Villanueva (7 días),2025-08-18,2226.0,0,2226.0,Transferencia,Adquisición de mercancias,Pagado,2025-08-23,5,Pendiente,,2025-08-18T12:00:00,,,1
HIST25_2729,111170,Factura,Colesa (7 días),Colesa (7 días),2025-08-18,885.72,0,885.72,Transferencia,Adquisición de mercancias,Pagado,2025-08-23,5,Pendiente,,2025-08-18T12:00:00,,,1
HIST25_2730,19559,Factura,TARTARAS LUZ ALICIA RODRIGUEZ,TARTARAS LUZ ALICIA RODRIGUEZ,2025-08-18,945.0,0,945.0,Transferencia,Adquisición de mercancias,Pagado,2025-08-23,5,Pendiente,,2025-08-18T12:00:00,,,1
HIST25_2731,141593,Factura,Abarrotes Inst. (7 días),Abarrotes Inst. (7 días),2025-08-18,998.06,0,998.06,Transferencia,Adquisición de mercancias,Pagado,2025-08-23,5,Pendiente,,2025-08-18T12:00:00,,,1
HIST25_2732,38425915,Factura,Bachoco,Bachoco,2025-08-18,17923.21,0,17923.21,Tarjeta,Adquisición de mercancias,Pagado,,0,No aplíca,,2025-08-18T12:00:00,,,1
HIST25_2733,1165,Factura,Leopoldo Lozoya chamberete,Leopoldo Lozoya chamberete,2025-08-16,1237.5,0,1237.5,Tarjeta,Adquisición de mercancias,Pagado,,0,No aplíca,,2025-08-16T12:00:00,,,1
HIST25_2734,352069,Factura,Casa Myers,Casa Myers,2025-08-16,304.58,0,304.58,Tarjeta,Gastos en General,Pagado,,0,No aplíca,,2025-08-16T12:00:00,,,1
HIST25_2735,3070,Factura,APLICACIONES INNOVADORAS 4G SA DE CV,APLICACIONES INNOVADORAS 4G SA DE CV,2025-08-18,2146.0,0,2146.0,Transferencia,Gastos en General,Pagado,2025-08-18,0,Pendiente,,2025-08-18T12:00:00,,,1
HIST25_2736,T,Factura,Sam's Club,Sam's Club,2025-08-16,1438.0,0,1438.0,Tarjeta,Adquisición de mercancias,Pagado,,0,No aplíca,,2025-08-16T12:00:00,,,1
HIST25_2737,T,Factura,Expendio de carne de puerco,Expendio de carne de puerco,2025-08-18,823.0,0,823.0,Tarjeta,Adquisición de mercancias,Pagado,,0,No aplíca,,2025-08-18T12:00:00,,,1
HIST25_2738,#FACTURA,,IMPUESTOS FEDERALES,IMPUESTOS FEDERALES,2025-08-18,110.0,0,110.0,Transferencia,Gastos en General,Pagado,2025-08-18,0,Pendiente,,2025-08-18T12:00:00,,,1
HIST25_2739,#FACTURA,,IMPUESTOS FEDERALES,IMPUESTOS FEDERALES,2025-08-18,23276.0,0,23276.0,Transferencia,Gastos en General,Pagado,2025-08-18,0,Pendiente,,2025-08-18T12:00:00,,,1
HIST25_2740,74643,Factura,DIPACSA (7 días),DIPACSA (7 días),2025-08-19,2643.0,0,2643.0,Transferencia,Adquisición de mercancias,Pagado,2025-08-24,5,Pendiente,,2025-08-19T12:00:00,,,1
HIST25_2741,111201,Factura,Colesa (7 días),Colesa (7 días),2025-08-19,1894.95,0,1894.95,Transferencia,Adquisición de mercancias,Pagado,2025-08-24,5,Pendiente,,2025-08-19T12:00:00,,,1
HIST25_2742,0046686,Factura,Alsuper,Alsuper,2025-08-19,50.33,0,50.33,Tarjeta,Adquisición de mercancias,Pagado,,0,No aplíca,,2025-08-19T12:00:00,,,1
HIST25_2743,35266,Factura,Que Pescados!,Que Pescados!,2025-08-19,1350.0,0,1350.0,Tarjeta,Adquisición de mercancias,Pagado,,0,No aplíca,,2025-08-19T12:00:00,,,1
HIST25_2744,96004,Factura,SUKARNE,SUKARNE,2025-08-19,3672.7,0,3672.7,Tarjeta,Adquisición de mercancias,Pagado,,0,No aplíca,,2025-08-19T12:00:00,,,1
HIST25_2745,0709115,Factura,Alsuper,Alsuper,2025-08-19,233.75,0,233.75,Tarjeta,Adquisición de mercancias,Pagado,,0,No aplíca,,2025-08-19T12:00:00,,,1
HIST25_2746,2209604,Factura,Alsuper,Alsuper,2025-08-18,770.79,0,770.79,Tarjeta,Adquisición de mercancias,Pagado,,0,No aplíca,,2025-08-18T12:00:00,,,1
HIST25_2747,36639,Factura,SUKARNE,SUKARNE,2025-08-18,5389.9,0,5389.9,Tarjeta,Adquisición de mercancias,Pagado,,0,No aplíca,,2025-08-18T12:00:00,,,1
HIST25_2748,36547,Factura,SUKARNE,SUKARNE,2025-08-15,6126.8,0,6126.8,Tarjeta,Adquisición de mercancias,Pagado,,0,No aplíca,,2025-08-15T12:00:00,,,1
HIST25_2749,75534,Factura,ADOSA,ADOSA,2025-08-19,160.5,0,160.5,Tarjeta,Gastos en General,Pagado,,0,No aplíca,,2025-08-19T12:00:00,,,1
HIST25_2750,42693,Remisión,"AGYDSA ""Aceite"" (7 días)","AGYDSA ""Aceite"" (7 días)",2025-08-19,1400.0,0,1400.0,Transferencia,Gastos en General,Pagado,2025-08-24,5,Pendiente,,2025-08-19T12:00:00,,,1
HIST25_2751,#FACTURA,,NOMINA,NOMINA,2025-08-09,2545.0,0,2545.0,Cheque,Gastos en General,Pagado,,0,No aplíca,,2025-08-09T12:00:00,,,1
HIST25_2752,#FACTURA,,NOMINA,NOMINA,2025-08-15,3443.0,0,3443.0,Cheque,Gastos en General,Pagado,,0,No aplíca,,2025-08-15T12:00:00,,,1
HIST25_2753,#632540,Factura,STEREN,STEREN,2025-08-19,239.01,0,239.01,Tarjeta,Gastos en General,Pagado,,0,No aplíca,,2025-08-19T12:00:00,,,1
HIST25_2754,#Factura,Factura,STEREN,STEREN,2025-08-20,30.04,0,30.04,Tarjeta,Gastos en General,Pagado,,0,No aplíca,,2025-08-20T12:00:00,,,1
HIST25_2755,632565,Factura,STEREN,STEREN,2025-08-20,69.0,0,69.0,Tarjeta,Gastos en General,Pagado,,0,No aplíca,,2025-08-20T12:00:00,,,1
HIST25_2756,#FACTURA,Factura,Alsuper,Alsuper,2025-08-20,558.23,0,558.23,Tarjeta,Adquisición de mercancias,Pagado,,0,No aplíca,,2025-08-20T12:00:00,,,1
HIST25_2757,#27222,Factura,MACOPISA  (Centro de servicios),MACOPISA  (Centro de servicios),2025-08-20,781.93,0,781.93,Tarjeta,Gastos en General,Pagado,,0,No aplíca,,2025-08-20T12:00:00,,,1
HIST25_2758,38444344,Factura,Bachoco,Bachoco,2025-08-20,16712.13,0,16712.13,Tarjeta,Adquisición de mercancias,Pagado,,0,No aplíca,,2025-08-20T12:00:00,,,1
HIST25_2759,0005299,Factura,AB Pollo,AB Pollo,2025-08-20,1114.8,0,1114.8,Tarjeta,Adquisición de mercancias,Pagado,,0,No aplíca,,2025-08-20T12:00:00,,,1
HIST25_2760,5255,Remisión,La Cosecha / Guadalupe Caro S. (14 días),La Cosecha / Guadalupe Caro S. (14 días),2025-08-20,1600.0,0,1600.0,Transferencia,Adquisición de mercancias,Pagado,2025-09-03,14,Pendiente,,2025-08-20T12:00:00,,,1
HIST25_2761,633,Factura,Dumbo / Diana Silva Ponce (12 días),Dumbo / Diana Silva Ponce (12 días),2025-08-20,625.0,0,625.0,Transferencia,Adquisición de mercancias,Pagado,2025-08-25,5,Pendiente,,2025-08-20T12:00:00,,,1
HIST25_2762,3377,Factura,Paser / Araceli V. Padilla (14 dias),Paser / Araceli V. Padilla (14 dias),2025-08-20,875.0,0,875.0,Transferencia,Adquisición de mercancias,Pagado,2025-09-03,14,Pendiente,,2025-08-20T12:00:00,,,1
HIST25_2763,70612,Factura,PROMAR DEL NORTE (14 DÍAS),PROMAR DEL NORTE (14 DÍAS),2025-08-20,3019.1,0,3019.1,Transferencia,Adquisición de mercancias,Pagado,2025-09-03,14,Pendiente,,2025-08-20T12:00:00,,,1
HIST25_2764,111229,Factura,Colesa (7 días),Colesa (7 días),2025-08-20,411.5,0,411.5,Transferencia,Adquisición de mercancias,Pagado,2025-08-25,5,Pendiente,,2025-08-20T12:00:00,,,1
HIST25_2765,1504,Factura,SURTIDORA BOTANAS (7 DÍAS),SURTIDORA BOTANAS (7 DÍAS),2025-08-20,367.5,0,367.5,Transferencia,Adquisición de mercancias,Pagado,2025-08-25,5,Pendiente,,2025-08-20T12:00:00,,,1
HIST25_2766,280479,Factura,MEDFRUT (7 DÍAS),MEDFRUT (7 DÍAS),2025-08-20,870.0,0,870.0,Transferencia,Adquisición de mercancias,Pagado,2025-08-25,5,Pendiente,,2025-08-20T12:00:00,,,1
HIST25_2767,36702,Factura,SUKARNE,SUKARNE,2025-08-20,535.3,0,535.3,Tarjeta,Adquisición de mercancias,Pagado,,0,No aplíca,,2025-08-20T12:00:00,,,1
HIST25_2768,96024,Factura,SUKARNE,SUKARNE,2025-08-20,5274.9,0,5274.9,Tarjeta,Adquisición de mercancias,Pagado,,0,No aplíca,,2025-08-20T12:00:00,,,1
HIST25_2769,T,Factura,City Club,City Club,2025-08-18,444.0,0,444.0,Tarjeta,Adquisición de mercancias,Pagado,,0,No aplíca,,2025-08-18T12:00:00,,,1
HIST25_2770,30560,Factura,Colesa (7 días),Colesa (7 días),2025-08-21,688.76,0,688.76,Transferencia,Adquisición de mercancias,Pagado,2025-08-26,5,Pendiente,,2025-08-21T12:00:00,,,1
HIST25_2771,74706,Factura,DIPACSA (7 días),DIPACSA (7 días),2025-08-21,2004.0,0,2004.0,Transferencia,Adquisición de mercancias,Pagado,2025-08-26,5,Pendiente,,2025-08-21T12:00:00,,,1
HIST25_2772,1174,Factura,Leopoldo Lozoya chamberete,Leopoldo Lozoya chamberete,2025-08-20,1198.5,0,1198.5,Tarjeta,Adquisición de mercancias,Pagado,,0,No aplíca,,2025-08-20T12:00:00,,,1
HIST25_2773,T,Factura,Sam's Club,Sam's Club,2025-08-18,230.0,0,230.0,Tarjeta,Gastos en General,Pagado,,0,No aplíca,,2025-08-18T12:00:00,,,1
HIST25_2774,T,Factura,City Club,City Club,2025-08-19,1034.0,0,1034.0,Tarjeta,Adquisición de mercancias,Pagado,,0,No aplíca,,2025-08-19T12:00:00,,,1
HIST25_2775,T,Factura,Sam's Club,Sam's Club,2025-08-18,635.0,0,635.0,Tarjeta,Adquisición de mercancias,Pagado,,0,No aplíca,,2025-08-18T12:00:00,,,1
HIST25_2776,T,Factura,City Club,City Club,2025-08-18,444.0,0,444.0,Tarjeta,Adquisición de mercancias,Pagado,,0,No aplíca,,2025-08-18T12:00:00,,,1
HIST25_2777,0679,Remisión,NARANJA Y LIMÓN (7 DÍAS),NARANJA Y LIMÓN (7 DÍAS),2025-08-21,1455.0,0,1455.0,Transferencia,Adquisición de mercancias,Pagado,2025-08-26,5,Pendiente,,2025-08-21T12:00:00,,,1
HIST25_2778,58884,Factura,EMPAQUES Y ENVASES/JOSE LUIS MORALES GARCIA (7 días),EMPAQUES Y ENVASES/JOSE LUIS MORALES GARCIA (7 días),2025-08-21,243.99,0,243.99,Transferencia,Gastos en General,Pagado,2025-08-26,5,Pendiente,,2025-08-21T12:00:00,,,1
HIST25_2779,58829,Factura,EMPAQUES Y ENVASES/JOSE LUIS MORALES GARCIA (7 días),EMPAQUES Y ENVASES/JOSE LUIS MORALES GARCIA (7 días),2025-08-20,697.0,0,697.0,Transferencia,Gastos en General,Pagado,2025-08-25,5,Pendiente,,2025-08-20T12:00:00,,,1
HIST25_2780,#FACTURA,,NOMINA,NOMINA,2025-08-22,20417.2,0,20417.2,Transferencia,Gastos en General,Pagado,,0,Pendiente,,2025-08-22T12:00:00,,,1
HIST25_2781,#FACTURA,,PENSION ALIMENTICIA,PENSION ALIMENTICIA,2025-08-22,866.12,0,866.12,Transferencia,Gastos en General,Pagado,,0,Pendiente,,2025-08-22T12:00:00,,,1
HIST25_2782,#FACTURA,,SODEXO,SODEXO,,2587.0,0,2587.0,Transferencia,Gastos en General,Pagado,,0,Pendiente,,,,,1
HIST25_2783,#FACTURA,,ECOGAS MEXICO,ECOGAS MEXICO,2025-08-22,6377.0,0,6377.0,Transferencia,Gastos en General,Pagado,,0,Pendiente,,2025-08-22T12:00:00,,,1
HIST25_2784,70643,Factura,PROMAR DEL NORTE (14 DÍAS),PROMAR DEL NORTE (14 DÍAS),2025-08-22,2156.5,0,2156.5,Transferencia,Adquisición de mercancias,Pagado,2025-09-05,14,Pendiente,,2025-08-22T12:00:00,,,1
HIST25_2785,141755,Factura,Abarrotes Inst. (7 días),Abarrotes Inst. (7 días),2025-08-22,1458.06,0,1458.06,Transferencia,Adquisición de mercancias,Pagado,2025-08-27,5,Pendiente,,2025-08-22T12:00:00,,,1
HIST25_2786,22651,Factura,Quesos y + Quesos / Armando Villanueva (7 días),Quesos y + Quesos / Armando Villanueva (7 días),2025-08-22,2557.25,0,2557.25,Transferencia,Adquisición de mercancias,Pagado,2025-08-27,5,Pendiente,,2025-08-22T12:00:00,,,1
HIST25_2787,3385,Factura,Paser / Araceli V. Padilla (14 dias),Paser / Araceli V. Padilla (14 dias),2025-08-22,875.0,0,875.0,Transferencia,Adquisición de mercancias,Pagado,2025-09-05,14,Pendiente,,2025-08-22T12:00:00,,,1
HIST25_2788,74733,Factura,DIPACSA (7 días),DIPACSA (7 días),2025-08-22,1808.0,0,1808.0,Transferencia,Adquisición de mercancias,Pagado,2025-08-27,5,Pendiente,,2025-08-22T12:00:00,,,1
HIST25_2789,38461536,Factura,Bachoco,Bachoco,2025-08-22,17743.4,0,17743.4,Tarjeta,Adquisición de mercancias,Pagado,,0,No aplíca,,2025-08-22T12:00:00,,,1
HIST25_2790,0002631591,Factura,Costco gas s.a,Costco gas s.a,2025-08-14,881.49,0,881.49,Tarjeta,Gastos en General,Pagado,,0,No aplíca,,2025-08-14T12:00:00,,,1
HIST25_2791,T,Factura,Sam's Club,Sam's Club,2025-08-20,2813.0,0,2813.0,Tarjeta,Adquisición de mercancias,Pagado,,0,No aplíca,,2025-08-20T12:00:00,,,1
HIST25_2792,2839047,Factura,Alsuper,Alsuper,2025-08-22,947.97,0,947.97,Tarjeta,Adquisición de mercancias,Pagado,,0,No aplíca,,2025-08-22T12:00:00,,,1
HIST25_2793,36729,Factura,SUKARNE,SUKARNE,2025-08-21,3738.4,0,3738.4,Tarjeta,Adquisición de mercancias,Pagado,,0,No aplíca,,2025-08-21T12:00:00,,,1
HIST25_2794,96068,Factura,SUKARNE,SUKARNE,2025-08-22,4173.9,0,4173.9,Tarjeta,Adquisición de mercancias,Pagado,,0,No aplíca,,2025-08-22T12:00:00,,,1
HIST25_2795,114532,Factura,Ricasa Limpieza,Ricasa Limpieza,2025-08-22,569.12,0,569.12,Tarjeta,Gastos en General,Pagado,,0,No aplíca,,2025-08-22T12:00:00,,,1
HIST25_2796,0014814,Factura,Alsuper,Alsuper,2025-08-22,139.8,0,139.8,Tarjeta,Adquisición de mercancias,Pagado,,0,No aplíca,,2025-08-22T12:00:00,,,1
HIST25_2797,469510,Factura,Casa Myers,Casa Myers,2025-08-22,413.38,0,413.38,Tarjeta,Gastos en General,Pagado,,0,No aplíca,,2025-08-22T12:00:00,,,1
HIST25_2798,30607,Factura,Colesa (7 días),Colesa (7 días),2025-08-22,504.7,0,504.7,Transferencia,Adquisición de mercancias,Pagado,2025-08-27,5,Pendiente,,2025-08-22T12:00:00,,,1
HIST25_2799,280761,Factura,MEDFRUT (7 DÍAS),MEDFRUT (7 DÍAS),2025-08-23,795.0,0,795.0,Transferencia,Adquisición de mercancias,Pagado,2025-08-28,5,Pendiente,,2025-08-23T12:00:00,,,1
HIST25_2800,119340,Factura,Colesa (7 días),Colesa (7 días),2025-08-23,1363.4,0,1363.4,Transferencia,Adquisición de mercancias,Pagado,2025-08-28,5,Pendiente,,2025-08-23T12:00:00,,,1
HIST25_2801,107481,Factura,Diplas / Hector A Portillo (20 días),Diplas / Hector A Portillo (20 días),2025-08-22,3024.99,0,3024.99,Transferencia,Gastos en General,Pagado,2025-09-11,20,Pendiente,,2025-08-22T12:00:00,,,1
HIST25_2802,T,Factura,Sam's Club,Sam's Club,2025-08-22,2177.0,0,2177.0,Tarjeta,Adquisición de mercancias,Pagado,,0,No aplíca,,2025-08-22T12:00:00,,,1
HIST25_2803,T,Factura,Sam's Club,Sam's Club,2025-08-22,292.0,0,292.0,Tarjeta,Gastos en General,Pagado,,0,No aplíca,,2025-08-22T12:00:00,,,1
HIST25_2804,T,Factura,Costco,Costco,2025-08-22,1104.0,0,1104.0,Tarjeta,Adquisición de mercancias,Pagado,,0,No aplíca,,2025-08-22T12:00:00,,,1
HIST25_2805,T,Factura,City Club,City Club,2025-08-22,111.2,0,111.2,Tarjeta,Gastos en General,Pagado,,0,No aplíca,,2025-08-22T12:00:00,,,1
HIST25_2806,T,Factura,City Club,City Club,2025-08-22,830.0,0,830.0,Tarjeta,Adquisición de mercancias,Pagado,,0,No aplíca,,2025-08-22T12:00:00,,,1
HIST25_2807,52398,Remisión,Súper plastic,Súper plastic,2025-08-21,398.71,0,398.71,Tarjeta,Gastos en General,Pagado,,0,No aplíca,,2025-08-21T12:00:00,,,1
HIST25_2808,2533742,Factura,Gelos Market,Gelos Market,2025-08-20,21.14,0,21.14,Tarjeta,Adquisición de mercancias,Pagado,,0,No aplíca,,2025-08-20T12:00:00,,,1
HIST25_2809,T,Factura,Expendio de carne de puerco,Expendio de carne de puerco,2025-08-20,848.0,0,848.0,Tarjeta,Adquisición de mercancias,Pagado,,0,No aplíca,,2025-08-20T12:00:00,,,1
HIST25_2810,609271,Remisión,Productos Lácteos Los Pinos (7 DÍAS),Productos Lácteos Los Pinos (7 DÍAS),2025-08-21,518.0,0,518.0,Transferencia,Adquisición de mercancias,Pagado,2025-08-26,5,Pendiente,,2025-08-21T12:00:00,,,1
HIST25_2811,51656,Remisión,Ma Eugenia Payan / Tortillas (14 días),Ma Eugenia Payan / Tortillas (14 días),2025-08-23,399.0,0,399.0,Transferencia,Adquisición de mercancias,Pagado,2025-08-28,5,Pendiente,,2025-08-23T12:00:00,,,1
HIST25_2812,38481408,Factura,Bachoco,Bachoco,2025-08-25,15819.58,0,15819.58,Tarjeta,Adquisición de mercancias,Pagado,,0,No aplíca,,2025-08-25T12:00:00,,,1
HIST25_2813,70676,Factura,PROMAR DEL NORTE (14 DÍAS),PROMAR DEL NORTE (14 DÍAS),2025-08-25,2156.5,0,2156.5,Transferencia,Adquisición de mercancias,Pagado,2025-09-08,14,Pendiente,,2025-08-25T12:00:00,,,1
HIST25_2814,74812,Factura,DIPACSA (7 días),DIPACSA (7 días),2025-08-25,1739.0,0,1739.0,Transferencia,Adquisición de mercancias,Pagado,2025-08-30,5,Pendiente,,2025-08-25T12:00:00,,,1
HIST25_2815,3392,Factura,Paser / Araceli V. Padilla (14 dias),Paser / Araceli V. Padilla (14 dias),2025-08-25,875.0,0,875.0,Transferencia,Adquisición de mercancias,Pagado,2025-09-08,14,Pendiente,,2025-08-25T12:00:00,,,1
HIST25_2816,1536,Factura,SURTIDORA BOTANAS (7 DÍAS),SURTIDORA BOTANAS (7 DÍAS),2025-08-25,652.68,0,652.68,Transferencia,Adquisición de mercancias,Pagado,2025-08-30,5,Pendiente,,2025-08-25T12:00:00,,,1
HIST25_2817,42734,Factura,"AGYDSA ""Aceite"" (7 días)","AGYDSA ""Aceite"" (7 días)",2025-08-25,2100.0,0,2100.0,Transferencia,Gastos en General,Pagado,2025-08-30,5,Pendiente,,2025-08-25T12:00:00,,,1
HIST25_2818,024024,Factura,INIX COMERCIAL (20 DÍAS),INIX COMERCIAL (20 DÍAS),2025-08-25,6395.17,0,6395.17,Transferencia,Gastos en General,Pagado,2025-09-14,20,Pendiente,,2025-08-25T12:00:00,,,1
HIST25_2819,0610711,Factura,Alsuper,Alsuper,2025-08-25,138.0,0,138.0,Tarjeta,Adquisición de mercancias,Pagado,,0,No aplíca,,2025-08-25T12:00:00,,,1
HIST25_2820,0118656,Factura,Alsuper,Alsuper,2025-08-25,116.83,0,116.83,Tarjeta,Adquisición de mercancias,Pagado,,0,No aplíca,,2025-08-25T12:00:00,,,1
HIST25_2821,36844,Factura,SUKARNE,SUKARNE,2025-08-25,5127.0,0,5127.0,Tarjeta,Adquisición de mercancias,Pagado,,0,No aplíca,,2025-08-25T12:00:00,,,1
HIST25_2822,96153,Factura,SUKARNE,SUKARNE,2025-08-25,5373.5,0,5373.5,Tarjeta,Adquisición de mercancias,Pagado,,0,No aplíca,,2025-08-25T12:00:00,,,1
HIST25_2823,36730,Factura,SUKARNE,SUKARNE,2025-08-21,4272.5,0,4272.5,Tarjeta,Adquisición de mercancias,Pagado,,0,No aplíca,,2025-08-21T12:00:00,,,1
HIST25_2824,0690,Factura,NARANJA Y LIMÓN (7 DÍAS),NARANJA Y LIMÓN (7 DÍAS),2025-08-26,965.0,0,965.0,Transferencia,Adquisición de mercancias,Pagado,2025-08-31,5,Pendiente,,2025-08-26T12:00:00,,,1
HIST25_2825,119434,Factura,Colesa (7 días),Colesa (7 días),2025-08-26,1786.3,0,1786.3,Transferencia,Adquisición de mercancias,Pagado,2025-08-31,5,Pendiente,,2025-08-26T12:00:00,,,1
HIST25_2826,634,Factura,Dumbo / Diana Silva Ponce (12 días),Dumbo / Diana Silva Ponce (12 días),2025-08-26,770.0,0,770.0,Transferencia,Adquisición de mercancias,Pagado,2025-08-31,5,Pendiente,,2025-08-26T12:00:00,,,1
HIST25_2827,44100,Factura,Papas Santa Fe / Procepap (7 dias),Papas Santa Fe / Procepap (7 dias),2025-08-26,606.6,0,606.6,Transferencia,Adquisición de mercancias,Pagado,2025-08-31,5,Pendiente,,2025-08-26T12:00:00,,,1
HIST25_2828,5313,Remisión,La Cosecha / Guadalupe Caro S. (14 días),La Cosecha / Guadalupe Caro S. (14 días),2025-08-27,1125.0,0,1125.0,Transferencia,Adquisición de mercancias,Pagado,2025-09-11,15,Pendiente,,2025-08-27T12:00:00,,,1
HIST25_2829,4451,Factura,Fumigaciones Aguirre (14 días),Fumigaciones Aguirre (14 días),2025-08-27,1132.74,0,1132.74,Transferencia,Gastos en General,Pendiente,,0,Pendiente,,2025-08-27T12:00:00,,,1
HIST25_2830,281042,Factura,MEDFRUT (7 DÍAS),MEDFRUT (7 DÍAS),2025-08-27,865.8,0,865.8,Transferencia,Adquisición de mercancias,Pagado,2025-09-01,5,Pendiente,,2025-08-27T12:00:00,,,1
HIST25_2831,74871,Factura,DIPACSA (7 días),DIPACSA (7 días),2025-08-27,904.0,0,904.0,Transferencia,Adquisición de mercancias,Pagado,2025-09-01,5,Pendiente,,2025-08-27T12:00:00,,,1
HIST25_2832,119486,Factura,Colesa (7 días),Colesa (7 días),2025-08-27,1673.8,0,1673.8,Transferencia,Adquisición de mercancias,Pagado,2025-09-01,5,Pendiente,,2025-08-27T12:00:00,,,1
HIST25_2833,59010,Factura,EMPAQUES Y ENVASES/JOSE LUIS MORALES GARCIA (7 días),EMPAQUES Y ENVASES/JOSE LUIS MORALES GARCIA (7 días),2025-08-27,751.99,0,751.99,Transferencia,Gastos en General,Pagado,2025-09-01,5,Pendiente,,2025-08-27T12:00:00,,,1
HIST25_2834,70708,Factura,PROMAR DEL NORTE (14 DÍAS),PROMAR DEL NORTE (14 DÍAS),2025-08-27,2156.5,0,2156.5,Transferencia,Adquisición de mercancias,Pagado,2025-09-10,14,Pendiente,,2025-08-27T12:00:00,,,1
HIST25_2835,141911,Factura,Abarrotes Inst. (7 días),Abarrotes Inst. (7 días),2025-08-27,1622.1,0,1622.1,Transferencia,Adquisición de mercancias,Pagado,2025-09-01,5,Pendiente,,2025-08-27T12:00:00,,,1
HIST25_2836,3401,Factura,Paser / Araceli V. Padilla (14 dias),Paser / Araceli V. Padilla (14 dias),2025-08-27,875.0,0,875.0,Transferencia,Adquisición de mercancias,Pagado,2025-09-10,14,Pendiente,,2025-08-27T12:00:00,,,1
HIST25_2837,29816,Factura,SUKARNE,SUKARNE,2025-08-27,5496.7,0,5496.7,Tarjeta,Adquisición de mercancias,Pagado,,0,No aplíca,,2025-08-27T12:00:00,,,1
HIST25_2838,#FACTURA,Factura,Alsuper,Alsuper,2025-08-21,381.31,0,381.31,Tarjeta,Adquisición de mercancias,Pagado,,0,No aplíca,,2025-08-21T12:00:00,,,1
HIST25_2839,#FACTURA,Factura,Alsuper,Alsuper,2025-08-26,139.8,0,139.8,Tarjeta,Adquisición de mercancias,Pagado,,0,No aplíca,,2025-08-26T12:00:00,,,1
HIST25_2840,#FACTURa,Factura,Alsuper,Alsuper,2025-08-27,343.21,0,343.21,Tarjeta,Adquisición de mercancias,Pagado,,0,No aplíca,,2025-08-27T12:00:00,,,1
HIST25_2841,#FACTURA,Factura,SUKARNE,SUKARNE,2025-08-27,5537.8,0,5537.8,Tarjeta,Adquisición de mercancias,Pagado,,0,No aplíca,,2025-08-27T12:00:00,,,1
HIST25_2842,29804,Factura,SUKARNE,SUKARNE,2025-08-26,3738.4,0,3738.4,Tarjeta,Adquisición de mercancias,Pagado,,0,No aplíca,,2025-08-26T12:00:00,,,1
HIST25_2843,29803,Factura,SUKARNE,SUKARNE,2025-08-27,4346.4,0,4346.4,Tarjeta,Adquisición de mercancias,Pagado,,0,No aplíca,,2025-08-27T12:00:00,,,1
HIST25_2844,38498996,Factura,Bachoco,Bachoco,2025-08-27,14442.14,0,14442.14,Tarjeta,Adquisición de mercancias,Pagado,,0,No aplíca,,2025-08-27T12:00:00,,,1
HIST25_2845,4451,Factura,FUMIGACIONES AGUIRRE Y AG,FUMIGACIONES AGUIRRE Y AG,2025-08-26,1132.74,0,1132.74,Transferencia,Gastos en General,Pagado,2025-09-09,14,Pendiente,,2025-08-26T12:00:00,,,1
HIST25_2846,1846,Factura,cesar quintana (bombas),cesar quintana (bombas),2025-08-27,754.0,0,754.0,Transferencia,Gastos en General,Pagado,2025-08-28,1,Pendiente,,2025-08-27T12:00:00,,,1
HIST25_2847,#FACTURA,,NOMINA,NOMINA,2025-08-28,19689.2,0,19689.2,Transferencia,Gastos en General,Pagado,2025-08-28,0,Pendiente,,2025-08-28T12:00:00,,,1
HIST25_2848,27/08/25,Factura,La Espiga Dorada  / JUAN MANUEL CASTRO (7 días),La Espiga Dorada  / JUAN MANUEL CASTRO (7 días),2025-08-27,1100.0,0,1100.0,Transferencia,Adquisición de mercancias,Pagado,2025-09-01,5,Pendiente,,2025-08-27T12:00:00,,,1
HIST25_2849,#FACTURA,,SODEXO,SODEXO,2025-08-28,2457.27,0,2457.27,Transferencia,Gastos en General,Pagado,2025-08-28,0,Pendiente,,2025-08-28T12:00:00,,,1
HIST25_2850,,,PENSION ALIMENTICIA,PENSION ALIMENTICIA,2025-08-28,866.12,0,866.12,Transferencia,Gastos en General,Pagado,2025-08-28,0,Pendiente,,2025-08-28T12:00:00,,,1
HIST25_2851,111287,Factura,Colesa (7 días),Colesa (7 días),2025-08-28,915.45,0,915.45,Transferencia,Adquisición de mercancias,Pagado,2025-09-02,5,Pendiente,,2025-08-28T12:00:00,,,1
HIST25_2852,708886,Factura,Casa Reza (7 días),Casa Reza (7 días),2025-08-27,3880.0,0,3880.0,Transferencia,Adquisición de mercancias,Pagado,2025-09-01,5,Pendiente,,2025-08-27T12:00:00,,,1
HIST25_2853,22725,Factura,Quesos y + Quesos / Armando Villanueva (7 días),Quesos y + Quesos / Armando Villanueva (7 días),2025-08-28,1507.5,0,1507.5,Transferencia,Adquisición de mercancias,Pagado,2025-09-02,5,Pendiente,,2025-08-28T12:00:00,,,1
HIST25_2854,96245,Factura,SUKARNE,SUKARNE,2025-08-28,4523.8,0,4523.8,Tarjeta,Adquisición de mercancias,Pagado,,0,No aplíca,,2025-08-28T12:00:00,,,1
HIST25_2855,T,Factura,Farmacia del Ahorro,Farmacia del Ahorro,2025-08-28,99.0,0,99.0,Tarjeta,Gastos en General,Pagado,,0,No aplíca,,2025-08-28T12:00:00,,,1
HIST25_2856,102114,Factura,Sazonico / especies MOY,Sazonico / especies MOY,2025-08-25,1011.43,0,1011.43,Tarjeta,Adquisición de mercancias,Pagado,,0,No aplíca,,2025-08-25T12:00:00,,,1
HIST25_2857,T,Factura,Sam's Club,Sam's Club,2025-08-25,1331.0,0,1331.0,Tarjeta,Adquisición de mercancias,Pagado,,0,No aplíca,,2025-08-25T12:00:00,,,1
HIST25_2858,T,Factura,Costco gas s.a,Costco gas s.a,2025-08-23,2638.9,0,2638.9,Tarjeta,Gastos en General,Pagado,,0,No aplíca,,2025-08-23T12:00:00,,,1
HIST25_2859,T,Factura,Costco gas s.a,Costco gas s.a,2025-08-23,904.7,0,904.7,Tarjeta,Gastos en General,Pagado,,0,No aplíca,,2025-08-23T12:00:00,,,1
HIST25_2860,T,Factura,Sam's Club,Sam's Club,2025-08-27,2728.0,0,2728.0,Tarjeta,Adquisición de mercancias,Pagado,,0,No aplíca,,2025-08-27T12:00:00,,,1
HIST25_2861,T,Factura,Sam's Club,Sam's Club,2025-08-27,417.99,0,417.99,Tarjeta,Gastos en General,Pagado,,0,No aplíca,,2025-08-27T12:00:00,,,1
HIST25_2862,1182,Factura,Leopoldo Lozoya chamberete,Leopoldo Lozoya chamberete,2025-08-25,1200.0,0,1200.0,Tarjeta,Adquisición de mercancias,Pagado,,0,No aplíca,,2025-08-25T12:00:00,,,1
HIST25_2863,4226,Factura,Ma Eugenia Payan / Tortillas (14 días),Ma Eugenia Payan / Tortillas (14 días),2025-08-28,5554.5,0,5554.5,Transferencia,Adquisición de mercancias,Pagado,2025-09-11,14,Pendiente,,2025-08-28T12:00:00,,,1
HIST25_2864,1566,Factura,SURTIDORA BOTANAS (7 DÍAS),SURTIDORA BOTANAS (7 DÍAS),2025-08-28,630.14,0,630.14,Transferencia,Adquisición de mercancias,Pagado,2025-09-02,5,Pendiente,,2025-08-28T12:00:00,,,1
HIST25_2865,ABONO 4 DE 4,Factura,Radio Refrigeración Juarez,Radio Refrigeración Juarez,2025-08-29,7629.12,0,7629.12,Transferencia,Gastos en General,Pagado,2025-08-29,0,Pendiente,,2025-08-29T12:00:00,,,1
HIST25_2866,38516639,Factura,Bachoco,Bachoco,2025-08-29,17463.77,0,17463.77,Tarjeta,Adquisición de mercancias,Pagado,,0,No aplíca,,2025-08-29T12:00:00,,,1
HIST25_2867,0006002,Factura,AB Pollo,AB Pollo,2025-08-29,1114.8,0,1114.8,Tarjeta,Adquisición de mercancias,Pagado,,0,No aplíca,,2025-08-29T12:00:00,,,1
HIST25_2868,4607,Factura,Electro Vim,Electro Vim,2025-08-28,858.4,0,858.4,Tarjeta,Gastos en General,Pagado,,0,No aplíca,,2025-08-28T12:00:00,,,1
HIST25_2869,352824,Factura,Casa Myers,Casa Myers,2025-08-29,908.51,0,908.51,Tarjeta,Gastos en General,Pagado,,0,No aplíca,,2025-08-29T12:00:00,,,1
HIST25_2870,3419,Factura,Paser / Araceli V. Padilla (14 dias),Paser / Araceli V. Padilla (14 dias),2025-08-29,875.0,0,875.0,Transferencia,Adquisición de mercancias,Pagado,2025-09-13,15,Pendiente,,2025-08-29T12:00:00,,,1
HIST25_2871,49021,Factura,TORREY / IRMA OLIVIA,TORREY / IRMA OLIVIA,2025-08-29,1170.0,0,1170.0,Tarjeta,Gastos en General,Pagado,,0,No aplíca,,2025-08-29T12:00:00,,,1
HIST25_2872,#FACTURA,Factura,JUNTA MUNICIPAL DE AGUA (JMAS),JUNTA MUNICIPAL DE AGUA (JMAS),2025-08-29,2957.0,0,2957.0,Transferencia,Gastos en General,Pagado,2025-09-06,8,Pendiente,,2025-08-29T12:00:00,,,1
HIST25_2873,59066,Factura,EMPAQUES Y ENVASES/JOSE LUIS MORALES GARCIA (7 días),EMPAQUES Y ENVASES/JOSE LUIS MORALES GARCIA (7 días),2025-08-29,1083.2,0,1083.2,Transferencia,Gastos en General,Pagado,2025-09-03,5,Pendiente,,2025-08-29T12:00:00,,,1
HIST25_2874,024093,Factura,INIX COMERCIAL (20 DÍAS),INIX COMERCIAL (20 DÍAS),2025-08-29,5031.76,0,5031.76,Transferencia,Gastos en General,Pagado,2025-09-18,20,Pendiente,,2025-08-29T12:00:00,,,1
HIST25_2875,74943,Factura,DIPACSA (7 días),DIPACSA (7 días),2025-08-29,904.0,0,904.0,Transferencia,Adquisición de mercancias,Pagado,2025-09-03,5,Pendiente,,2025-08-29T12:00:00,,,1
HIST25_2876,0543260,Factura,Alsuper,Alsuper,2025-08-29,585.52,0,585.52,Tarjeta,Adquisición de mercancias,Pagado,,0,No aplíca,,2025-08-29T12:00:00,,,1
HIST25_2877,96279,Factura,SUKARNE,SUKARNE,2025-08-29,4231.4,0,4231.4,Tarjeta,Adquisición de mercancias,Pagado,,0,No aplíca,,2025-08-29T12:00:00,,,1
HIST25_2878,#0695,Remisión,NARANJA Y LIMÓN (7 DÍAS),NARANJA Y LIMÓN (7 DÍAS),2025-08-30,1095.0,0,1095.0,Transferencia,Adquisición de mercancias,Pagado,2025-09-04,5,Pendiente,,2025-08-30T12:00:00,,,1
HIST25_2879,639,Factura,Dumbo / Diana Silva Ponce (12 días),Dumbo / Diana Silva Ponce (12 días),2025-08-30,770.0,0,770.0,Transferencia,Adquisición de mercancias,Pagado,2025-09-04,5,Pendiente,,2025-08-30T12:00:00,,,1
HIST25_2880,119711,Factura,Colesa (7 días),Colesa (7 días),2025-08-30,1977.26,0,1977.26,Transferencia,Adquisición de mercancias,Pagado,2025-09-04,5,Pendiente,,2025-08-30T12:00:00,,,1
HIST25_2881,#FACTURA,Factura,Alsuper,Alsuper,2025-08-30,121.77,0,121.77,Tarjeta,Adquisición de mercancias,Pagado,,0,No aplíca,,2025-08-30T12:00:00,,,1
HIST25_2882,#FACTURA,Factura,SUKARNE,SUKARNE,2025-08-30,5537.87,0,5537.87,Tarjeta,Adquisición de mercancias,Pagado,,0,No aplíca,,2025-08-30T12:00:00,,,1
HIST25_2883,#FACTURA,Factura,SUKARNE,SUKARNE,2025-08-30,5578.96,0,5578.96,Tarjeta,Adquisición de mercancias,Pagado,,0,No aplíca,,2025-08-30T12:00:00,,,1
HIST25_2884,38535300,Factura,Bachoco,Bachoco,2025-09-02,16923.93,0,16923.93,Tarjeta,Adquisición de mercancias,Pagado,,0,No aplíca,,2025-09-02T12:00:00,,,1
HIST25_2885,119875,Factura,Colesa (7 días),Colesa (7 días),2025-09-02,1599.0,0,1599.0,Transferencia,Adquisición de mercancias,Pagado,2025-09-07,5,Pendiente,,2025-09-02T12:00:00,,,1
HIST25_2886,1184,Factura,Leopoldo Lozoya chamberete,Leopoldo Lozoya chamberete,2025-08-28,1207.5,0,1207.5,Tarjeta,Adquisición de mercancias,Pagado,,0,No aplíca,,2025-08-28T12:00:00,,,1
HIST25_2887,16270,Factura,Especias Naturales del Norte,Especias Naturales del Norte,2025-09-01,950.0,0,950.0,Tarjeta,Adquisición de mercancias,Pagado,,0,No aplíca,,2025-09-01T12:00:00,,,1
HIST25_2888,141978,Factura,Abarrotes Inst. (7 días),Abarrotes Inst. (7 días),2025-08-29,874.33,0,874.33,Transferencia,Adquisición de mercancias,Pagado,2025-09-03,5,Pendiente,,2025-08-29T12:00:00,,,1
HIST25_2889,3434,Factura,Paser / Araceli V. Padilla (14 dias),Paser / Araceli V. Padilla (14 dias),2025-09-02,875.0,0,875.0,Transferencia,Adquisición de mercancias,Pagado,2025-09-16,14,Pendiente,,2025-09-02T12:00:00,,,1
HIST25_2890,22798,Factura,Quesos y + Quesos / Armando Villanueva (7 días),Quesos y + Quesos / Armando Villanueva (7 días),2025-09-02,2358.5,0,2358.5,Transferencia,Adquisición de mercancias,Pagado,2025-09-07,5,Pendiente,,2025-09-02T12:00:00,,,1
HIST25_2891,42796,Remisión,"AGYDSA ""Aceite"" (7 días)","AGYDSA ""Aceite"" (7 días)",2025-09-02,2100.0,0,2100.0,Transferencia,Adquisición de mercancias,Pagado,2025-09-07,5,Pendiente,,2025-09-02T12:00:00,,,1
HIST25_2892,75036,Factura,DIPACSA (7 días),DIPACSA (7 días),2025-09-01,2578.0,0,2578.0,Transferencia,Adquisición de mercancias,Pagado,2025-09-06,5,Pendiente,,2025-09-01T12:00:00,,,1
HIST25_2893,281627,Factura,MEDFRUT (7 DÍAS),MEDFRUT (7 DÍAS),2025-09-02,162.1,0,162.1,Transferencia,Adquisición de mercancias,Pagado,2025-09-07,5,Pendiente,,2025-09-02T12:00:00,,,1
HIST25_2894,142055,Factura,Abarrotes Inst. (7 días),Abarrotes Inst. (7 días),2025-09-01,2285.45,0,2285.45,Transferencia,Adquisición de mercancias,Pagado,2025-09-06,5,Pendiente,,2025-09-01T12:00:00,,,1
HIST25_2895,70778,Factura,PROMAR DEL NORTE (14 DÍAS),PROMAR DEL NORTE (14 DÍAS),2025-09-01,3019.1,0,3019.1,Transferencia,Adquisición de mercancias,Pagado,2025-09-15,14,Pendiente,,2025-09-01T12:00:00,,,1
HIST25_2896,119772,Factura,Colesa (7 días),Colesa (7 días),2025-09-01,150.1,0,150.1,Transferencia,Adquisición de mercancias,Pagado,2025-09-06,5,Pendiente,,2025-09-01T12:00:00,,,1
HIST25_2897,3428,Factura,Paser / Araceli V. Padilla (14 dias),Paser / Araceli V. Padilla (14 dias),2025-09-01,875.0,0,875.0,Transferencia,Adquisición de mercancias,Pagado,2025-09-15,14,Pendiente,,2025-09-01T12:00:00,,,1
HIST25_2898,75004,Factura,DIPACSA (7 días),DIPACSA (7 días),2025-09-01,904.0,0,904.0,Transferencia,Adquisición de mercancias,Pagado,2025-09-06,5,Pendiente,,2025-09-01T12:00:00,,,1
HIST25_2899,96244,Factura,SUKARNE,SUKARNE,2025-08-28,3861.7,0,3861.7,Tarjeta,Adquisición de mercancias,Pagado,,0,No aplíca,,2025-08-28T12:00:00,,,1
HIST25_2900,96399,Factura,SUKARNE,SUKARNE,2025-09-02,4158.3,0,4158.3,Tarjeta,Adquisición de mercancias,Pagado,,0,No aplíca,,2025-09-02T12:00:00,,,1
HIST25_2901,37034,Factura,SUKARNE,SUKARNE,2025-09-02,5183.5,0,5183.5,Tarjeta,Adquisición de mercancias,Pagado,,0,No aplíca,,2025-09-02T12:00:00,,,1
HIST25_2902,96378,Factura,SUKARNE,SUKARNE,2025-09-01,4321.8,0,4321.8,Tarjeta,Adquisición de mercancias,Pagado,,0,No aplíca,,2025-09-01T12:00:00,,,1
HIST25_2903,3171,Factura,JEANETTE REZA AGUIRRE,JEANETTE REZA AGUIRRE,2025-09-01,19836.0,0,19836.0,Transferencia,Gastos en General,Pagado,2025-09-03,2,Pendiente,,2025-09-01T12:00:00,,,1
HIST25_2904,3166,Factura,JEANETTE REZA AGUIRRE,JEANETTE REZA AGUIRRE,2025-09-03,8004.0,0,8004.0,Transferencia,Gastos en General,Pagado,2025-09-03,0,Pendiente,,2025-09-03T12:00:00,,,1
HIST25_2905,#FACTURA,,TARJETA DE CREDITO LUIS ELIZONDO CARDENAS,TARJETA DE CREDITO LUIS ELIZONDO CARDENAS,2025-09-03,27945.05,0,27945.05,Transferencia,Gastos en General,Pagado,2025-09-03,0,Pendiente,,2025-09-03T12:00:00,,,1
HIST25_2906,5364,Remisión,La Cosecha / Guadalupe Caro S. (14 días),La Cosecha / Guadalupe Caro S. (14 días),2025-09-03,1500.0,0,1500.0,Transferencia,Adquisición de mercancias,Pagado,2025-09-19,16,Pendiente,,2025-09-03T12:00:00,,,1
HIST25_2907,0700,Remisión,NARANJA Y LIMÓN (7 DÍAS),NARANJA Y LIMÓN (7 DÍAS),2025-09-03,1030.0,0,1030.0,Transferencia,Adquisición de mercancias,Pagado,2025-09-08,5,Pendiente,,2025-09-03T12:00:00,,,1
HIST25_2908,119946,Factura,Colesa (7 días),Colesa (7 días),2025-09-03,2274.64,0,2274.64,Transferencia,Adquisición de mercancias,Pagado,2025-09-08,5,Pendiente,,2025-09-03T12:00:00,,,1
HIST25_2909,59182,Factura,EMPAQUES Y ENVASES/JOSE LUIS MORALES GARCIA (7 días),EMPAQUES Y ENVASES/JOSE LUIS MORALES GARCIA (7 días),2025-09-03,799.99,0,799.99,Transferencia,Gastos en General,Pagado,2025-09-08,5,Pendiente,,2025-09-03T12:00:00,,,1
HIST25_2910,44513,Factura,Papas Santa Fe / Procepap (7 dias),Papas Santa Fe / Procepap (7 dias),2025-09-03,680.0,0,680.0,Transferencia,Adquisición de mercancias,Pagado,2025-09-08,5,Pendiente,,2025-09-03T12:00:00,,,1
HIST25_2911,429,Factura,Chiltepin / Jorge Cruz Ramos Juarez,Chiltepin / Jorge Cruz Ramos Juarez,2025-09-03,324.0,0,324.0,Transferencia,Adquisición de mercancias,Pagado,2025-09-07,4,Pendiente,,2025-09-03T12:00:00,,,1
HIST25_2912,41,Factura,Carmen Ortega P. / Salsa Macha Pepis (14 días),Carmen Ortega P. / Salsa Macha Pepis (14 días),2025-09-03,1440.0,0,1440.0,Transferencia,Adquisición de mercancias,Pagado,2025-09-16,13,Pendiente,,2025-09-03T12:00:00,,,1
HIST25_2913,#FACTURA,Factura,Alsuper,Alsuper,2025-09-03,893.77,0,893.77,Tarjeta,Adquisición de mercancias,Pagado,,0,No aplíca,,2025-09-03T12:00:00,,,1
HIST25_2914,#FACTURA,Factura,Alsuper,Alsuper,2025-09-03,189.32,0,189.32,Tarjeta,Adquisición de mercancias,Pagado,,0,No aplíca,,2025-09-03T12:00:00,,,1
HIST25_2915,#FACTURA,Factura,Alsuper,Alsuper,2025-09-03,49.36,0,49.36,Tarjeta,Adquisición de mercancias,Pagado,,0,No aplíca,,2025-09-03T12:00:00,,,1
HIST25_2916,#FACTURA,Factura,SUKARNE,SUKARNE,2025-09-03,5456.3,0,5456.3,Tarjeta,Adquisición de mercancias,Pagado,,0,No aplíca,,2025-09-03T12:00:00,,,1
HIST25_2917,353200,Factura,Casa Myers,Casa Myers,2025-09-03,52.33,0,52.33,Tarjeta,Gastos en General,Pagado,,0,No aplíca,,2025-09-03T12:00:00,,,1
HIST25_2918,29898,Factura,SUKARNE,SUKARNE,2025-09-03,5621.6,0,5621.6,Tarjeta,Adquisición de mercancias,Pagado,,0,No aplíca,,2025-09-03T12:00:00,,,1
HIST25_2919,#FACTURA,Factura,Sam's Club,Sam's Club,2025-08-28,792.0,0,792.0,Tarjeta,Adquisición de mercancias,Pagado,,0,No aplíca,,2025-08-28T12:00:00,,,1
HIST25_2920,#FACTURA,Factura,Sam's Club,Sam's Club,2025-09-01,1150.0,0,1150.0,Tarjeta,Adquisición de mercancias,Pagado,,0,No aplíca,,2025-09-01T12:00:00,,,1
HIST25_2921,#FACTURA,Factura,Sam's Club,Sam's Club,2025-09-03,240.0,0,240.0,Tarjeta,Gastos en General,Pagado,,0,No aplíca,,2025-09-03T12:00:00,,,1
HIST25_2922,#FACTURA,Factura,Sam's Club,Sam's Club,2025-09-03,1200.0,0,1200.0,Tarjeta,Adquisición de mercancias,Pagado,,0,No aplíca,,2025-09-03T12:00:00,,,1
HIST25_2923,#FACTURA,Factura,Costco,Costco,2025-09-03,398.0,0,398.0,Tarjeta,Adquisición de mercancias,Pagado,,0,No aplíca,,2025-09-03T12:00:00,,,1
HIST25_2924,#FACTURA,Factura,Que Pescados!,Que Pescados!,2025-09-03,1350.0,0,1350.0,Tarjeta,Adquisición de mercancias,Pagado,,0,No aplíca,,2025-09-03T12:00:00,,,1
HIST25_2925,#FACTURA,Factura,Sam's Club,Sam's Club,2025-08-29,1252.0,0,1252.0,Tarjeta,Adquisición de mercancias,Pagado,,0,No aplíca,,2025-08-29T12:00:00,,,1
HIST25_2926,#FACTURA,Factura,City Club,City Club,2025-08-29,168.0,0,168.0,Tarjeta,Gastos en General,Pagado,,0,No aplíca,,2025-08-29T12:00:00,,,1
HIST25_2927,#FACTURA,Factura,Costco,Costco,2025-08-28,1215.0,0,1215.0,Tarjeta,Adquisición de mercancias,Pagado,,0,No aplíca,,2025-08-28T12:00:00,,,1
HIST25_2928,#FACTURA,Factura,City Club,City Club,2025-08-29,978.0,0,978.0,Tarjeta,Adquisición de mercancias,Pagado,,0,No aplíca,,2025-08-29T12:00:00,,,1
HIST25_2929,608165,Remisión,Productos Lácteos Los Pinos (7 DÍAS),Productos Lácteos Los Pinos (7 DÍAS),2025-09-04,518.0,0,518.0,Transferencia,Adquisición de mercancias,Pagado,2025-09-09,5,Pendiente,,2025-09-04T12:00:00,,,1
HIST25_2930,52002,Factura,Centro Tablaroquero,Centro Tablaroquero,2025-09-04,1146.0,0,1146.0,Tarjeta,Gastos en General,Pagado,,0,No aplíca,,2025-09-04T12:00:00,,,1
HIST25_2931,96466,Factura,SUKARNE,SUKARNE,2025-09-04,4376.8,0,4376.8,Tarjeta,Adquisición de mercancias,Pagado,,0,No aplíca,,2025-09-04T12:00:00,,,1
HIST25_2932,38553487,Factura,Bachoco,Bachoco,2025-09-03,17555.36,0,17555.36,Tarjeta,Adquisición de mercancias,Pagado,,0,No aplíca,,2025-09-03T12:00:00,,,1
HIST25_2933,37101,Factura,SUKARNE,SUKARNE,2025-09-04,5339.2,0,5339.2,Tarjeta,Adquisición de mercancias,Pagado,,0,No aplíca,,2025-09-04T12:00:00,,,1
HIST25_2934,111339,Factura,Colesa (7 días),Colesa (7 días),2025-09-04,299.3,0,299.3,Transferencia,Adquisición de mercancias,Pagado,2025-09-09,5,Pendiente,,2025-09-04T12:00:00,,,1
HIST25_2935,03/09/25,Factura,La Espiga Dorada  / JUAN MANUEL CASTRO (7 días),La Espiga Dorada  / JUAN MANUEL CASTRO (7 días),2025-09-03,880.0,0,880.0,Transferencia,Adquisición de mercancias,Pagado,2025-09-08,5,Pendiente,,2025-09-03T12:00:00,,,1
HIST25_2936,70832,Factura,PROMAR DEL NORTE (14 DÍAS),PROMAR DEL NORTE (14 DÍAS),2025-09-04,3019.1,0,3019.1,Transferencia,Adquisición de mercancias,Pagado,2025-09-18,14,Pendiente,,2025-09-04T12:00:00,,,1
HIST25_2937,4227,Factura,Ma Eugenia Payan / Tortillas (14 días),Ma Eugenia Payan / Tortillas (14 días),2025-09-03,2761.5,0,2761.5,Transferencia,Adquisición de mercancias,Pagado,2025-09-17,14,Pendiente,,2025-09-03T12:00:00,,,1
HIST25_2938,49079,Factura,TORREY / IRMA OLIVIA,TORREY / IRMA OLIVIA,2025-09-03,830.0,0,830.0,Tarjeta,Gastos en General,Pagado,,0,No aplíca,,2025-09-03T12:00:00,,,1
HIST25_2939,16319,Factura,ERO Grande (20 días),ERO Grande (20 días),2025-09-03,1020.0,0,1020.0,Transferencia,Adquisición de mercancias,Pagado,2025-09-17,14,Pendiente,,2025-09-03T12:00:00,,,1
HIST25_2940,142219,Factura,Abarrotes Inst. (7 días),Abarrotes Inst. (7 días),2025-09-04,1038.88,0,1038.88,Transferencia,Adquisición de mercancias,Pagado,2025-09-09,5,Pendiente,,2025-09-04T12:00:00,,,1
HIST25_2941,58,Factura,Salsa La Moncha / Janeth Gonzalez (14 días),Salsa La Moncha / Janeth Gonzalez (14 días),2025-09-03,613.0,0,613.0,Transferencia,Adquisición de mercancias,Pagado,2025-09-08,5,Pendiente,,2025-09-03T12:00:00,,,1
HIST25_2942,98616,Factura,EQUIPOS Y SISTEMAS HIDRAULICOS,EQUIPOS Y SISTEMAS HIDRAULICOS,2025-09-04,853.15,0,853.15,Tarjeta,Gastos en General,Pagado,,0,No aplíca,,2025-09-04T12:00:00,,,1
HIST25_2943,,,NOMINA,NOMINA,2025-09-05,20705.0,0,20705.0,Transferencia,Gastos en General,Pagado,2025-09-05,0,Pendiente,,2025-09-05T12:00:00,,,1
HIST25_2944,#FACTURA,,SODEXO,SODEXO,2025-09-05,2310.24,0,2310.24,Transferencia,Gastos en General,Pagado,2025-09-05,0,Pendiente,,2025-09-05T12:00:00,,,1
HIST25_2945,#FACTURA,,PENSION ALIMENTICIA,PENSION ALIMENTICIA,2025-09-05,866.12,0,866.12,Transferencia,Gastos en General,Pagado,2025-09-05,0,Pendiente,,2025-09-05T12:00:00,,,1
HIST25_2946,20206,Factura,ASEO Y RECOLECCION ESTRADA,ASEO Y RECOLECCION ESTRADA,2025-09-05,1997.06,0,1997.06,Transferencia,Gastos en General,Pagado,2025-09-19,14,Pendiente,,2025-09-05T12:00:00,,,1
HIST25_2947,75098,Factura,DIPACSA (7 días),DIPACSA (7 días),2025-09-04,904.0,0,904.0,Transferencia,Adquisición de mercancias,Pendiente,,0,Pendiente,,2025-09-04T12:00:00,,,1
HIST25_2948,75123,Factura,DIPACSA (7 días),DIPACSA (7 días),2025-09-05,904.0,0,904.0,Transferencia,Adquisición de mercancias,Pagado,2025-09-10,5,Pendiente,,2025-09-05T12:00:00,,,1
HIST25_2949,75154,Factura,DIPACSA (7 días),DIPACSA (7 días),2025-09-05,770.0,0,770.0,Transferencia,Adquisición de mercancias,Pagado,2025-09-10,5,Pendiente,,2025-09-05T12:00:00,,,1
HIST25_2950,142264,Factura,Abarrotes Inst. (7 días),Abarrotes Inst. (7 días),2025-09-05,460.0,0,460.0,Transferencia,Adquisición de mercancias,Pagado,2025-09-10,5,Pendiente,,2025-09-05T12:00:00,,,1
HIST25_2951,142270,Factura,Abarrotes Inst. (7 días),Abarrotes Inst. (7 días),2025-09-05,1381.75,0,1381.75,Transferencia,Adquisición de mercancias,Pagado,2025-09-10,5,Pendiente,,2025-09-05T12:00:00,,,1
HIST25_2952,3447,Factura,Paser / Araceli V. Padilla (14 dias),Paser / Araceli V. Padilla (14 dias),2025-09-05,875.0,0,875.0,Transferencia,Adquisición de mercancias,Pagado,2025-09-10,5,Pendiente,,2025-09-05T12:00:00,,,1
HIST25_2953,120112,Factura,Colesa (7 días),Colesa (7 días),2025-09-05,911.85,0,911.85,Transferencia,Adquisición de mercancias,Pagado,2025-09-10,5,Pendiente,,2025-09-05T12:00:00,,,1
HIST25_2954,38570505,Factura,Bachoco,Bachoco,2025-09-05,18255.28,0,18255.28,Tarjeta,Adquisición de mercancias,Pagado,,0,No aplíca,,2025-09-05T12:00:00,,,1
HIST25_2955,024210,Factura,INIX COMERCIAL (20 DÍAS),INIX COMERCIAL (20 DÍAS),2025-09-05,6448.36,0,6448.36,Transferencia,Gastos en General,Pagado,2025-09-25,20,Pendiente,,2025-09-05T12:00:00,,,1
HIST25_2956,368540,Factura,,,2025-09-05,195.02,0,195.02,Tarjeta,Gastos en General,Pagado,,0,No aplíca,,2025-09-05T12:00:00,,,1
HIST25_2957,120194,Factura,Colesa (7 días),Colesa (7 días),2025-09-06,853.0,0,853.0,Transferencia,Adquisición de mercancias,Pagado,2025-09-11,5,Pendiente,,2025-09-06T12:00:00,,,1
HIST25_2958,27490,Factura,MACOPISA  (Centro de servicios),MACOPISA  (Centro de servicios),2025-09-06,1565.65,0,1565.65,Tarjeta,Adquisición de mercancias,Pagado,,0,No aplíca,,2025-09-06T12:00:00,,,1
HIST25_2959,353457,Factura,Casa Myers,Casa Myers,2025-09-06,24.75,0,24.75,Tarjeta,Gastos en General,Pagado,,0,No aplíca,,2025-09-06T12:00:00,,,1
HIST25_2960,1079,Factura,NARANJA Y LIMÓN (7 DÍAS),NARANJA Y LIMÓN (7 DÍAS),2025-09-08,965.0,0,965.0,Transferencia,Adquisición de mercancias,Pagado,2025-09-13,5,Pendiente,,2025-09-08T12:00:00,,,1
HIST25_2961,75196,Factura,DIPACSA (7 días),DIPACSA (7 días),2025-09-08,904.0,0,904.0,Transferencia,Adquisición de mercancias,Pagado,2025-09-13,5,Pendiente,,2025-09-08T12:00:00,,,1
HIST25_2962,59298,Factura,EMPAQUES Y ENVASES/JOSE LUIS MORALES GARCIA (7 días),EMPAQUES Y ENVASES/JOSE LUIS MORALES GARCIA (7 días),2025-09-08,1555.79,0,1555.79,Transferencia,Gastos en General,Pagado,2025-09-13,5,Pendiente,,2025-09-08T12:00:00,,,1
HIST25_2963,120250,Factura,Colesa (7 días),Colesa (7 días),2025-09-08,2040.7,0,2040.7,Transferencia,Adquisición de mercancias,Pagado,2025-09-13,5,Pendiente,,2025-09-08T12:00:00,,,1
HIST25_2964,644,Factura,Dumbo / Diana Silva Ponce (12 días),Dumbo / Diana Silva Ponce (12 días),2025-09-08,960.0,0,960.0,Transferencia,Adquisición de mercancias,Pagado,2025-09-13,5,Pendiente,,2025-09-08T12:00:00,,,1
HIST25_2965,432,Factura,Chiltepin / Jorge Cruz Ramos Juarez,Chiltepin / Jorge Cruz Ramos Juarez,2025-09-08,486.0,0,486.0,Transferencia,Adquisición de mercancias,Pagado,2025-09-13,5,Pendiente,,2025-09-08T12:00:00,,,1
HIST25_2966,1605,Factura,SURTIDORA BOTANAS (7 DÍAS),SURTIDORA BOTANAS (7 DÍAS),2025-09-08,1342.6,0,1342.6,Transferencia,Adquisición de mercancias,Pagado,2025-09-13,5,Pendiente,,2025-09-08T12:00:00,,,1
HIST25_2967,134496,Factura,EMPAQUES Y ENVASES/JOSE LUIS MORALES GARCIA (7 días),EMPAQUES Y ENVASES/JOSE LUIS MORALES GARCIA (7 días),2025-09-04,527.7,0,527.7,Tarjeta,Gastos en General,Pagado,,0,No aplíca,,2025-09-04T12:00:00,,,1
HIST25_2968,1198,Factura,Leopoldo Lozoya chamberete,Leopoldo Lozoya chamberete,2025-09-06,1227.0,0,1227.0,Tarjeta,Adquisición de mercancias,Pagado,,0,No aplíca,,2025-09-06T12:00:00,,,1
HIST25_2969,1200,Factura,Leopoldo Lozoya chamberete,Leopoldo Lozoya chamberete,2025-09-08,1213.5,0,1213.5,Tarjeta,Adquisición de mercancias,Pagado,,0,No aplíca,,2025-09-08T12:00:00,,,1
HIST25_2970,38589161,Factura,Bachoco,Bachoco,2025-09-08,21758.89,0,21758.89,Tarjeta,Adquisición de mercancias,Pagado,,0,No aplíca,,2025-09-08T12:00:00,,,1
HIST25_2971,1201,Factura,Leopoldo Lozoya chamberete,Leopoldo Lozoya chamberete,2025-09-08,1212.0,0,1212.0,Tarjeta,Adquisición de mercancias,Pagado,,0,No aplíca,,2025-09-08T12:00:00,,,1
HIST25_2972,0006633,Factura,AB Pollo,AB Pollo,2025-09-08,1114.8,0,1114.8,Tarjeta,Adquisición de mercancias,Pagado,,0,No aplíca,,2025-09-08T12:00:00,,,1
HIST25_2973,#FACTURA,Factura,Alsuper,Alsuper,2025-09-08,430.8,0,430.8,Tarjeta,Adquisición de mercancias,Pagado,,0,No aplíca,,2025-09-08T12:00:00,,,1
HIST25_2974,#FACTURA,Factura,Sam's Club,Sam's Club,2025-09-04,781.0,0,781.0,Tarjeta,Adquisición de mercancias,Pagado,,0,No aplíca,,2025-09-04T12:00:00,,,1
HIST25_2975,#FACTURA,Factura,Costco,Costco,2025-09-04,528.25,0,528.25,Tarjeta,Adquisición de mercancias,Pagado,,0,No aplíca,,2025-09-04T12:00:00,,,1
HIST25_2976,#FACTURA,Factura,Costco,Costco,2025-09-03,2638.9,0,2638.9,Tarjeta,Gastos en General,Pagado,,0,No aplíca,,2025-09-03T12:00:00,,,1
HIST25_2977,#FACTURA,Factura,Sam's Club,Sam's Club,2025-09-04,797.0,0,797.0,Tarjeta,Gastos en General,Pagado,,0,No aplíca,,2025-09-04T12:00:00,,,1
HIST25_2978,#FACTURA,Factura,Sam's Club,Sam's Club,2025-09-04,1447.6,0,1447.6,Tarjeta,Adquisición de mercancias,Pagado,,0,No aplíca,,2025-09-04T12:00:00,,,1
HIST25_2979,#FACTURA,Factura,City Club,City Club,2025-09-03,1412.0,0,1412.0,Tarjeta,Adquisición de mercancias,Pagado,,0,No aplíca,,2025-09-03T12:00:00,,,1
HIST25_2980,#FACTURA,Factura,Gelos Market,Gelos Market,2025-09-08,105.95,0,105.95,Tarjeta,Adquisición de mercancias,Pagado,,0,No aplíca,,2025-09-08T12:00:00,,,1
HIST25_2981,#FACTURA,Factura,Gelos Market,Gelos Market,2025-09-02,90.8,0,90.8,Tarjeta,Adquisición de mercancias,Pagado,,0,No aplíca,,2025-09-02T12:00:00,,,1
HIST25_2982,#FACTURA,Factura,Sam's Club,Sam's Club,2025-09-03,1680.0,0,1680.0,Tarjeta,Adquisición de mercancias,Pagado,,0,No aplíca,,2025-09-03T12:00:00,,,1
HIST25_2983,#FACTURA,Factura,Sam's Club,Sam's Club,2025-09-02,730.0,0,730.0,Tarjeta,Adquisición de mercancias,Pagado,,0,No aplíca,,2025-09-02T12:00:00,,,1
HIST25_2984,29871,Factura,SUKARNE,SUKARNE,2025-09-01,40014.0,0,40014.0,Tarjeta,Adquisición de mercancias,Pagado,,0,No aplíca,,2025-09-01T12:00:00,,,1
HIST25_2985,442049,Factura,ADOSA,ADOSA,2025-09-04,160.5,0,160.5,Tarjeta,Gastos en General,Pagado,,0,No aplíca,,2025-09-04T12:00:00,,,1
HIST25_2986,368540,Factura,HOME DEPOT,HOME DEPOT,2025-09-04,195.02,0,195.02,Tarjeta,Gastos en General,Pagado,,0,No aplíca,,2025-09-04T12:00:00,,,1
HIST25_2987,29959,Factura,SUKARNE,SUKARNE,2025-09-08,50273.0,0,50273.0,Tarjeta,Gastos en General,Pagado,,0,No aplíca,,2025-09-08T12:00:00,,,1
HIST25_2988,#FACTURA,Factura,Sam's Club,Sam's Club,2025-09-08,2950.0,0,2950.0,Tarjeta,Adquisición de mercancias,Pagado,,0,No aplíca,,2025-09-08T12:00:00,,,1
HIST25_2989,#FACTURA,Factura,Costco,Costco,2025-09-08,786.0,0,786.0,Tarjeta,Adquisición de mercancias,Pagado,,0,No aplíca,,2025-09-08T12:00:00,,,1
HIST25_2990,#FACTURA,Factura,Costco,Costco,2025-09-01,1014.48,0,1014.48,Tarjeta,Gastos en General,Pagado,,0,No aplíca,,2025-09-01T12:00:00,,,1
HIST25_2991,#FACTURA,Factura,Costco,Costco,2025-09-04,1024.46,0,1024.46,Tarjeta,Gastos en General,Pagado,,0,No aplíca,,2025-09-04T12:00:00,,,1
HIST25_2992,09092025,Remisión,Sal de mar/ Celia i. Germes,Sal de mar/ Celia i. Germes,2025-09-09,400.0,0,400.0,Transferencia,Adquisición de mercancias,Pagado,2025-09-14,5,Pendiente,,2025-09-09T12:00:00,,,1
HIST25_2993,4229,Factura,Ma Eugenia Payan / Tortillas (14 días),Ma Eugenia Payan / Tortillas (14 días),2025-09-09,2751.0,0,2751.0,Transferencia,Adquisición de mercancias,Pagado,2025-09-23,14,Pendiente,,2025-09-09T12:00:00,,,1
HIST25_2994,61,Factura,Salsa La Moncha / Janeth Gonzalez (14 días),Salsa La Moncha / Janeth Gonzalez (14 días),2025-09-09,885.0,0,885.0,Transferencia,Adquisición de mercancias,Pagado,2025-09-14,5,Pendiente,,2025-09-09T12:00:00,,,1
HIST25_2995,44773,Factura,Papas Santa Fe / Procepap (7 dias),Papas Santa Fe / Procepap (7 dias),2025-09-09,696.0,0,696.0,Transferencia,Adquisición de mercancias,Pagado,2025-09-14,5,Pendiente,,2025-09-09T12:00:00,,,1
HIST25_2996,108163,Factura,Diplas / Hector A Portillo (20 días),Diplas / Hector A Portillo (20 días),2025-09-09,2950.68,0,2950.68,Transferencia,Gastos en General,Pagado,2025-09-23,14,Pendiente,,2025-09-09T12:00:00,,,1
HIST25_2997,75225,Factura,DIPACSA (7 días),DIPACSA (7 días),2025-09-09,1874.0,0,1874.0,Transferencia,Adquisición de mercancias,Pagado,2025-09-14,5,Pendiente,,2025-09-09T12:00:00,,,1
HIST25_2998,70898,Factura,PROMAR DEL NORTE (14 DÍAS),PROMAR DEL NORTE (14 DÍAS),2025-09-09,3019.1,0,3019.1,Transferencia,Adquisición de mercancias,Pagado,2025-09-23,14,Pendiente,,2025-09-09T12:00:00,,,1
HIST25_2999,22896,Factura,Quesos y + Quesos / Armando Villanueva (7 días),Quesos y + Quesos / Armando Villanueva (7 días),2025-09-09,2504.25,0,2504.25,Transferencia,Adquisición de mercancias,Pagado,2025-09-14,5,Pendiente,,2025-09-09T12:00:00,,,1
HIST25_3000,3467,Factura,Paser / Araceli V. Padilla (14 dias),Paser / Araceli V. Padilla (14 dias),2025-09-09,875.0,0,875.0,Transferencia,Adquisición de mercancias,Pagado,2025-09-23,14,Pendiente,,2025-09-09T12:00:00,,,1
HIST25_3001,42839,Factura,"AGYDSA ""Aceite"" (7 días)","AGYDSA ""Aceite"" (7 días)",2025-09-09,2100.0,0,2100.0,Transferencia,Adquisición de mercancias,Pagado,2025-09-14,5,Pendiente,,2025-09-09T12:00:00,,,1
HIST25_3002,709379,Factura,Casa Reza (7 días),Casa Reza (7 días),2025-09-09,3880.0,0,3880.0,Transferencia,Adquisición de mercancias,Pagado,2025-09-14,5,Pendiente,,2025-09-09T12:00:00,,,1
HIST25_3003,6417,Factura,SUKARNE,SUKARNE,2025-09-09,5785.7,0,5785.7,Tarjeta,Adquisición de mercancias,Pagado,,0,No aplíca,,2025-09-09T12:00:00,,,1
HIST25_3004,#FACTURA,Factura,Alsuper,Alsuper,2025-09-09,309.09,0,309.09,Tarjeta,Adquisición de mercancias,Pagado,,0,No aplíca,,2025-09-09T12:00:00,,,1
HIST25_3005,#FACTURA,,IMSS,IMSS,2025-09-11,65906.99,0,65906.99,Transferencia,Gastos en General,Pagado,2025-09-11,0,Pendiente,,2025-09-11T12:00:00,,,1
HIST25_3006,#FACTURA,,ISN,ISN,2025-09-11,4452.0,0,4452.0,Transferencia,Gastos en General,Pagado,,0,Pendiente,,2025-09-11T12:00:00,,,1
HIST25_3007,#FACTURA,,NOMINA,NOMINA,,18942.0,0,18942.0,Transferencia,Gastos en General,Pagado,2025-09-11,0,Pendiente,,,,,1
HIST25_3008,#FACTURA,,SODEXO,SODEXO,2025-09-11,2106.55,0,2106.55,Transferencia,Gastos en General,Pagado,2025-09-11,0,Pendiente,,2025-09-11T12:00:00,,,1
HIST25_3009,#FACTURA,,PENSION ALIMENTICIA,PENSION ALIMENTICIA,2025-09-11,866.12,0,866.12,Transferencia,Gastos en General,Pagado,2025-09-11,0,Pendiente,,2025-09-11T12:00:00,,,1
HIST25_3010,#FACTURA,,NOMINA,NOMINA,2025-09-11,18942.0,0,18942.0,Transferencia,Gastos en General,Pagado,2025-09-11,0,Pendiente,,2025-09-11T12:00:00,,,1
HIST25_3011,#FACTURA,Factura,City Club,City Club,2025-09-09,709.0,0,709.0,Tarjeta,Adquisición de mercancias,Pagado,,0,No aplíca,,2025-09-09T12:00:00,,,1
HIST25_3012,#FACTURA,Factura,Costco,Costco,2025-09-09,139.0,0,139.0,Tarjeta,Adquisición de mercancias,Pagado,,0,No aplíca,,2025-09-09T12:00:00,,,1
HIST25_3013,#FACTURA,Factura,Sam's Club,Sam's Club,2025-09-09,344.0,0,344.0,Tarjeta,Gastos en General,Pagado,,0,No aplíca,,2025-09-09T12:00:00,,,1
HIST25_3014,29985,Factura,SUKARNE,SUKARNE,2025-09-11,4669.4,0,4669.4,Tarjeta,Adquisición de mercancias,Pagado,,0,No aplíca,,2025-09-11T12:00:00,,,1
HIST25_3015,#FACTURA,Factura,Alsuper,Alsuper,2025-09-11,616.7,0,616.7,Tarjeta,Adquisición de mercancias,Pagado,,0,No aplíca,,2025-09-11T12:00:00,,,1
HIST25_3016,#FACTURA,Remisión,La Cosecha / Guadalupe Caro S. (14 días),La Cosecha / Guadalupe Caro S. (14 días),2025-09-10,1365.0,0,1365.0,Transferencia,Adquisición de mercancias,Pagado,2025-09-26,16,Pendiente,,2025-09-10T12:00:00,,,1
HIST25_3017,120400,Factura,Colesa (7 días),Colesa (7 días),2025-09-10,960.0,0,960.0,Transferencia,Adquisición de mercancias,Pagado,2025-09-15,5,Pendiente,,2025-09-10T12:00:00,,,1
HIST25_3018,648,Factura,Dumbo / Diana Silva Ponce (12 días),Dumbo / Diana Silva Ponce (12 días),2025-09-09,870.0,0,870.0,Transferencia,Adquisición de mercancias,Pagado,2025-09-14,5,Pendiente,,2025-09-09T12:00:00,,,1
HIST25_3019,59375,Factura,EMPAQUES Y ENVASES/JOSE LUIS MORALES GARCIA (7 días),EMPAQUES Y ENVASES/JOSE LUIS MORALES GARCIA (7 días),2025-09-10,682.0,0,682.0,Transferencia,Gastos en General,Pagado,2025-09-15,5,Pendiente,,2025-09-10T12:00:00,,,1
HIST25_3020,142405,Factura,Abarrotes Inst. (7 días),Abarrotes Inst. (7 días),2025-09-10,1038.88,0,1038.88,Transferencia,Adquisición de mercancias,Pagado,2025-09-15,5,Pendiente,,2025-09-10T12:00:00,,,1
HIST25_3021,1660,Factura,SURTIDORA BOTANAS (7 DÍAS),SURTIDORA BOTANAS (7 DÍAS),2025-09-10,1174.04,0,1174.04,Transferencia,Adquisición de mercancias,Pagado,2025-09-15,5,Pendiente,,2025-09-10T12:00:00,,,1
HIST25_3022,282398,Factura,MEDFRUT (7 DÍAS),MEDFRUT (7 DÍAS),2025-09-11,790.8,0,790.8,Transferencia,Adquisición de mercancias,Pagado,2025-09-16,5,Pendiente,,2025-09-11T12:00:00,,,1
HIST25_3023,,Factura,TARTARAS LUZ ALICIA RODRIGUEZ,TARTARAS LUZ ALICIA RODRIGUEZ,2025-09-10,945.0,0,945.0,Transferencia,Adquisición de mercancias,Pagado,2025-09-15,5,Pendiente,,2025-09-10T12:00:00,,,1
HIST25_3024,#FACTURA,Factura,Bachoco,Bachoco,2025-09-10,5634.21,0,5634.21,Tarjeta,Adquisición de mercancias,Pagado,,0,No aplíca,,2025-09-10T12:00:00,,,1
HIST25_3025,#FACTURA,Factura,EMPAQUES Y ENVASES/JOSE LUIS MORALES GARCIA (7 días),EMPAQUES Y ENVASES/JOSE LUIS MORALES GARCIA (7 días),2025-09-10,342.0,0,342.0,Tarjeta,Gastos en General,Pagado,,0,No aplíca,,2025-09-10T12:00:00,,,1
HIST25_3026,16301,Factura,Sazonico / especies MOY,Sazonico / especies MOY,2025-09-10,950.0,0,950.0,Tarjeta,Adquisición de mercancias,Pagado,,0,No aplíca,,2025-09-10T12:00:00,,,1
HIST25_3027,024300,Factura,INIX COMERCIAL (20 DÍAS),INIX COMERCIAL (20 DÍAS),2025-09-11,8048.45,0,8048.45,Transferencia,Gastos en General,Pagado,2025-10-01,20,Pendiente,,2025-09-11T12:00:00,,,1
HIST25_3028,3473,Factura,Paser / Araceli V. Padilla (14 dias),Paser / Araceli V. Padilla (14 dias),2025-09-11,875.0,0,875.0,Transferencia,Adquisición de mercancias,Pagado,2025-09-25,14,Pendiente,,2025-09-11T12:00:00,,,1
HIST25_3029,120508,Factura,Colesa (7 días),Colesa (7 días),2025-09-11,1278.2,0,1278.2,Transferencia,Adquisición de mercancias,Pagado,2025-09-16,5,Pendiente,,2025-09-11T12:00:00,,,1
HIST25_3030,282456,Factura,MEDFRUT (7 DÍAS),MEDFRUT (7 DÍAS),2025-09-11,874.8,0,874.8,Transferencia,Adquisición de mercancias,Pagado,2025-09-16,5,Pendiente,,2025-09-11T12:00:00,,,1
HIST25_3031,610220,Factura,Productos Lácteos Los Pinos (7 DÍAS),Productos Lácteos Los Pinos (7 DÍAS),2025-09-11,740.0,0,740.0,Transferencia,Adquisición de mercancias,Pagado,2025-09-16,5,Pendiente,,2025-09-11T12:00:00,,,1
HIST25_3032,37264,Factura,SUKARNE,SUKARNE,2025-09-11,5376.7,0,5376.7,Tarjeta,Adquisición de mercancias,Pagado,,0,No aplíca,,2025-09-11T12:00:00,,,1
HIST25_3033,96675,Factura,SUKARNE,SUKARNE,2025-09-11,831.7,0,831.7,Tarjeta,Adquisición de mercancias,Pagado,,0,No aplíca,,2025-09-11T12:00:00,,,1
HIST25_3034,#FACTURA,,ADAN ADRIAN RAMIREZ VILLALOBOS,ADAN ADRIAN RAMIREZ VILLALOBOS,2025-09-11,-195000.0,0,-195000.0,Transferencia,Adquisición de mercancias,Pagado,2025-09-11,0,Pendiente,,2025-09-11T12:00:00,,,1
HIST25_3035,F-3183,Factura,JEANETTE REZA AGUIRRE,JEANETTE REZA AGUIRRE,2025-09-12,5336.0,0,5336.0,Transferencia,Gastos en General,Pagado,2025-09-13,1,Pendiente,,2025-09-12T12:00:00,,,1
HIST25_3036,#3182,Factura,JEANETTE REZA AGUIRRE,JEANETTE REZA AGUIRRE,2025-09-12,13224.0,0,13224.0,Transferencia,Gastos en General,Pagado,2025-09-13,1,Pendiente,,2025-09-12T12:00:00,,,1
HIST25_3037,5470,Remisión,La Cosecha / Guadalupe Caro S. (14 días),La Cosecha / Guadalupe Caro S. (14 días),2025-09-13,1365.0,0,1365.0,Transferencia,Adquisición de mercancias,Pagado,2025-09-28,15,Pendiente,,2025-09-13T12:00:00,,,1
HIST25_3038,1091,Factura,NARANJA Y LIMÓN (7 DÍAS),NARANJA Y LIMÓN (7 DÍAS),2025-09-13,1455.0,0,1455.0,Transferencia,Adquisición de mercancias,Pagado,2025-09-18,5,Pendiente,,2025-09-13T12:00:00,,,1
HIST25_3039,120671,Factura,Colesa (7 días),Colesa (7 días),2025-09-13,924.7,0,924.7,Transferencia,Adquisición de mercancias,Pagado,2025-09-18,5,Pendiente,,2025-09-13T12:00:00,,,1
HIST25_3040,142506,Factura,Abarrotes Inst. (7 días),Abarrotes Inst. (7 días),2025-09-12,1448.7,0,1448.7,Transferencia,Adquisición de mercancias,Pagado,2025-09-17,5,Pendiente,,2025-09-12T12:00:00,,,1
HIST25_3041,75331,Factura,DIPACSA (7 días),DIPACSA (7 días),2025-09-13,1864.0,0,1864.0,Transferencia,Adquisición de mercancias,Pagado,2025-09-18,5,Pendiente,,2025-09-13T12:00:00,,,1
HIST25_3042,70952,Factura,PROMAR DEL NORTE (14 DÍAS),PROMAR DEL NORTE (14 DÍAS),2025-09-12,3019.1,0,3019.1,Transferencia,Adquisición de mercancias,Pagado,2025-09-26,14,Pendiente,,2025-09-12T12:00:00,,,1
HIST25_3043,61377,Factura,KEY QUÍMICA (14 DÍAS),KEY QUÍMICA (14 DÍAS),2025-09-13,1146.08,0,1146.08,Transferencia,Gastos en General,Pagado,2025-09-27,14,Pendiente,,2025-09-13T12:00:00,,,1
HIST25_3044,5832,Factura,Que Pescados!,Que Pescados!,2025-09-12,1350.0,0,1350.0,Tarjeta,Adquisición de mercancias,Pagado,,0,No aplíca,,2025-09-12T12:00:00,,,1
HIST25_3045,#FACTURA,Factura,Alsuper,Alsuper,2025-09-13,136.57,0,136.57,Tarjeta,Adquisición de mercancias,Pagado,,0,No aplíca,,2025-09-13T12:00:00,,,1
HIST25_3046,30012,Factura,SUKARNE,SUKARNE,2025-09-12,4030.4,0,4030.4,Tarjeta,Adquisición de mercancias,Pagado,,0,No aplíca,,2025-09-12T12:00:00,,,1
HIST25_3047,30011,Factura,SUKARNE,SUKARNE,2025-09-12,5410.7,0,5410.7,Tarjeta,Adquisición de mercancias,Pagado,,0,No aplíca,,2025-09-12T12:00:00,,,1
HIST25_3048,#FACTURA,Factura,Alsuper,Alsuper,2025-09-11,136.23,0,136.23,Tarjeta,Adquisición de mercancias,Pagado,,0,No aplíca,,2025-09-11T12:00:00,,,1
HIST25_3049,#FACTURA,Factura,Alsuper,Alsuper,2025-09-10,34.19,0,34.19,Tarjeta,Adquisición de mercancias,Pagado,,0,No aplíca,,2025-09-10T12:00:00,,,1
HIST25_3050,30022,Factura,SUKARNE,SUKARNE,2025-09-13,5606.7,0,5606.7,Tarjeta,Adquisición de mercancias,Pagado,,0,No aplíca,,2025-09-13T12:00:00,,,1
HIST25_3051,30025,Factura,SUKARNE,SUKARNE,2025-09-13,870.4,0,870.4,Tarjeta,Adquisición de mercancias,Pagado,,0,No aplíca,,2025-09-13T12:00:00,,,1
HIST25_3052,30021,Factura,SUKARNE,SUKARNE,2025-09-13,5496.0,0,5496.0,Tarjeta,Adquisición de mercancias,Pagado,,0,No aplíca,,2025-09-13T12:00:00,,,1
HIST25_3053,#FACTURA,Factura,Farmacia del Ahorro,Farmacia del Ahorro,2025-09-13,17.0,0,17.0,Tarjeta,Gastos en General,Pagado,,0,No aplíca,,2025-09-13T12:00:00,,,1
HIST25_3054,#FACTURA,Factura,Costco,Costco,2025-09-10,893.92,0,893.92,Tarjeta,Gastos en General,Pagado,,0,No aplíca,,2025-09-10T12:00:00,,,1
HIST25_3055,#FACTURA,Factura,Sam's Club,Sam's Club,2025-09-10,1142.38,0,1142.38,Tarjeta,Adquisición de mercancias,Pagado,,0,No aplíca,,2025-09-10T12:00:00,,,1
HIST25_3056,#FACTURA,Factura,Sam's Club,Sam's Club,2025-09-11,1151.0,0,1151.0,Tarjeta,Adquisición de mercancias,Pagado,,0,No aplíca,,2025-09-11T12:00:00,,,1
HIST25_3057,#FACTURA,Factura,Sam's Club,Sam's Club,2025-09-09,1727.0,0,1727.0,Tarjeta,Adquisición de mercancias,Pagado,,0,No aplíca,,2025-09-09T12:00:00,,,1
HIST25_3058,#FACTURA,Factura,Costco,Costco,2025-09-11,358.0,0,358.0,Tarjeta,Adquisición de mercancias,Pagado,,0,No aplíca,,2025-09-11T12:00:00,,,1
HIST25_3059,117971,Factura,Ricasa Limpieza,Ricasa Limpieza,2025-09-13,569.12,0,569.12,Tarjeta,Gastos en General,Pagado,,0,No aplíca,,2025-09-13T12:00:00,,,1
HIST25_3060,134926,Factura,EMPAQUES Y ENVASES/JOSE LUIS MORALES GARCIA (7 días),EMPAQUES Y ENVASES/JOSE LUIS MORALES GARCIA (7 días),2025-09-11,246.0,0,246.0,Tarjeta,Gastos en General,Pagado,,0,No aplíca,,2025-09-11T12:00:00,,,1
HIST25_3061,38624937,Factura,Bachoco,Bachoco,2025-09-13,20052.37,0,20052.37,Tarjeta,Adquisición de mercancias,Pagado,,0,No aplíca,,2025-09-13T12:00:00,,,1
HIST25_3062,#FACTURA,,NOMINA,NOMINA,2025-09-12,9883.4,0,9883.4,Cheque,Gastos en General,Pagado,,0,No aplíca,,2025-09-12T12:00:00,,,1
HIST25_3063,#FACTURA,Factura,Costco,Costco,2025-09-03,677.44,0,677.44,Tarjeta,Adquisición de mercancias,Pagado,,0,No aplíca,,2025-09-03T12:00:00,,,1
HIST25_3064,7744,Factura,Combustibles del Bosque,Combustibles del Bosque,2025-08-30,480.64,0,480.64,Tarjeta,Gastos en General,Pagado,,0,No aplíca,,2025-08-30T12:00:00,,,1
HIST25_3065,#FACTURA,Factura,Alsuper,Alsuper,2025-08-26,121.8,0,121.8,Tarjeta,Adquisición de mercancias,Pagado,,0,No aplíca,,2025-08-26T12:00:00,,,1
HIST25_3066,#FACTURA,Factura,Sam's Club,Sam's Club,2025-08-27,2445.34,0,2445.34,Tarjeta,Adquisición de mercancias,Pagado,,0,No aplíca,,2025-08-27T12:00:00,,,1
HIST25_3067,#FACTURA,Factura,Agro Chimayo,Agro Chimayo,2025-08-27,1300.0,0,1300.0,Tarjeta,Gastos en General,Pagado,,0,No aplíca,,2025-08-27T12:00:00,,,1
HIST25_3068,#FACTURA,Factura,Alsuper,Alsuper,2025-09-03,794.41,0,794.41,Tarjeta,Adquisición de mercancias,Pagado,,0,No aplíca,,2025-09-03T12:00:00,,,1
HIST25_3069,#FACTURA,Factura,Alsuper,Alsuper,2025-09-01,415.2,0,415.2,Tarjeta,Adquisición de mercancias,Pagado,,0,No aplíca,,2025-09-01T12:00:00,,,1
HIST25_3070,371648,Factura,HOME DEPOT,HOME DEPOT,2025-09-15,598.0,0,598.0,Tarjeta,Gastos en General,Pagado,,0,No aplíca,,2025-09-15T12:00:00,,,1
HIST25_3071,#FACTURA,Factura,Corp Arpe Gasolina,Corp Arpe Gasolina,2025-09-13,600.0,0,600.0,Tarjeta,Gastos en General,Pagado,,0,No aplíca,,2025-09-13T12:00:00,,,1
HIST25_3072,#FACTURA,Remisión,LAURA ALVIDREZ,LAURA ALVIDREZ,2025-09-11,4000.05,0,4000.05,Transferencia,Adquisición de mercancias,Pagado,2025-09-18,7,Pendiente,,2025-09-11T12:00:00,,,1
HIST25_3073,59504,Factura,EMPAQUES Y ENVASES/JOSE LUIS MORALES GARCIA (7 días),EMPAQUES Y ENVASES/JOSE LUIS MORALES GARCIA (7 días),2025-09-15,965.2,0,965.2,Transferencia,Gastos en General,Pagado,2025-09-20,5,Pendiente,,2025-09-15T12:00:00,,,1
HIST25_3074,120762,Factura,Colesa (7 días),Colesa (7 días),2025-09-15,1431.6,0,1431.6,Transferencia,Adquisición de mercancias,Pagado,2025-09-20,5,Pendiente,,2025-09-15T12:00:00,,,1
HIST25_3075,1701,Factura,SURTIDORA BOTANAS (7 DÍAS),SURTIDORA BOTANAS (7 DÍAS),2025-09-15,1277.92,0,1277.92,Transferencia,Adquisición de mercancias,Pagado,2025-09-20,5,Pendiente,,2025-09-15T12:00:00,,,1
HIST25_3076,3489,Factura,Paser / Araceli V. Padilla (14 dias),Paser / Araceli V. Padilla (14 dias),2025-09-15,875.0,0,875.0,Transferencia,Adquisición de mercancias,Pagado,2025-09-29,14,Pendiente,,2025-09-15T12:00:00,,,1
HIST25_3077,42870,Remisión,"AGYDSA ""Aceite"" (7 días)","AGYDSA ""Aceite"" (7 días)",2025-09-15,2100.0,0,2100.0,Transferencia,Adquisición de mercancias,Pagado,2025-09-20,5,Pendiente,,2025-09-15T12:00:00,,,1
HIST25_3078,113470,Factura,Abarrotes Inst. (7 días),Abarrotes Inst. (7 días),2025-09-15,639.18,0,639.18,Transferencia,Adquisición de mercancias,Pagado,2025-09-20,5,Pendiente,,2025-09-15T12:00:00,,,1
HIST25_3079,75377,Factura,DIPACSA (7 días),DIPACSA (7 días),2025-09-15,720.0,0,720.0,Transferencia,Adquisición de mercancias,Pagado,2025-09-20,5,Pendiente,,2025-09-15T12:00:00,,,1
HIST25_3080,#FACTURA,Factura,Alsuper,Alsuper,2025-09-15,496.08,0,496.08,Tarjeta,Adquisición de mercancias,Pagado,,0,No aplíca,,2025-09-15T12:00:00,,,1
HIST25_3081,6446,Factura,SUKARNE,SUKARNE,2025-09-15,5368.1,0,5368.1,Tarjeta,Adquisición de mercancias,Pagado,,0,No aplíca,,2025-09-15T12:00:00,,,1
HIST25_3082,6445,Factura,SUKARNE,SUKARNE,2025-09-15,5504.5,0,5504.5,Tarjeta,Adquisición de mercancias,Pagado,,0,No aplíca,,2025-09-15T12:00:00,,,1
HIST25_3083,38643873,Factura,Bachoco,Bachoco,2025-09-15,6392.41,0,6392.41,Tarjeta,Adquisición de mercancias,Pagado,,0,No aplíca,,2025-09-15T12:00:00,,,1
HIST25_3084,3497,Factura,Paser / Araceli V. Padilla (14 dias),Paser / Araceli V. Padilla (14 dias),2025-09-17,875.0,0,875.0,Transferencia,Adquisición de mercancias,Pagado,2025-10-01,14,Pendiente,,2025-09-17T12:00:00,,,1
HIST25_3085,75450,Factura,DIPACSA (7 días),DIPACSA (7 días),2025-09-17,1816.0,0,1816.0,Transferencia,Adquisición de mercancias,Pagado,2025-09-22,5,Pendiente,,2025-09-17T12:00:00,,,1
HIST25_3086,120902,Factura,Colesa (7 días),Colesa (7 días),2025-09-17,2314.26,0,2314.26,Transferencia,Adquisición de mercancias,Pagado,2025-09-22,5,Pendiente,,2025-09-17T12:00:00,,,1
HIST25_3087,38660885,Factura,Bachoco,Bachoco,2025-09-17,15329.38,0,15329.38,Tarjeta,Adquisición de mercancias,Pagado,,0,No aplíca,,2025-09-17T12:00:00,,,1
HIST25_3088,96583,Factura,SUKARNE,SUKARNE,2025-09-08,3902.5,0,3902.5,Tarjeta,Adquisición de mercancias,Pagado,,0,No aplíca,,2025-09-08T12:00:00,,,1
HIST25_3089,96861,Factura,SUKARNE,SUKARNE,2025-09-17,4507.5,0,4507.5,Tarjeta,Adquisición de mercancias,Pagado,,0,No aplíca,,2025-09-17T12:00:00,,,1
HIST25_3090,96860,Factura,SUKARNE,SUKARNE,2025-09-17,3979.2,0,3979.2,Tarjeta,Adquisición de mercancias,Pagado,,0,No aplíca,,2025-09-17T12:00:00,,,1
HIST25_3091,T,Factura,Costco,Costco,2025-09-17,577.0,0,577.0,Tarjeta,Adquisición de mercancias,Pagado,,0,No aplíca,,2025-09-17T12:00:00,,,1
HIST25_3092,1223612,Factura,Alsuper,Alsuper,2025-09-17,317.77,0,317.77,Tarjeta,Adquisición de mercancias,Pagado,,0,No aplíca,,2025-09-17T12:00:00,,,1
HIST25_3093,96650,Factura,SUKARNE,SUKARNE,2025-09-10,4337.1,0,4337.1,Tarjeta,Adquisición de mercancias,Pagado,,0,No aplíca,,2025-09-10T12:00:00,,,1
HIST25_3094,T,Factura,Sam's Club,Sam's Club,2025-09-15,1678.0,0,1678.0,Tarjeta,Adquisición de mercancias,Pagado,,0,No aplíca,,2025-09-15T12:00:00,,,1
HIST25_3095,T,Factura,City Club,City Club,2025-09-15,1752.0,0,1752.0,Tarjeta,Adquisición de mercancias,Pagado,,0,No aplíca,,2025-09-15T12:00:00,,,1
HIST25_3096,T,Factura,City Club,City Club,2025-09-15,112.0,0,112.0,Tarjeta,Gastos en General,Pagado,,0,No aplíca,,2025-09-15T12:00:00,,,1
HIST25_3097,T,Factura,Sam's Club,Sam's Club,2025-09-13,1478.38,0,1478.38,Tarjeta,Adquisición de mercancias,Pagado,,0,No aplíca,,2025-09-13T12:00:00,,,1
HIST25_3098,0725076,Factura,Alsuper,Alsuper,2025-09-13,33.95,0,33.95,Tarjeta,Adquisición de mercancias,Pagado,,0,No aplíca,,2025-09-13T12:00:00,,,1
HIST25_3099,T,Factura,Costco,Costco,2025-09-13,876.0,0,876.0,Tarjeta,Adquisición de mercancias,Pagado,,0,No aplíca,,2025-09-13T12:00:00,,,1
HIST25_3100,T,Factura,Sam's Club,Sam's Club,2025-09-12,1244.0,0,1244.0,Tarjeta,Adquisición de mercancias,Pagado,,0,No aplíca,,2025-09-12T12:00:00,,,1
HIST25_3101,0002720147,Factura,Costco gas s.a,Costco gas s.a,2025-09-13,748.92,0,748.92,Tarjeta,Gastos en General,Pagado,,0,No aplíca,,2025-09-13T12:00:00,,,1
HIST25_3102,T,Factura,Sam's Club,Sam's Club,2025-09-15,219.0,0,219.0,Tarjeta,Gastos en General,Pagado,,0,No aplíca,,2025-09-15T12:00:00,,,1
HIST25_3103,#FACTURA,Factura,Salvador Macías,Salvador Macías,2025-09-18,9149.07,0,9149.07,Transferencia,Gastos en General,Pagado,2025-09-18,0,Pendiente,,2025-09-18T12:00:00,,,1
HIST25_3104,#FACTURA,,NOMINA,NOMINA,2025-09-18,19326.0,0,19326.0,Transferencia,Gastos en General,Pagado,2025-09-18,0,Pendiente,,2025-09-18T12:00:00,,,1
HIST25_3105,#FACTURA,,PENSION ALIMENTICIA,PENSION ALIMENTICIA,2025-09-18,866.12,0,866.12,Transferencia,Gastos en General,Pagado,2025-09-18,0,Pendiente,,2025-09-18T12:00:00,,,1
HIST25_3106,#FACTURA,,SODEXO,SODEXO,2025-09-18,2291.34,0,2291.34,Transferencia,Gastos en General,Pagado,2025-09-18,0,Pendiente,,2025-09-18T12:00:00,,,1
HIST25_3107,444,Factura,Chiltepin / Jorge Cruz Ramos Juarez,Chiltepin / Jorge Cruz Ramos Juarez,2025-09-19,378.0,0,378.0,Transferencia,Adquisición de mercancias,Pagado,2025-09-24,5,Pendiente,,2025-09-19T12:00:00,,,1
HIST25_3108,75515,Factura,DIPACSA (7 días),DIPACSA (7 días),2025-09-19,1743.0,0,1743.0,Transferencia,Adquisición de mercancias,Pagado,2025-09-24,5,Pendiente,,2025-09-19T12:00:00,,,1
HIST25_3109,024391,Factura,INIX COMERCIAL (20 DÍAS),INIX COMERCIAL (20 DÍAS),2025-09-19,4185.83,0,4185.83,Transferencia,Gastos en General,Pagado,2025-10-09,20,Pendiente,,2025-09-19T12:00:00,,,1
HIST25_3110,3503,Factura,Paser / Araceli V. Padilla (14 dias),Paser / Araceli V. Padilla (14 dias),2025-09-18,875.0,0,875.0,Transferencia,Adquisición de mercancias,Pagado,2025-10-02,14,Pendiente,,2025-09-18T12:00:00,,,1
HIST25_3111,64,Factura,Salsa La Moncha / Janeth Gonzalez (14 días),Salsa La Moncha / Janeth Gonzalez (14 días),2025-09-19,530.0,0,530.0,Transferencia,Adquisición de mercancias,Pagado,2025-09-24,5,Pendiente,,2025-09-19T12:00:00,,,1
HIST25_3112,38677334,Factura,Bachoco,Bachoco,2025-09-19,21749.39,0,21749.39,Tarjeta,Adquisición de mercancias,Pagado,,0,No aplíca,,2025-09-19T12:00:00,,,1
HIST25_3113,17092025,Factura,La Espiga Dorada  / JUAN MANUEL CASTRO (7 días),La Espiga Dorada  / JUAN MANUEL CASTRO (7 días),2025-09-17,1320.0,0,1320.0,Transferencia,Adquisición de mercancias,Pagado,2025-09-22,5,Pendiente,,2025-09-17T12:00:00,,,1
HIST25_3114,23029,Factura,Quesos y + Quesos / Armando Villanueva (7 días),Quesos y + Quesos / Armando Villanueva (7 días),2025-09-18,2854.5,0,2854.5,Transferencia,Adquisición de mercancias,Pagado,2025-09-23,5,Pendiente,,2025-09-18T12:00:00,,,1
HIST25_3115,108571,Factura,Diplas / Hector A Portillo (20 días),Diplas / Hector A Portillo (20 días),2025-09-18,1907.49,0,1907.49,Transferencia,Gastos en General,Pagado,2025-10-03,15,Pendiente,,2025-09-18T12:00:00,,,1
HIST25_3116,59579,,EMPAQUES Y ENVASES/JOSE LUIS MORALES GARCIA (7 días),EMPAQUES Y ENVASES/JOSE LUIS MORALES GARCIA (7 días),2025-09-18,1189.0,0,1189.0,Transferencia,Gastos en General,Pagado,2025-09-23,5,Pendiente,,2025-09-18T12:00:00,,,1
HIST25_3117,71038,Factura,PROMAR DEL NORTE (14 DÍAS),PROMAR DEL NORTE (14 DÍAS),2025-09-18,2156.5,0,2156.5,Transferencia,Adquisición de mercancias,Pagado,2025-10-02,14,Pendiente,,2025-09-18T12:00:00,,,1
HIST25_3118,120983,Factura,Colesa (7 días),Colesa (7 días),2025-09-18,1261.57,0,1261.57,Transferencia,Adquisición de mercancias,Pagado,2025-09-23,5,Pendiente,,2025-09-18T12:00:00,,,1
HIST25_3119,45238,Factura,Papas Santa Fe / Procepap (7 dias),Papas Santa Fe / Procepap (7 dias),2025-09-18,597.6,0,597.6,Transferencia,Adquisición de mercancias,Pagado,2025-09-23,5,Pendiente,,2025-09-18T12:00:00,,,1
HIST25_3120,653,Factura,Dumbo / Diana Silva Ponce (12 días),Dumbo / Diana Silva Ponce (12 días),2025-09-17,580.0,0,580.0,Transferencia,Adquisición de mercancias,Pagado,2025-09-22,5,Pendiente,,2025-09-17T12:00:00,,,1
HIST25_3121,39559,Factura,Abarrotes Inst. (7 días),Abarrotes Inst. (7 días),2025-09-18,1002.72,0,1002.72,Transferencia,Adquisición de mercancias,Pagado,2025-09-23,5,Pendiente,,2025-09-18T12:00:00,,,1
HIST25_3122,#FACTURA,Factura,Costco,Costco,2025-09-18,2111.0,0,2111.0,Tarjeta,Adquisición de mercancias,Pagado,,0,No aplíca,,2025-09-18T12:00:00,,,1
HIST25_3123,#FACTURA,Factura,Costco,Costco,2025-09-18,4294.5,0,4294.5,Tarjeta,Adquisición de mercancias,Pagado,,0,No aplíca,,2025-09-18T12:00:00,,,1
HIST25_3124,30071,Factura,SUKARNE,SUKARNE,2025-09-18,5751.6,0,5751.6,Tarjeta,Adquisición de mercancias,Pagado,,0,No aplíca,,2025-09-18T12:00:00,,,1
HIST25_3125,#FACTURA,Factura,Costco,Costco,2025-09-17,1217.35,0,1217.35,Tarjeta,Gastos en General,Pagado,,0,No aplíca,,2025-09-17T12:00:00,,,1
HIST25_3126,#FACTURA,Factura,Costco,Costco,2025-09-18,2291.45,0,2291.45,Tarjeta,Gastos en General,Pagado,,0,No aplíca,,2025-09-18T12:00:00,,,1
HIST25_3127,#FACTURA,Factura,Alsuper,Alsuper,2025-09-20,484.45,0,484.45,Tarjeta,Adquisición de mercancias,Pagado,,0,No aplíca,,2025-09-20T12:00:00,,,1
HIST25_3128,30105,Factura,SUKARNE,SUKARNE,2025-09-20,5785.7,0,5785.7,Tarjeta,Adquisición de mercancias,Pagado,,0,No aplíca,,2025-09-20T12:00:00,,,1
HIST25_3129,30104,Factura,SUKARNE,SUKARNE,2025-09-20,4021.8,0,4021.8,Tarjeta,Adquisición de mercancias,Pagado,,0,No aplíca,,2025-09-20T12:00:00,,,1
HIST25_3130,#FACTURA,Factura,Alsuper,Alsuper,2025-09-20,75.28,0,75.28,Tarjeta,Adquisición de mercancias,Pagado,,0,No aplíca,,2025-09-20T12:00:00,,,1
HIST25_3131,#FACTURA,,NOMINA,NOMINA,2025-09-19,9874.29,0,9874.29,Cheque,Gastos en General,Pagado,,0,No aplíca,,2025-09-19T12:00:00,,,1
HIST25_3132,#FACTURA,Factura,WALMART,WALMART,2025-09-19,123.54,0,123.54,Tarjeta,Adquisición de mercancias,Pagado,,0,No aplíca,,2025-09-19T12:00:00,,,1
HIST25_3133,121073,Factura,Colesa (7 días),Colesa (7 días),2025-09-20,757.0,0,757.0,Transferencia,Adquisición de mercancias,Pagado,2025-09-25,5,Pendiente,,2025-09-20T12:00:00,,,1
HIST25_3134,3507,Factura,Paser / Araceli V. Padilla (14 dias),Paser / Araceli V. Padilla (14 dias),2025-09-20,875.0,0,875.0,Transferencia,Adquisición de mercancias,Pagado,2025-10-04,14,Pendiente,,2025-09-20T12:00:00,,,1
HIST25_3135,#,Remisión,WALMART,WALMART,2025-09-23,299.0,0,299.0,Tarjeta,Adquisición de mercancias,Pagado,,0,No aplíca,,2025-09-23T12:00:00,,,1
HIST25_3136,#FACTURA,Remisión,Casa Myers,Casa Myers,2025-09-21,2.78,0,2.78,Efectivo,Gastos en General,Pagado,,0,No aplíca,,2025-09-21T12:00:00,,,1
HIST25_3137,94495jc,Factura,Abastecedora de oficinas,Abastecedora de oficinas,2025-09-22,345.0,0,345.0,Tarjeta,Gastos en General,Pagado,,0,No aplíca,,2025-09-22T12:00:00,,,1
HIST25_3138,#FACTURA,Factura,Combustibles del Bosque,Combustibles del Bosque,2025-09-22,1000.0,0,1000.0,Tarjeta,Gastos en General,Pagado,,0,No aplíca,,2025-09-22T12:00:00,,,1
HIST25_3139,#683779,Factura,Combustibles del Bosque,Combustibles del Bosque,2025-09-23,479.8,0,479.8,Tarjeta,Gastos en General,Pagado,,0,No aplíca,,2025-09-23T12:00:00,,,1
HIST25_3140,t,,Alsuper,Alsuper,2025-09-10,155.87,0,155.87,Tarjeta,Adquisición de mercancias,Pagado,,0,No aplíca,,2025-09-10T12:00:00,,,1
HIST25_3141,#56988,Factura,Los Angeles Ferreteria,Los Angeles Ferreteria,2025-09-23,270.0,0,270.0,Tarjeta,Gastos en General,Pagado,,0,No aplíca,,2025-09-23T12:00:00,,,1
HIST25_3142,#688590,Factura,Combustibles del Bosque,Combustibles del Bosque,2025-09-17,2419.03,0,2419.03,Tarjeta,Gastos en General,Pagado,,0,No aplíca,,2025-09-17T12:00:00,,,1
HIST25_3143,#587234,Factura,Combustibles del Bosque,Combustibles del Bosque,2025-09-23,1500.0,0,1500.0,Tarjeta,Gastos en General,Pagado,,0,No aplíca,,2025-09-23T12:00:00,,,1
HIST25_3144,t,Remisión,Alsuper,Alsuper,2025-09-19,203.6,0,203.6,Tarjeta,Adquisición de mercancias,Pagado,,0,No aplíca,,2025-09-19T12:00:00,,,1
HIST25_3145,#t,Remisión,Alsuper,Alsuper,2025-09-13,213.87,0,213.87,Tarjeta,Adquisición de mercancias,Pagado,,0,No aplíca,,2025-09-13T12:00:00,,,1
HIST25_3146,#t,Remisión,Alsuper,Alsuper,2025-09-12,388.1,0,388.1,Tarjeta,Adquisición de mercancias,Pagado,,0,No aplíca,,2025-09-12T12:00:00,,,1
HIST25_3147,#t,,Alsuper,Alsuper,2025-09-12,414.48,0,414.48,Tarjeta,Adquisición de mercancias,Pagado,,0,No aplíca,,2025-09-12T12:00:00,,,1
HIST25_3148,#t,Remisión,Alsuper,Alsuper,2025-09-14,220.5,0,220.5,Tarjeta,Adquisición de mercancias,Pagado,,0,No aplíca,,2025-09-14T12:00:00,,,1
HIST25_3149,#t,Remisión,Alsuper,Alsuper,2025-09-18,687.0,0,687.0,Tarjeta,Adquisición de mercancias,Pagado,,0,No aplíca,,2025-09-18T12:00:00,,,1
HIST25_3150,#,Factura,Casa Myers,Casa Myers,2025-09-21,169.26,0,169.26,Tarjeta,Adquisición de mercancias,Pagado,,0,No aplíca,,2025-09-21T12:00:00,,,1
HIST25_3151,#38696679,Factura,Bachoco,Bachoco,2025-09-22,20688.38,0,20688.38,Tarjeta,Adquisición de mercancias,Pagado,,0,No aplíca,,2025-09-22T12:00:00,,,1
HIST25_3152,#728,Factura,CARNES JUREK,CARNES JUREK,2025-09-23,3520.0,0,3520.0,Transferencia,Adquisición de mercancias,Pagado,2025-10-07,14,Pendiente,,2025-09-23T12:00:00,,,1
HIST25_3153,#5525,Remisión,La Cosecha / Guadalupe Caro S. (14 días),La Cosecha / Guadalupe Caro S. (14 días),2025-09-20,1465.0,0,1465.0,Transferencia,Adquisición de mercancias,Pagado,2025-10-04,14,Pendiente,,2025-09-20T12:00:00,,,1
HIST25_3154,#1099,Remisión,NARANJA Y LIMÓN (7 DÍAS),NARANJA Y LIMÓN (7 DÍAS),2025-09-20,1455.0,0,1455.0,Transferencia,Adquisición de mercancias,Pagado,2025-09-28,8,Pendiente,,2025-09-20T12:00:00,,,1
HIST25_3155,#FACTURA,Factura,CFE,CFE,2025-09-23,11937.2,0,11937.2,Transferencia,Gastos en General,Pagado,2025-09-20,0,Pendiente,,2025-09-23T12:00:00,,,1
HIST25_3156,#655,Factura,Dumbo / Diana Silva Ponce (12 días),Dumbo / Diana Silva Ponce (12 días),2025-09-23,580.0,0,580.0,Transferencia,Adquisición de mercancias,Pagado,2025-09-28,5,Pendiente,,2025-09-23T12:00:00,,,1
HIST25_3157,#75611,Factura,DIPACSA (7 días),DIPACSA (7 días),2025-09-23,908.0,0,908.0,Transferencia,Adquisición de mercancias,Pagado,2025-09-28,5,Pendiente,,2025-09-23T12:00:00,,,1
HIST25_3158,#59954,Factura,EMPAQUES Y ENVASES/JOSE LUIS MORALES GARCIA (7 días),EMPAQUES Y ENVASES/JOSE LUIS MORALES GARCIA (7 días),2025-09-22,1935.25,0,1935.25,Transferencia,Adquisición de mercancias,Pagado,2025-09-27,5,Pendiente,,2025-09-22T12:00:00,,,1
HIST25_3159,#3511,Factura,Paser / Araceli V. Padilla (14 dias),Paser / Araceli V. Padilla (14 dias),2025-09-22,875.0,0,875.0,Transferencia,Adquisición de mercancias,Pagado,2025-10-06,14,Pendiente,,2025-09-22T12:00:00,,,1
HIST25_3160,#1743,Factura,SURTIDORA BOTANAS (7 DÍAS),SURTIDORA BOTANAS (7 DÍAS),2025-09-22,1089.76,0,1089.76,Transferencia,Adquisición de mercancias,Pagado,2025-09-27,5,Pendiente,,2025-09-22T12:00:00,,,1
HIST25_3161,#142629,Factura,Abarrotes Inst. (7 días),Abarrotes Inst. (7 días),2025-09-22,2211.14,0,2211.14,Transferencia,Adquisición de mercancias,Pagado,2025-09-27,5,Pendiente,,2025-09-22T12:00:00,,,1
HIST25_3162,#121275,Factura,Colesa (7 días),Colesa (7 días),2025-09-22,881.0,0,881.0,Transferencia,Adquisición de mercancias,Pagado,2025-09-27,5,Pendiente,,2025-09-22T12:00:00,,,1
HIST25_3163,#709916,Factura,Casa Reza (7 días),Casa Reza (7 días),2025-09-22,3880.0,0,3880.0,Transferencia,Adquisición de mercancias,Pagado,2025-09-27,5,Pendiente,,2025-09-22T12:00:00,,,1
HIST25_3164,#EFBCH13029548,Factura,ECOGAS MEXICO,ECOGAS MEXICO,2025-08-29,6338.0,0,6338.0,Transferencia,Gastos en General,Pagado,,0,Pendiente,,2025-08-29T12:00:00,,,1
HIST25_3165,30118,Factura,SUKARNE,SUKARNE,2025-09-22,5218.8,0,5218.8,Tarjeta,Adquisición de mercancias,Pagado,,0,No aplíca,,2025-09-22T12:00:00,,,1
HIST25_3166,5882,Factura,Que Pescados!,Que Pescados!,2025-09-18,1350.0,0,1350.0,Tarjeta,Adquisición de mercancias,Pagado,,0,No aplíca,,2025-09-18T12:00:00,,,1
HIST25_3167,59684,Factura,EMPAQUES Y ENVASES/JOSE LUIS MORALES GARCIA (7 días),EMPAQUES Y ENVASES/JOSE LUIS MORALES GARCIA (7 días),2025-09-23,857.0,0,857.0,Transferencia,Gastos en General,Pagado,2025-09-28,5,Pendiente,,2025-09-23T12:00:00,,,1
HIST25_3168,121363,Factura,Colesa (7 días),Colesa (7 días),2025-09-23,1103.7,0,1103.7,Transferencia,Adquisición de mercancias,Pagado,2025-09-28,5,Pendiente,,2025-09-23T12:00:00,,,1
HIST25_3169,3386,Factura,LA NUEZ DEL CAMPO,LA NUEZ DEL CAMPO,2025-09-23,1600.0,0,1600.0,Transferencia,Adquisición de mercancias,Pagado,2025-09-24,1,Pendiente,,2025-09-23T12:00:00,,,1
HIST25_3170,121434,Factura,Colesa (7 días),Colesa (7 días),2025-09-24,1944.1,0,1944.1,Transferencia,Adquisición de mercancias,Pagado,2025-09-29,5,Pendiente,,2025-09-24T12:00:00,,,1
HIST25_3171,121444,Factura,Colesa (7 días),Colesa (7 días),2025-09-24,495.0,0,495.0,Transferencia,Adquisición de mercancias,Pagado,2025-09-29,5,Pendiente,,2025-09-24T12:00:00,,,1
HIST25_3172,23117,Factura,Quesos y + Quesos / Armando Villanueva (7 días),Quesos y + Quesos / Armando Villanueva (7 días),2025-09-24,2371.75,0,2371.75,Transferencia,Adquisición de mercancias,Pagado,2025-09-29,5,Pendiente,,2025-09-24T12:00:00,,,1
HIST25_3173,024448,Factura,INIX COMERCIAL (20 DÍAS),INIX COMERCIAL (20 DÍAS),2025-09-24,6437.59,0,6437.59,Transferencia,Gastos en General,Pagado,2025-10-14,20,Pendiente,,2025-09-24T12:00:00,,,1
HIST25_3174,71107,Factura,PROMAR DEL NORTE (14 DÍAS),PROMAR DEL NORTE (14 DÍAS),2025-09-24,3019.1,0,3019.1,Transferencia,Adquisición de mercancias,Pagado,2025-10-08,14,Pendiente,,2025-09-24T12:00:00,,,1
HIST25_3175,42932,Remisión,"AGYDSA ""Aceite"" (7 días)","AGYDSA ""Aceite"" (7 días)",2025-09-24,2100.0,0,2100.0,Transferencia,Adquisición de mercancias,Pagado,2025-09-29,5,Pendiente,,2025-09-24T12:00:00,,,1
HIST25_3176,0809,Remisión,NARANJA Y LIMÓN (7 DÍAS),NARANJA Y LIMÓN (7 DÍAS),2025-09-24,1455.0,0,1455.0,Transferencia,Adquisición de mercancias,Pagado,2025-09-29,5,Pendiente,,2025-09-24T12:00:00,,,1
HIST25_3177,1209,Factura,Leopoldo Lozoya chamberete,Leopoldo Lozoya chamberete,2025-09-17,1206.0,0,1206.0,Tarjeta,Adquisición de mercancias,Pagado,,0,No aplíca,,2025-09-17T12:00:00,,,1
HIST25_3178,1210,Factura,Leopoldo Lozoya chamberete,Leopoldo Lozoya chamberete,2025-09-17,1215.0,0,1215.0,Tarjeta,Adquisición de mercancias,Pagado,,0,No aplíca,,2025-09-17T12:00:00,,,1
HIST25_3179,16339,Factura,Sazonico / especies MOY,Sazonico / especies MOY,2025-09-23,390.6,0,390.6,Tarjeta,Adquisición de mercancias,Pagado,,0,No aplíca,,2025-09-23T12:00:00,,,1
HIST25_3180,38714622,Factura,Bachoco,Bachoco,2025-09-24,16003.99,0,16003.99,Tarjeta,Adquisición de mercancias,Pagado,,0,No aplíca,,2025-09-24T12:00:00,,,1
HIST25_3181,#FACTURA,Factura,Costco,Costco,2025-09-24,359.4,0,359.4,Tarjeta,Adquisición de mercancias,Pagado,,0,No aplíca,,2025-09-24T12:00:00,,,1
HIST25_3182,#FACTURA,Factura,Costco,Costco,2025-09-24,219.0,0,219.0,Tarjeta,Adquisición de mercancias,Pagado,,0,No aplíca,,2025-09-24T12:00:00,,,1
HIST25_3183,30139,Factura,SUKARNE,SUKARNE,2025-09-24,5419.3,0,5419.3,Tarjeta,Adquisición de mercancias,Pagado,,0,No aplíca,,2025-09-24T12:00:00,,,1
HIST25_3184,#FACTURA,Factura,Alsuper,Alsuper,2025-09-24,31.8,0,31.8,Tarjeta,Adquisición de mercancias,Pagado,,0,No aplíca,,2025-09-24T12:00:00,,,1
HIST25_3185,#FACTURA,Factura,Alsuper,Alsuper,2025-09-24,519.68,0,519.68,Tarjeta,Adquisición de mercancias,Pagado,,0,No aplíca,,2025-09-24T12:00:00,,,1
HIST25_3186,#FACTURa,Factura,Sam's Club,Sam's Club,2025-09-22,292.0,0,292.0,Tarjeta,Gastos en General,Pagado,,0,No aplíca,,2025-09-22T12:00:00,,,1
HIST25_3187,#FACTURA,Factura,Sam's Club,Sam's Club,2025-09-22,2680.38,0,2680.38,Tarjeta,Adquisición de mercancias,Pagado,,0,No aplíca,,2025-09-22T12:00:00,,,1
HIST25_3188,#FACTURA,Factura,Sam's Club,Sam's Club,2025-09-23,844.0,0,844.0,Tarjeta,Adquisición de mercancias,Pagado,,0,No aplíca,,2025-09-23T12:00:00,,,1
HIST25_3189,#FACTURA,Factura,Costco,Costco,2025-09-22,820.58,0,820.58,Tarjeta,Gastos en General,Pagado,,0,No aplíca,,2025-09-22T12:00:00,,,1
HIST25_3190,#FACTURA,Factura,Sam's Club,Sam's Club,2025-09-24,1239.85,0,1239.85,Tarjeta,Adquisición de mercancias,Pagado,,0,No aplíca,,2025-09-24T12:00:00,,,1
HIST25_3191,30119,Factura,SUKARNE,SUKARNE,2025-09-22,4643.9,0,4643.9,Tarjeta,Adquisición de mercancias,Pagado,,0,No aplíca,,2025-09-22T12:00:00,,,1
HIST25_3192,30127,Factura,SUKARNE,SUKARNE,2025-09-23,4831.3,0,4831.3,Tarjeta,Adquisición de mercancias,Pagado,,0,No aplíca,,2025-09-23T12:00:00,,,1
HIST25_3193,#FACTURA,Factura,Que Pescados!,Que Pescados!,2025-09-24,1350.0,0,1350.0,Tarjeta,Adquisición de mercancias,Pagado,,0,No aplíca,,2025-09-24T12:00:00,,,1
HIST25_3194,#FACTURA,Factura,Alsuper,Alsuper,2025-09-23,703.07,0,703.07,Tarjeta,Adquisición de mercancias,Pagado,,0,No aplíca,,2025-09-23T12:00:00,,,1
HIST25_3195,30140,Factura,SUKARNE,SUKARNE,2025-09-24,4507.5,0,4507.5,Tarjeta,Adquisición de mercancias,Pagado,,0,No aplíca,,2025-09-24T12:00:00,,,1
HIST25_3196,#FACTURA,Factura,Alsuper,Alsuper,2025-09-23,85.0,0,85.0,Tarjeta,Adquisición de mercancias,Pagado,,0,No aplíca,,2025-09-23T12:00:00,,,1
HIST25_3197,#FACTURA,Factura,Sam's Club,Sam's Club,2025-09-24,1081.0,0,1081.0,Tarjeta,Adquisición de mercancias,Pagado,,0,No aplíca,,2025-09-24T12:00:00,,,1
HIST25_3198,#FACTURA,Factura,Sam's Club,Sam's Club,2025-09-24,330.0,0,330.0,Tarjeta,Adquisición de mercancias,Pagado,,0,No aplíca,,2025-09-24T12:00:00,,,1
HIST25_3199,75697,Factura,DIPACSA (7 días),DIPACSA (7 días),2025-09-25,3491.0,0,3491.0,Transferencia,Adquisición de mercancias,Pagado,2025-09-30,5,Pendiente,,2025-09-25T12:00:00,,,1
HIST25_3200,113676,Factura,Abarrotes Inst. (7 días),Abarrotes Inst. (7 días),2025-09-25,1038.94,0,1038.94,Transferencia,Adquisición de mercancias,Pagado,2025-09-30,5,Pendiente,,2025-09-25T12:00:00,,,1
HIST25_3201,656,Factura,Dumbo / Diana Silva Ponce (12 días),Dumbo / Diana Silva Ponce (12 días),2025-09-24,960.0,0,960.0,Transferencia,Adquisición de mercancias,Pagado,2025-09-29,5,Pendiente,,2025-09-24T12:00:00,,,1
HIST25_3202,111398,Factura,Colesa (7 días),Colesa (7 días),2025-09-25,851.05,0,851.05,Transferencia,Adquisición de mercancias,Pagado,2025-09-30,5,Pendiente,,2025-09-25T12:00:00,,,1
HIST25_3203,25092025,Factura,La Espiga Dorada  / JUAN MANUEL CASTRO (7 días),La Espiga Dorada  / JUAN MANUEL CASTRO (7 días),2025-09-25,880.0,0,880.0,Transferencia,Adquisición de mercancias,Pagado,2025-09-30,5,Pendiente,,2025-09-25T12:00:00,,,1
HIST25_3204,615663,Remisión,Productos Lácteos Los Pinos (7 DÍAS),Productos Lácteos Los Pinos (7 DÍAS),2025-09-25,518.0,0,518.0,Transferencia,Adquisición de mercancias,Pagado,2025-09-30,5,Pendiente,,2025-09-25T12:00:00,,,1
HIST25_3205,5555,Remisión,La Cosecha / Guadalupe Caro S. (14 días),La Cosecha / Guadalupe Caro S. (14 días),2025-09-25,1365.0,0,1365.0,Transferencia,Adquisición de mercancias,Pagado,2025-10-09,14,Pendiente,,2025-09-25T12:00:00,,,1
HIST25_3206,113682,Factura,Abarrotes Inst. (7 días),Abarrotes Inst. (7 días),2025-09-25,647.05,0,647.05,Transferencia,Adquisición de mercancias,Pagado,2025-09-30,5,Pendiente,,2025-09-25T12:00:00,,,1
HIST25_3207,#FACTURA,Factura,Alsuper,Alsuper,2025-09-25,113.69,0,113.69,Tarjeta,Adquisición de mercancias,Pagado,,0,No aplíca,,2025-09-25T12:00:00,,,1
HIST25_3208,#FACTURA,Factura,Sam's Club,Sam's Club,2025-09-24,813.0,0,813.0,Tarjeta,Adquisición de mercancias,Pagado,,0,No aplíca,,2025-09-24T12:00:00,,,1
HIST25_3209,#FACTURA,Factura,Alsuper,Alsuper,2025-09-25,530.94,0,530.94,Tarjeta,Adquisición de mercancias,Pagado,,0,No aplíca,,2025-09-25T12:00:00,,,1
HIST25_3210,30155,Factura,SUKARNE,SUKARNE,2025-09-25,4720.5,0,4720.5,Tarjeta,Adquisición de mercancias,Pagado,,0,No aplíca,,2025-09-25T12:00:00,,,1
HIST25_3211,#FACTURA,Factura,SUKARNE,SUKARNE,2025-09-25,5623.8,0,5623.8,Tarjeta,Adquisición de mercancias,Pagado,,0,No aplíca,,2025-09-25T12:00:00,,,1
HIST25_3212,#FACTURA,,NOMINA,NOMINA,2025-09-25,9933.0,0,9933.0,Cheque,Gastos en General,Pagado,,0,No aplíca,,2025-09-25T12:00:00,,,1
HIST25_3213,16350,Factura,Sazonico / especies MOY,Sazonico / especies MOY,2025-09-25,950.0,0,950.0,Tarjeta,Adquisición de mercancias,Pagado,,0,No aplíca,,2025-09-25T12:00:00,,,1
HIST25_3214,#FACTURA,Factura,EMPAQUES Y ENVASES/JOSE LUIS MORALES GARCIA (7 días),EMPAQUES Y ENVASES/JOSE LUIS MORALES GARCIA (7 días),2025-09-25,168.8,0,168.8,Tarjeta,Gastos en General,Pagado,,0,No aplíca,,2025-09-25T12:00:00,,,1
HIST25_3215,#FACTURA,Factura,SUBAUTOMOTORES SUBARU,SUBAUTOMOTORES SUBARU,2025-09-25,7815.0,0,7815.0,Tarjeta,Gastos en General,Pagado,,0,No aplíca,,2025-09-25T12:00:00,,,1
HIST25_3216,#FACTURA,,NOMINA,NOMINA,2025-09-25,16664.2,0,16664.2,,,Pendiente,,0,Pendiente,,2025-09-25T12:00:00,,,1
HIST25_3217,#FACTURA,,SODEXO,SODEXO,2025-09-25,1921.78,0,1921.78,Transferencia,Gastos en General,Pagado,,0,Pendiente,,2025-09-25T12:00:00,,,1
HIST25_3218,1060,Factura,RAMON MANUEL FRIAS RUIZ,RAMON MANUEL FRIAS RUIZ,2025-09-25,1392.0,0,1392.0,Transferencia,Gastos en General,Pagado,,0,Pendiente,,2025-09-25T12:00:00,,,1
HIST25_3219,71156,Factura,PROMAR DEL NORTE (14 DÍAS),PROMAR DEL NORTE (14 DÍAS),2025-09-26,3019.1,0,3019.1,Transferencia,Adquisición de mercancias,Pagado,2025-10-10,14,Pendiente,,2025-09-26T12:00:00,,,1
HIST25_3220,59794,Factura,EMPAQUES Y ENVASES/JOSE LUIS MORALES GARCIA (7 días),EMPAQUES Y ENVASES/JOSE LUIS MORALES GARCIA (7 días),2025-09-26,753.0,0,753.0,Transferencia,Gastos en General,Pagado,2025-10-01,5,Pendiente,,2025-09-26T12:00:00,,,1
HIST25_3221,42,Factura,Carmen Ortega P. / Salsa Macha Pepis (14 días),Carmen Ortega P. / Salsa Macha Pepis (14 días),2025-09-26,1440.0,0,1440.0,Transferencia,Adquisición de mercancias,Pagado,2025-10-10,14,Pendiente,,2025-09-26T12:00:00,,,1
HIST25_3222,75757,Factura,DIPACSA (7 días),DIPACSA (7 días),2025-09-27,1816.0,0,1816.0,Transferencia,Adquisición de mercancias,Pagado,2025-10-02,5,Pendiente,,2025-09-27T12:00:00,,,1
HIST25_3223,#FACTURA,,JUNTA MUNICIPAL DE AGUA (JMAS),JUNTA MUNICIPAL DE AGUA (JMAS),2025-09-29,2978.0,0,2978.0,Transferencia,Adquisición de mercancias,Pagado,2025-10-07,8,Pendiente,,2025-09-29T12:00:00,,,1
HIST25_3224,3540,Factura,Paser / Araceli V. Padilla (14 dias),Paser / Araceli V. Padilla (14 dias),2025-09-27,875.0,0,875.0,Transferencia,Adquisición de mercancias,Pagado,2025-10-11,14,Pendiente,,2025-09-27T12:00:00,,,1
HIST25_3225,66,Factura,Salsa La Moncha / Janeth Gonzalez (14 días),Salsa La Moncha / Janeth Gonzalez (14 días),2025-09-26,440.0,0,440.0,Transferencia,Adquisición de mercancias,Pagado,2025-10-01,5,Pendiente,,2025-09-26T12:00:00,,,1
HIST25_3226,121675,Factura,Colesa (7 días),Colesa (7 días),2025-09-27,1058.7,0,1058.7,Transferencia,Adquisición de mercancias,Pagado,2025-10-02,5,Pendiente,,2025-09-27T12:00:00,,,1
HIST25_3227,1955,Factura,Frijol / Gozalo Gallegos /Empacadora Chih  (7 días),Frijol / Gozalo Gallegos /Empacadora Chih  (7 días),2025-09-27,1215.0,0,1215.0,Transferencia,Adquisición de mercancias,Pagado,2025-10-02,5,Pendiente,,2025-09-27T12:00:00,,,1
HIST25_3228,23162,Factura,Quesos y + Quesos / Armando Villanueva (7 días),Quesos y + Quesos / Armando Villanueva (7 días),2025-09-27,2226.0,0,2226.0,Transferencia,Adquisición de mercancias,Pagado,2025-10-02,5,Pendiente,,2025-09-27T12:00:00,,,1
HIST25_3229,113721,Factura,Abarrotes Inst. (7 días),Abarrotes Inst. (7 días),2025-09-29,1498.94,0,1498.94,Transferencia,Adquisición de mercancias,Pagado,2025-10-04,5,Pendiente,,2025-09-29T12:00:00,,,1
HIST25_3230,121767,Factura,Colesa (7 días),Colesa (7 días),2025-09-29,1765.18,0,1765.18,Transferencia,Adquisición de mercancias,Pagado,2025-10-04,5,Pendiente,,2025-09-29T12:00:00,,,1
HIST25_3231,0815,Remisión,NARANJA Y LIMÓN (7 DÍAS),NARANJA Y LIMÓN (7 DÍAS),2025-09-29,1455.0,0,1455.0,Transferencia,Adquisición de mercancias,Pagado,2025-10-04,5,Pendiente,,2025-09-29T12:00:00,,,1
HIST25_3232,59851,Factura,EMPAQUES Y ENVASES/JOSE LUIS MORALES GARCIA (7 días),EMPAQUES Y ENVASES/JOSE LUIS MORALES GARCIA (7 días),2025-09-29,965.2,0,965.2,Transferencia,Adquisición de mercancias,Pagado,2025-10-04,5,Pendiente,,2025-09-29T12:00:00,,,1
HIST25_3233,#FACTURA,Factura,City Club,City Club,2025-09-26,1592.0,0,1592.0,Tarjeta,Adquisición de mercancias,Pagado,,0,No aplíca,,2025-09-26T12:00:00,,,1
HIST25_3234,#FACTURA,Factura,Costco,Costco,2025-09-25,849.71,0,849.71,Tarjeta,Gastos en General,Pagado,,0,No aplíca,,2025-09-25T12:00:00,,,1
HIST25_3235,#FACTURA,Factura,Sam's Club,Sam's Club,2025-09-26,1602.0,0,1602.0,Tarjeta,Adquisición de mercancias,Pagado,,0,No aplíca,,2025-09-26T12:00:00,,,1
HIST25_3236,#FACTURA,Factura,Costco,Costco,2025-09-26,278.0,0,278.0,Tarjeta,Adquisición de mercancias,Pagado,,0,No aplíca,,2025-09-26T12:00:00,,,1
HIST25_3237,#FACTURA,Factura,Sam's Club,Sam's Club,2025-09-25,1685.38,0,1685.38,Tarjeta,Adquisición de mercancias,Pagado,,0,No aplíca,,2025-09-25T12:00:00,,,1
HIST25_3238,#FACTURA,Factura,SUKARNE,SUKARNE,2025-09-26,3808.8,0,3808.8,Tarjeta,Adquisición de mercancias,Pagado,,0,No aplíca,,2025-09-26T12:00:00,,,1
HIST25_3239,30172,Factura,SUKARNE,SUKARNE,2025-09-26,3953.7,0,3953.7,Tarjeta,Adquisición de mercancias,Pagado,,0,No aplíca,,2025-09-26T12:00:00,,,1
HIST25_3240,6491,Factura,SUKARNE,SUKARNE,2025-09-27,4059.1,0,4059.1,Tarjeta,Adquisición de mercancias,Pagado,,0,No aplíca,,2025-09-27T12:00:00,,,1
HIST25_3241,37659,,SUKARNE,SUKARNE,2025-09-27,5257.9,0,5257.9,Tarjeta,Adquisición de mercancias,Pagado,,0,No aplíca,,2025-09-27T12:00:00,,,1
HIST25_3242,#FACTURA,Factura,Sam's Club,Sam's Club,2025-09-25,219.0,0,219.0,Tarjeta,Adquisición de mercancias,Pagado,,0,No aplíca,,2025-09-25T12:00:00,,,1
HIST25_3243,96513,Factura,ADOSA,ADOSA,2025-09-27,160.5,0,160.5,Tarjeta,Gastos en General,Pagado,,0,No aplíca,,2025-09-27T12:00:00,,,1
HIST25_3244,#FACTURA,Factura,Alsuper,Alsuper,2025-09-27,268.19,0,268.19,Tarjeta,Adquisición de mercancias,Pagado,,0,No aplíca,,2025-09-27T12:00:00,,,1
HIST25_3245,#FACTURA,Factura,Alsuper,Alsuper,2025-09-24,49.9,0,49.9,Tarjeta,Adquisición de mercancias,Pagado,,0,No aplíca,,2025-09-24T12:00:00,,,1
HIST25_3246,#FACTURA,Factura,Sam's Club,Sam's Club,2025-09-27,321.0,0,321.0,Tarjeta,Adquisición de mercancias,Pagado,,0,No aplíca,,2025-09-27T12:00:00,,,1
HIST25_3247,#FACTURA,Factura,Sam's Club,Sam's Club,2025-09-27,685.0,0,685.0,Tarjeta,Adquisición de mercancias,Pagado,,0,No aplíca,,2025-09-27T12:00:00,,,1
HIST25_3248,30201,Factura,SUKARNE,SUKARNE,2025-09-29,5439.8,0,5439.8,Tarjeta,Adquisición de mercancias,Pagado,,0,No aplíca,,2025-09-29T12:00:00,,,1
HIST25_3249,#FACTURA,Factura,Alsuper,Alsuper,2025-09-29,546.0,0,546.0,Tarjeta,Adquisición de mercancias,Pagado,,0,No aplíca,,2025-09-29T12:00:00,,,1
HIST25_3250,1221,Factura,Leopoldo Lozoya chamberete,Leopoldo Lozoya chamberete,2025-09-24,1212.0,0,1212.0,Tarjeta,Adquisición de mercancias,Pagado,,0,No aplíca,,2025-09-24T12:00:00,,,1
HIST25_3251,1226,,Leopoldo Lozoya chamberete,Leopoldo Lozoya chamberete,2025-09-26,1224.0,0,1224.0,Tarjeta,Adquisición de mercancias,Pagado,,0,No aplíca,,2025-09-26T12:00:00,,,1
HIST25_3252,38731821,Factura,Bachoco,Bachoco,2025-09-26,20005.64,0,20005.64,Tarjeta,Adquisición de mercancias,Pagado,,0,No aplíca,,2025-09-26T12:00:00,,,1
HIST25_3253,38750771,Factura,Bachoco,Bachoco,2025-09-29,14743.53,0,14743.53,Tarjeta,Adquisición de mercancias,Pagado,,0,No aplíca,,2025-09-29T12:00:00,,,1
HIST25_3254,45715,Factura,Papas Santa Fe / Procepap (7 dias),Papas Santa Fe / Procepap (7 dias),2025-09-29,1112.8,0,1112.8,Transferencia,Adquisición de mercancias,Pagado,2025-10-04,5,Pendiente,,2025-09-29T12:00:00,,,1
HIST25_3255,1791,Factura,SURTIDORA BOTANAS (7 DÍAS),SURTIDORA BOTANAS (7 DÍAS),2025-09-29,957.46,0,957.46,Transferencia,Adquisición de mercancias,Pagado,2025-10-04,5,Pendiente,,2025-09-29T12:00:00,,,1
HIST25_3256,71210,Factura,PROMAR DEL NORTE (14 DÍAS),PROMAR DEL NORTE (14 DÍAS),2025-09-30,3019.1,0,3019.1,Transferencia,Adquisición de mercancias,Pagado,2025-10-14,14,Pendiente,,2025-09-30T12:00:00,,,1
HIST25_3257,121843,Factura,Colesa (7 días),Colesa (7 días),2025-09-30,594.0,0,594.0,Transferencia,Adquisición de mercancias,Pagado,2025-10-05,5,Pendiente,,2025-09-30T12:00:00,,,1
HIST25_3258,#FACTURA,,,,2025-09-30,0,0,0,,,Pendiente,,0,Pendiente,,2025-09-30T12:00:00,,,1
HIST25_3259,3554,Factura,Paser / Araceli V. Padilla (14 dias),Paser / Araceli V. Padilla (14 dias),2025-09-30,875.0,0,875.0,Transferencia,Adquisición de mercancias,Pagado,2025-10-14,14,Pendiente,,2025-09-30T12:00:00,,,1
HIST25_3260,42975,Remisión,"AGYDSA ""Aceite"" (7 días)","AGYDSA ""Aceite"" (7 días)",2025-09-30,2100.0,0,2100.0,Transferencia,Adquisición de mercancias,Pagado,2025-10-05,5,Pendiente,,2025-09-30T12:00:00,,,1
HIST25_3261,30209,Factura,SUKARNE,SUKARNE,2025-09-30,4017.8,0,4017.8,Tarjeta,Adquisición de mercancias,Pagado,,0,No aplíca,,2025-09-30T12:00:00,,,1
HIST25_3262,#FACTURA,Factura,Costco,Costco,2025-09-30,1428.05,0,1428.05,Tarjeta,Adquisición de mercancias,Pagado,,0,No aplíca,,2025-09-30T12:00:00,,,1
HIST25_3263,30208,Factura,SUKARNE,SUKARNE,2025-09-30,3984.7,0,3984.7,Tarjeta,Adquisición de mercancias,Pagado,,0,No aplíca,,2025-09-30T12:00:00,,,1
HIST25_3264,#FACTURA,Factura,Alsuper,Alsuper,2025-09-30,374.06,0,374.06,Tarjeta,Adquisición de mercancias,Pagado,,0,No aplíca,,2025-09-30T12:00:00,,,1
HIST25_3265,#FACTURA,Factura,Costco,Costco,2025-09-29,936.0,0,936.0,Tarjeta,Adquisición de mercancias,Pagado,,0,No aplíca,,2025-09-29T12:00:00,,,1
HIST25_3266,#FACTURA,Factura,Sam's Club,Sam's Club,2025-09-29,865.0,0,865.0,Tarjeta,Adquisición de mercancias,Pagado,,0,No aplíca,,2025-09-29T12:00:00,,,1
HIST25_3267,#FACTURA,Factura,City Club,City Club,2025-09-29,669.0,0,669.0,Tarjeta,Adquisición de mercancias,Pagado,,0,No aplíca,,2025-09-29T12:00:00,,,1
HIST25_3268,#FACTURA,Factura,Sam's Club,Sam's Club,2025-09-30,1223.35,0,1223.35,Tarjeta,Adquisición de mercancias,Pagado,,0,No aplíca,,2025-09-30T12:00:00,,,1
HIST25_3269,#FACTURA,Factura,Corp Arpe Gasolina,Corp Arpe Gasolina,2025-09-29,1487.45,0,1487.45,Tarjeta,Gastos en General,Pagado,,0,No aplíca,,2025-09-29T12:00:00,,,1
HIST25_3270,#FACTURA,Factura,Office Depot,Office Depot,2025-09-30,1797.0,0,1797.0,Tarjeta,Gastos en General,Pagado,,0,No aplíca,,2025-09-30T12:00:00,,,1
HIST25_3271,#FACTURA,Factura,NR FINANCE MEXICO,NR FINANCE MEXICO,2025-10-02,7173.44,0,7173.44,Transferencia,Gastos en General,Pagado,2025-10-02,0,Pendiente,,2025-10-02T12:00:00,,,1
HIST25_3272,#FACTURA,,NOMINA,NOMINA,2025-10-02,18011.6,0,18011.6,Transferencia,Gastos en General,Pagado,2025-10-02,0,Pendiente,,2025-10-02T12:00:00,,,1
HIST25_3273,#FACTURA,,SODEXO,SODEXO,2025-10-02,2144.35,0,2144.35,Transferencia,Gastos en General,Pagado,2025-10-02,0,Pendiente,,2025-10-02T12:00:00,,,1
HIST25_3274,0826,Factura,NARANJA Y LIMÓN (7 DÍAS),NARANJA Y LIMÓN (7 DÍAS),2025-10-02,720.0,0,720.0,Transferencia,Adquisición de mercancias,Pagado,2025-10-07,5,Pendiente,,2025-10-02T12:00:00,,,1
HIST25_3275,3562,Factura,Paser / Araceli V. Padilla (14 dias),Paser / Araceli V. Padilla (14 dias),2025-10-02,875.0,0,875.0,Transferencia,Adquisición de mercancias,Pagado,2025-10-16,14,Pendiente,,2025-10-02T12:00:00,,,1
HIST25_3276,121944,Factura,Colesa (7 días),Colesa (7 días),2025-10-01,1686.34,0,1686.34,Transferencia,Adquisición de mercancias,Pagado,2025-10-06,5,Pendiente,,2025-10-01T12:00:00,,,1
HIST25_3277,5603,Remisión,La Cosecha / Guadalupe Caro S. (14 días),La Cosecha / Guadalupe Caro S. (14 días),2025-10-02,845.0,0,845.0,Transferencia,Adquisición de mercancias,Pagado,2025-10-16,14,Pendiente,,2025-10-02T12:00:00,,,1
HIST25_3278,113768,Factura,Abarrotes Inst. (7 días),Abarrotes Inst. (7 días),2025-10-02,2590.72,0,2590.72,Transferencia,Adquisición de mercancias,Pagado,2025-10-07,5,Pendiente,,2025-10-02T12:00:00,,,1
HIST25_3279,61575,Factura,KEY QUÍMICA (14 DÍAS),KEY QUÍMICA (14 DÍAS),2025-09-30,984.3,0,984.3,Transferencia,Gastos en General,Pagado,2025-10-14,14,Pendiente,,2025-09-30T12:00:00,,,1
HIST25_3280,75894,Factura,DIPACSA (7 días),DIPACSA (7 días),2025-10-02,4353.0,0,4353.0,Transferencia,Adquisición de mercancias,Pagado,2025-10-18,16,Pendiente,,2025-10-02T12:00:00,,,1
HIST25_3281,109150,Factura,DIPACSA (7 días),DIPACSA (7 días),2025-10-02,2994.39,0,2994.39,Transferencia,Gastos en General,Pagado,2025-10-07,5,Pendiente,,2025-10-02T12:00:00,,,1
HIST25_3282,122049,Factura,Colesa (7 días),Colesa (7 días),2025-10-02,1587.05,0,1587.05,Transferencia,Adquisición de mercancias,Pagado,2025-10-07,5,Pendiente,,2025-10-02T12:00:00,,,1
HIST25_3283,2920,Factura,Felipe Moreno / equipamiento industrial,Felipe Moreno / equipamiento industrial,2025-10-01,260.0,0,260.0,Tarjeta,Gastos en General,Pagado,,0,No aplíca,,2025-10-01T12:00:00,,,1
HIST25_3284,8338,Factura,AB Pollo,AB Pollo,2025-10-01,1162.8,0,1162.8,Tarjeta,Adquisición de mercancias,Pagado,,0,No aplíca,,2025-10-01T12:00:00,,,1
HIST25_3285,38768234,Factura,Bachoco,Bachoco,2025-10-01,13550.9,0,13550.9,Tarjeta,Adquisición de mercancias,Pagado,,0,No aplíca,,2025-10-01T12:00:00,,,1
HIST25_3286,4232,Factura,Ma Eugenia Payan / Tortillas (14 días),Ma Eugenia Payan / Tortillas (14 días),2025-10-02,3113.0,0,3113.0,Transferencia,Adquisición de mercancias,Pagado,2025-10-16,14,Pendiente,,2025-10-02T12:00:00,,,1
HIST25_3287,4231,Factura,Ma Eugenia Payan / Tortillas (14 días),Ma Eugenia Payan / Tortillas (14 días),2025-10-02,4997.0,0,4997.0,Transferencia,Adquisición de mercancias,Pagado,2025-10-16,14,Pendiente,,2025-10-02T12:00:00,,,1
HIST25_3288,#FACTURA,Factura,Costco,Costco,2025-10-01,836.09,0,836.09,Tarjeta,Gastos en General,Pagado,,0,No aplíca,,2025-10-01T12:00:00,,,1
HIST25_3289,#FACTURA,Factura,Sam's Club,Sam's Club,2025-10-02,1341.97,0,1341.97,Tarjeta,Adquisición de mercancias,Pagado,,0,No aplíca,,2025-10-02T12:00:00,,,1
HIST25_3290,#FACTURA,Factura,Sam's Club,Sam's Club,2025-10-01,1522.0,0,1522.0,Tarjeta,Adquisición de mercancias,Pagado,,0,No aplíca,,2025-10-01T12:00:00,,,1
HIST25_3291,6505,Factura,SUKARNE,SUKARNE,2025-10-01,5464.6,0,5464.6,Tarjeta,Adquisición de mercancias,Pagado,,0,No aplíca,,2025-10-01T12:00:00,,,1
HIST25_3292,#FACTURA,Factura,Alsuper,Alsuper,2025-10-01,198.23,0,198.23,Tarjeta,Adquisición de mercancias,Pagado,,0,No aplíca,,2025-10-01T12:00:00,,,1
HIST25_3293,#FACTURA,Factura,SUKARNE,SUKARNE,2025-10-01,5390.2,0,5390.2,Tarjeta,Adquisición de mercancias,Pagado,,0,No aplíca,,2025-10-01T12:00:00,,,1
HIST25_3294,30235,Factura,SUKARNE,SUKARNE,2025-10-02,4430.2,0,4430.2,Tarjeta,Adquisición de mercancias,Pagado,,0,No aplíca,,2025-10-02T12:00:00,,,1
HIST25_3295,30236,Factura,SUKARNE,SUKARNE,2025-10-02,4150.1,0,4150.1,Tarjeta,Adquisición de mercancias,Pagado,,0,No aplíca,,2025-10-02T12:00:00,,,1
HIST25_3296,#FACTURA,Factura,Alsuper,Alsuper,2025-10-02,34.36,0,34.36,Tarjeta,Adquisición de mercancias,Pagado,,0,No aplíca,,2025-10-02T12:00:00,,,1
HIST25_3297,5999,Factura,Que Pescados!,Que Pescados!,2025-10-04,1350.0,0,1350.0,Tarjeta,Adquisición de mercancias,Pagado,,0,No aplíca,,2025-10-04T12:00:00,,,1
HIST25_3298,#FACTURA,,NOMINA,NOMINA,2025-10-03,9983.8,0,9983.8,Cheque,Gastos en General,Pagado,,0,No aplíca,,2025-10-03T12:00:00,,,1
HIST25_3299,70,Factura,Salsa La Moncha / Janeth Gonzalez (14 días),Salsa La Moncha / Janeth Gonzalez (14 días),2025-10-03,700.0,0,700.0,Transferencia,Adquisición de mercancias,Pagado,2025-10-08,5,Pendiente,,2025-10-03T12:00:00,,,1
HIST25_3300,710449,Factura,Casa Reza (7 días),Casa Reza (7 días),2025-10-03,3880.0,0,3880.0,Transferencia,Adquisición de mercancias,Pagado,2025-10-08,5,Pendiente,,2025-10-03T12:00:00,,,1
HIST25_3301,031025,Factura,TARTARAS LUZ ALICIA RODRIGUEZ,TARTARAS LUZ ALICIA RODRIGUEZ,2025-10-03,945.0,0,945.0,Transferencia,Adquisición de mercancias,Pagado,2025-10-08,5,Pendiente,,2025-10-03T12:00:00,,,1
HIST25_3302,03102025,Factura,La Espiga Dorada  / JUAN MANUEL CASTRO (7 días),La Espiga Dorada  / JUAN MANUEL CASTRO (7 días),2025-10-03,1320.0,0,1320.0,Transferencia,Adquisición de mercancias,Pagado,2025-10-07,4,Pendiente,,2025-10-03T12:00:00,,,1
HIST25_3303,12211,Factura,Colesa (7 días),Colesa (7 días),2025-10-03,1006.95,0,1006.95,Transferencia,Adquisición de mercancias,Pagado,2025-10-08,5,Pendiente,,2025-10-03T12:00:00,,,1
HIST25_3304,3568,Factura,Paser / Araceli V. Padilla (14 dias),Paser / Araceli V. Padilla (14 dias),2025-10-03,875.0,0,875.0,Transferencia,Adquisición de mercancias,Pagado,2025-10-17,14,Pendiente,,2025-10-03T12:00:00,,,1
HIST25_3305,60006,Factura,EMPAQUES Y ENVASES/JOSE LUIS MORALES GARCIA (7 días),EMPAQUES Y ENVASES/JOSE LUIS MORALES GARCIA (7 días),2025-10-04,1423.2,0,1423.2,Transferencia,Gastos en General,Pagado,2025-10-09,5,Pendiente,,2025-10-04T12:00:00,,,1
HIST25_3306,143071,Factura,Abarrotes Inst. (7 días),Abarrotes Inst. (7 días),2025-10-04,2184.45,0,2184.45,Transferencia,Adquisición de mercancias,Pagado,2025-10-09,5,Pendiente,,2025-10-04T12:00:00,,,1
HIST25_3307,71273,Factura,PROMAR DEL NORTE (14 DÍAS),PROMAR DEL NORTE (14 DÍAS),2025-10-04,3019.1,0,3019.1,Transferencia,Adquisición de mercancias,Pagado,2025-10-18,14,Pendiente,,2025-10-04T12:00:00,,,1
HIST25_3308,664,Factura,Dumbo / Diana Silva Ponce (12 días),Dumbo / Diana Silva Ponce (12 días),2025-10-02,960.0,0,960.0,Transferencia,Adquisición de mercancias,Pagado,2025-10-07,5,Pendiente,,2025-10-02T12:00:00,,,1
HIST25_3309,38784592,Factura,Bachoco,Bachoco,2025-10-03,20129.5,0,20129.5,Tarjeta,Adquisición de mercancias,Pagado,,0,No aplíca,,2025-10-03T12:00:00,,,1
HIST25_3310,30247,Factura,SUKARNE,SUKARNE,2025-10-03,3783.2,0,3783.2,Tarjeta,Adquisición de mercancias,Pagado,,0,No aplíca,,2025-10-03T12:00:00,,,1
HIST25_3311,#FACTURA,Factura,SORIANA,SORIANA,2025-10-03,40.07,0,40.07,Tarjeta,Adquisición de mercancias,Pagado,,0,No aplíca,,2025-10-03T12:00:00,,,1
HIST25_3312,693881,Factura,Combustibles del Bosque,Combustibles del Bosque,2025-10-02,479.8,0,479.8,Tarjeta,Adquisición de mercancias,Pagado,,0,No aplíca,,2025-10-02T12:00:00,,,1
HIST25_3313,122305,Factura,Colesa (7 días),Colesa (7 días),2025-10-06,1231.35,0,1231.35,Transferencia,Adquisición de mercancias,Pagado,2025-10-11,5,Pendiente,,2025-10-06T12:00:00,,,1
HIST25_3314,43027,Factura,"AGYDSA ""Aceite"" (7 días)","AGYDSA ""Aceite"" (7 días)",2025-10-06,2100.0,0,2100.0,Transferencia,Adquisición de mercancias,Pagado,2025-10-11,5,Pendiente,,2025-10-06T12:00:00,,,1
HIST25_3315,23269,Factura,Quesos y + Quesos / Armando Villanueva (7 días),Quesos y + Quesos / Armando Villanueva (7 días),2025-10-06,2451.25,0,2451.25,Transferencia,Adquisición de mercancias,Pagado,2025-10-11,5,Pendiente,,2025-10-06T12:00:00,,,1
HIST25_3316,024613,Factura,INIX COMERCIAL (20 DÍAS),INIX COMERCIAL (20 DÍAS),2025-10-06,5229.71,0,5229.71,Transferencia,Gastos en General,Pagado,2025-10-26,20,Pendiente,,2025-10-06T12:00:00,,,1
HIST25_3317,1855,Factura,SURTIDORA BOTANAS (7 DÍAS),SURTIDORA BOTANAS (7 DÍAS),2025-10-06,1061.34,0,1061.34,Transferencia,Adquisición de mercancias,Pagado,2025-10-11,5,Pendiente,,2025-10-06T12:00:00,,,1
HIST25_3318,3577,Factura,Paser / Araceli V. Padilla (14 dias),Paser / Araceli V. Padilla (14 dias),2025-10-06,875.0,0,875.0,Transferencia,Adquisición de mercancias,Pagado,2025-10-20,14,Pendiente,,2025-10-06T12:00:00,,,1
HIST25_3319,16378,Factura,Sazonico / especies MOY,Sazonico / especies MOY,2025-10-06,950.0,0,950.0,Tarjeta,Adquisición de mercancias,Pagado,,0,No aplíca,,2025-10-06T12:00:00,,,1
HIST25_3320,3929,Factura,Resistencias y controles,Resistencias y controles,2025-10-06,116.0,0,116.0,Tarjeta,Gastos en General,Pagado,,0,No aplíca,,2025-10-06T12:00:00,,,1
HIST25_3321,120836,Factura,Ricasa Limpieza,Ricasa Limpieza,2025-10-04,569.12,0,569.12,Tarjeta,Gastos en General,Pagado,,0,No aplíca,,2025-10-04T12:00:00,,,1
HIST25_3322,30283,Factura,SUKARNE,SUKARNE,2025-10-06,3725.3,0,3725.3,Tarjeta,Adquisición de mercancias,Pagado,,0,No aplíca,,2025-10-06T12:00:00,,,1
HIST25_3323,30282,Factura,SUKARNE,SUKARNE,2025-10-06,3773.0,0,3773.0,Tarjeta,Adquisición de mercancias,Pagado,,0,No aplíca,,2025-10-06T12:00:00,,,1
HIST25_3324,#FACTURA,Factura,Sam's Club,Sam's Club,2025-10-03,1212.38,0,1212.38,Tarjeta,Adquisición de mercancias,Pagado,,0,No aplíca,,2025-10-03T12:00:00,,,1
HIST25_3325,#FACTURA,Factura,Gelos Market,Gelos Market,2025-10-02,30.13,0,30.13,Tarjeta,Adquisición de mercancias,Pagado,,0,No aplíca,,2025-10-02T12:00:00,,,1
HIST25_3326,#FACTURA,Factura,Costco,Costco,2025-10-01,1324.0,0,1324.0,Tarjeta,Adquisición de mercancias,Pagado,,0,No aplíca,,2025-10-01T12:00:00,,,1
HIST25_3327,#FACTURA,Factura,Sam's Club,Sam's Club,2025-10-04,1276.0,0,1276.0,Tarjeta,Adquisición de mercancias,Pagado,,0,No aplíca,,2025-10-04T12:00:00,,,1
HIST25_3328,#FACTURA,Factura,Alsuper,Alsuper,2025-10-06,751.85,0,751.85,Tarjeta,Adquisición de mercancias,Pagado,,0,No aplíca,,2025-10-06T12:00:00,,,1
HIST25_3329,#FACTURA,Factura,Escuadron Montados y Burritos,Escuadron Montados y Burritos,2025-10-04,1548.0,0,1548.0,Tarjeta,Adquisición de mercancias,Pagado,,0,No aplíca,,2025-10-04T12:00:00,,,1
HIST25_3330,#FACTURA,Factura,Alsuper,Alsuper,2025-10-03,429.26,0,429.26,Tarjeta,Adquisición de mercancias,Pagado,,0,No aplíca,,2025-10-03T12:00:00,,,1
HIST25_3331,#FACTURA,Factura,Alsuper,Alsuper,2025-10-06,19.4,0,19.4,Tarjeta,Adquisición de mercancias,Pagado,,0,No aplíca,,2025-10-06T12:00:00,,,1
HIST25_3332,#FACTURA,Factura,Alsuper,Alsuper,2025-10-06,119.7,0,119.7,Tarjeta,Adquisición de mercancias,Pagado,,0,No aplíca,,2025-10-06T12:00:00,,,1
HIST25_3333,8040,Factura,Carvel Gasolina,Carvel Gasolina,2025-09-30,500.0,0,500.0,Tarjeta,Gastos en General,Pagado,,0,No aplíca,,2025-09-30T12:00:00,,,1
HIST25_3334,0834,Remisión,NARANJA Y LIMÓN (7 DÍAS),NARANJA Y LIMÓN (7 DÍAS),2025-10-07,1455.0,0,1455.0,Transferencia,Adquisición de mercancias,Pagado,2025-10-13,6,Pendiente,,2025-10-07T12:00:00,,,1
HIST25_3335,3582,Factura,Paser / Araceli V. Padilla (14 dias),Paser / Araceli V. Padilla (14 dias),2025-10-07,875.0,0,875.0,Transferencia,Adquisición de mercancias,Pagado,2025-10-21,14,Pendiente,,2025-10-07T12:00:00,,,1
HIST25_3336,76033,Factura,DIPACSA (7 días),DIPACSA (7 días),2025-10-07,1808.0,0,1808.0,Transferencia,Adquisición de mercancias,Pagado,2025-10-12,5,Pendiente,,2025-10-07T12:00:00,,,1
HIST25_3337,668,Factura,Dumbo / Diana Silva Ponce (12 días),Dumbo / Diana Silva Ponce (12 días),2025-10-07,870.0,0,870.0,Transferencia,Adquisición de mercancias,Pagado,2025-10-12,5,Pendiente,,2025-10-07T12:00:00,,,1
HIST25_3338,122404,Factura,Colesa (7 días),Colesa (7 días),2025-10-07,1806.55,0,1806.55,Transferencia,Adquisición de mercancias,Pagado,2025-10-12,5,Pendiente,,2025-10-07T12:00:00,,,1
HIST25_3339,#FACTURA,Factura,Alsuper,Alsuper,2025-10-07,457.15,0,457.15,Tarjeta,Adquisición de mercancias,Pagado,,0,No aplíca,,2025-10-07T12:00:00,,,1
HIST25_3340,#FACTURA,Factura,SUKARNE,SUKARNE,2025-10-07,11121.97,0,11121.97,Tarjeta,Adquisición de mercancias,Pagado,,0,No aplíca,,2025-10-07T12:00:00,,,1
HIST25_3341,#FACTURA,Factura,Alsuper,Alsuper,2025-10-06,566.33,0,566.33,Tarjeta,Adquisición de mercancias,Pagado,,0,No aplíca,,2025-10-06T12:00:00,,,1
HIST25_3342,#FACTURA,Factura,SUKARNE,SUKARNE,2025-10-04,3851.4,0,3851.4,Tarjeta,Adquisición de mercancias,Pagado,,0,No aplíca,,2025-10-04T12:00:00,,,1
HIST25_3343,30257,Factura,SUKARNE,SUKARNE,2025-10-04,4286.0,0,4286.0,Tarjeta,Adquisición de mercancias,Pagado,,0,No aplíca,,2025-10-04T12:00:00,,,1
HIST25_3344,30287,Factura,SUKARNE,SUKARNE,2025-10-07,3679.3,0,3679.3,Tarjeta,Adquisición de mercancias,Pagado,,0,No aplíca,,2025-10-07T12:00:00,,,1
HIST25_3345,30288,Factura,SUKARNE,SUKARNE,2025-10-07,3831.0,0,3831.0,Tarjeta,Adquisición de mercancias,Pagado,,0,No aplíca,,2025-10-07T12:00:00,,,1
HIST25_3346,#FACTURA,Factura,City Club,City Club,2025-10-07,704.15,0,704.15,Tarjeta,Adquisición de mercancias,Pagado,,0,No aplíca,,2025-10-07T12:00:00,,,1
HIST25_3347,122455,Factura,Colesa (7 días),Colesa (7 días),2025-10-08,637.2,0,637.2,Transferencia,Adquisición de mercancias,Pagado,2025-10-13,5,Pendiente,,2025-10-08T12:00:00,,,1
HIST25_3348,76051,Factura,DIPACSA (7 días),DIPACSA (7 días),2025-10-08,835.0,0,835.0,Transferencia,Adquisición de mercancias,Pagado,2025-10-13,5,Pendiente,,2025-10-08T12:00:00,,,1
HIST25_3349,5909,Factura,PIINCA (14 DÍAS),PIINCA (14 DÍAS),2025-10-08,1247.0,0,1247.0,Transferencia,Adquisición de mercancias,Pagado,2025-10-13,5,Pendiente,,2025-10-08T12:00:00,,,1
HIST25_3350,71326,Factura,PROMAR DEL NORTE (14 DÍAS),PROMAR DEL NORTE (14 DÍAS),2025-10-08,2156.5,0,2156.5,Transferencia,Adquisición de mercancias,Pagado,2025-10-22,14,Pendiente,,2025-10-08T12:00:00,,,1
HIST25_3351,143155,Factura,Abarrotes Inst. (7 días),Abarrotes Inst. (7 días),2025-10-08,1337.54,0,1337.54,Transferencia,Adquisición de mercancias,Pagado,2025-10-13,5,Pendiente,,2025-10-08T12:00:00,,,1
HIST25_3352,06102025,Remisión,Sal de mar/ Celia i. Germes,Sal de mar/ Celia i. Germes,2025-10-06,400.0,0,400.0,Transferencia,Adquisición de mercancias,Pagado,2025-10-11,5,Pendiente,,2025-10-06T12:00:00,,,1
HIST25_3353,122518,Factura,Colesa (7 días),Colesa (7 días),2025-10-09,1779.42,0,1779.42,Transferencia,Adquisición de mercancias,Pagado,2025-10-14,5,Pendiente,,2025-10-09T12:00:00,,,1
HIST25_3354,46175,Factura,Papas Santa Fe / Procepap (7 dias),Papas Santa Fe / Procepap (7 dias),2025-10-08,558.0,0,558.0,Transferencia,Adquisición de mercancias,Pagado,2025-10-13,5,Pendiente,,2025-10-08T12:00:00,,,1
HIST25_3355,#FACTURA,,NOMINA,NOMINA,2025-10-09,17197.2,0,17197.2,Transferencia,Gastos en General,Pagado,2025-10-09,0,No aplíca,,2025-10-09T12:00:00,,,1
HIST25_3356,#FACTURA,,SODEXO,SODEXO,2025-10-09,2032.65,0,2032.65,Transferencia,Gastos en General,Pagado,,0,Pendiente,,2025-10-09T12:00:00,,,1
HIST25_3357,7406,Remisión,La Cosecha / Guadalupe Caro S. (14 días),La Cosecha / Guadalupe Caro S. (14 días),2025-10-09,1275.0,0,1275.0,Transferencia,Adquisición de mercancias,Pagado,2025-10-24,15,Pendiente,,2025-10-09T12:00:00,,,1
HIST25_3358,60132,Factura,EMPAQUES Y ENVASES/JOSE LUIS MORALES GARCIA (7 días),EMPAQUES Y ENVASES/JOSE LUIS MORALES GARCIA (7 días),2025-10-09,979.2,0,979.2,Transferencia,Gastos en General,Pagado,2025-10-14,5,Pendiente,,2025-10-09T12:00:00,,,1
HIST25_3359,76083,Factura,DIPACSA (7 días),DIPACSA (7 días),2025-10-09,904.0,0,904.0,Transferencia,Adquisición de mercancias,Pagado,2025-10-14,5,Pendiente,,2025-10-09T12:00:00,,,1
HIST25_3360,71,Factura,Salsa La Moncha / Janeth Gonzalez (14 días),Salsa La Moncha / Janeth Gonzalez (14 días),2025-10-09,660.0,0,660.0,Transferencia,Adquisición de mercancias,Pagado,2025-10-14,5,Pendiente,,2025-10-09T12:00:00,,,1
HIST25_3361,3590,Factura,Paser / Araceli V. Padilla (14 dias),Paser / Araceli V. Padilla (14 dias),2025-10-09,875.0,0,875.0,Transferencia,Adquisición de mercancias,Pagado,2025-10-23,14,Pendiente,,2025-10-09T12:00:00,,,1
HIST25_3362,113923,Factura,SUKARNE,SUKARNE,2025-10-09,5514.96,0,5514.96,Tarjeta,Adquisición de mercancias,Pagado,,0,No aplíca,,2025-10-09T12:00:00,,,1
HIST25_3363,122657,Factura,Colesa (7 días),Colesa (7 días),2025-10-10,1563.02,0,1563.02,Transferencia,Adquisición de mercancias,Pagado,2025-10-15,5,Pendiente,,2025-10-10T12:00:00,,,1
HIST25_3364,60164,Factura,EMPAQUES Y ENVASES/JOSE LUIS MORALES GARCIA (7 días),EMPAQUES Y ENVASES/JOSE LUIS MORALES GARCIA (7 días),2025-10-10,988.99,0,988.99,Transferencia,Gastos en General,Pagado,2025-10-15,5,Pendiente,,2025-10-10T12:00:00,,,1
HIST25_3365,76122,Factura,DIPACSA (7 días),DIPACSA (7 días),2025-10-10,1808.0,0,1808.0,Transferencia,Adquisición de mercancias,Pagado,2025-10-15,5,Pendiente,,2025-10-10T12:00:00,,,1
HIST25_3366,143230,Factura,Abarrotes Inst. (7 días),Abarrotes Inst. (7 días),2025-10-10,943.06,0,943.06,Transferencia,Adquisición de mercancias,Pagado,2025-10-15,5,Pendiente,,2025-10-10T12:00:00,,,1
HIST25_3367,0842,Remisión,NARANJA Y LIMÓN (7 DÍAS),NARANJA Y LIMÓN (7 DÍAS),2025-10-11,1455.0,0,1455.0,Transferencia,Adquisición de mercancias,Pagado,2025-10-16,5,Pendiente,,2025-10-11T12:00:00,,,1
HIST25_3368,606019,Remisión,Productos Lácteos Los Pinos (7 DÍAS),Productos Lácteos Los Pinos (7 DÍAS),2025-10-09,880.0,0,880.0,Transferencia,Adquisición de mercancias,Pagado,2025-10-14,5,Pendiente,,2025-10-09T12:00:00,,,1
HIST25_3369,1905,Factura,SURTIDORA BOTANAS (7 DÍAS),SURTIDORA BOTANAS (7 DÍAS),2025-10-11,899.65,0,899.65,Transferencia,Adquisición de mercancias,Pagado,2025-10-16,5,Pendiente,,2025-10-11T12:00:00,,,1
HIST25_3370,3598,Factura,Paser / Araceli V. Padilla (14 dias),Paser / Araceli V. Padilla (14 dias),2025-10-11,875.0,0,875.0,Transferencia,Adquisición de mercancias,Pagado,2025-10-25,14,Pendiente,,2025-10-11T12:00:00,,,1
HIST25_3371,#FACTURA,,NOMINA,NOMINA,2025-10-10,8987.5,0,8987.5,Cheque,Gastos en General,Pagado,,0,No aplíca,,2025-10-10T12:00:00,,,1
HIST25_3372,38839685,Factura,Bachoco,Bachoco,2025-10-10,20033.32,0,20033.32,Tarjeta,Adquisición de mercancias,Pagado,,0,No aplíca,,2025-10-10T12:00:00,,,1
HIST25_3373,5058,Factura,Comercializados k28,Comercializados k28,2025-10-11,105.0,0,105.0,Tarjeta,Adquisición de mercancias,Pagado,,0,No aplíca,,2025-10-11T12:00:00,,,1
HIST25_3374,30331,Factura,SUKARNE,SUKARNE,2025-10-10,5051.6,0,5051.6,Tarjeta,Adquisición de mercancias,Pagado,,0,No aplíca,,2025-10-10T12:00:00,,,1
HIST25_3375,30331,Factura,SUKARNE,SUKARNE,2025-10-10,4352.8,0,4352.8,Tarjeta,Adquisición de mercancias,Pagado,,0,No aplíca,,2025-10-10T12:00:00,,,1
HIST25_3376,30349,Factura,SUKARNE,SUKARNE,2025-10-11,5497.8,0,5497.8,Tarjeta,Adquisición de mercancias,Pagado,,0,No aplíca,,2025-10-11T12:00:00,,,1
HIST25_3377,30350,Factura,SUKARNE,SUKARNE,2025-10-11,5973.5,0,5973.5,Tarjeta,Adquisición de mercancias,Pagado,,0,No aplíca,,2025-10-11T12:00:00,,,1
HIST25_3378,#FACTURA,Factura,Alsuper,Alsuper,2025-10-10,507.97,0,507.97,Tarjeta,Adquisición de mercancias,Pagado,,0,No aplíca,,2025-10-10T12:00:00,,,1
HIST25_3379,#FACTURA,Factura,Sam's Club,Sam's Club,2025-10-09,1069.59,0,1069.59,Tarjeta,Adquisición de mercancias,Pagado,,0,No aplíca,,2025-10-09T12:00:00,,,1
HIST25_3380,#FACTURA,Factura,Sam's Club,Sam's Club,2025-10-08,2391.87,0,2391.87,Tarjeta,Gastos en General,Pagado,,0,No aplíca,,2025-10-08T12:00:00,,,1
HIST25_3381,#FACTURA,Factura,Sam's Club,Sam's Club,2025-10-07,600.0,0,600.0,Tarjeta,Adquisición de mercancias,Pagado,,0,No aplíca,,2025-10-07T12:00:00,,,1
HIST25_3382,#FACTURA,Factura,Sam's Club,Sam's Club,2025-10-06,1072.95,0,1072.95,Tarjeta,Adquisición de mercancias,Pagado,,0,No aplíca,,2025-10-06T12:00:00,,,1
HIST25_3383,#FACTURA,Factura,Sam's Club,Sam's Club,2025-10-06,2790.7,0,2790.7,Tarjeta,Gastos en General,Pagado,,0,No aplíca,,2025-10-06T12:00:00,,,1
HIST25_3384,#FACTURA,Factura,Sam's Club,Sam's Club,2025-10-02,264.01,0,264.01,Tarjeta,Adquisición de mercancias,Pagado,,0,No aplíca,,2025-10-02T12:00:00,,,1
HIST25_3385,#FACTURA,Factura,Sam's Club,Sam's Club,2025-10-02,1263.97,0,1263.97,Tarjeta,Adquisición de mercancias,Pagado,,0,No aplíca,,2025-10-02T12:00:00,,,1
HIST25_3386,#FACTURA,Factura,Sam's Club,Sam's Club,2025-10-07,1373.92,0,1373.92,Tarjeta,Adquisición de mercancias,Pagado,,0,No aplíca,,2025-10-07T12:00:00,,,1
HIST25_3387,#FACTURA,Factura,Sam's Club,Sam's Club,2025-10-11,264.0,0,264.0,Tarjeta,Adquisición de mercancias,Pagado,,0,No aplíca,,2025-10-11T12:00:00,,,1
HIST25_3388,111413,Factura,Colesa (7 días),Colesa (7 días),2025-10-13,2081.0,0,2081.0,Transferencia,Adquisición de mercancias,Pagado,2025-10-18,5,Pendiente,,2025-10-13T12:00:00,,,1
HIST25_3389,23365,Factura,Quesos y + Quesos / Armando Villanueva (7 días),Quesos y + Quesos / Armando Villanueva (7 días),2025-10-13,2252.5,0,2252.5,Transferencia,Adquisición de mercancias,Pagado,2025-10-18,5,Pendiente,,2025-10-13T12:00:00,,,1
HIST25_3390,71400,Factura,PROMAR DEL NORTE (14 DÍAS),PROMAR DEL NORTE (14 DÍAS),2025-10-13,3019.1,0,3019.1,Transferencia,Adquisición de mercancias,Pagado,2025-10-27,14,Pendiente,,2025-10-13T12:00:00,,,1
HIST25_3391,43089,Remisión,"AGYDSA ""Aceite"" (7 días)","AGYDSA ""Aceite"" (7 días)",2025-10-13,2100.0,0,2100.0,Transferencia,Adquisición de mercancias,Pagado,2025-10-18,5,Pendiente,,2025-10-13T12:00:00,,,1
HIST25_3392,38858676,Factura,Bachoco,Bachoco,2025-10-13,22824.26,0,22824.26,Tarjeta,Adquisición de mercancias,Pagado,,0,No aplíca,,2025-10-13T12:00:00,,,1
HIST25_3393,1249,Factura,Leopoldo Lozoya chamberete,Leopoldo Lozoya chamberete,2025-10-11,1221.0,0,1221.0,Tarjeta,Adquisición de mercancias,Pagado,,0,No aplíca,,2025-10-11T12:00:00,,,1
HIST25_3394,87629,Factura,Carnicería La Chispa,Carnicería La Chispa,2025-10-13,200.0,0,200.0,Tarjeta,Adquisición de mercancias,Pagado,,0,No aplíca,,2025-10-13T12:00:00,,,1
HIST25_3395,#FACTURA,Factura,City Club,City Club,2025-10-09,1222.0,0,1222.0,Tarjeta,Adquisición de mercancias,Pagado,,0,No aplíca,,2025-10-09T12:00:00,,,1
HIST25_3396,#FACTURA,Factura,City Club,City Club,2025-10-09,268.0,0,268.0,Tarjeta,Gastos en General,Pagado,,0,No aplíca,,2025-10-09T12:00:00,,,1
HIST25_3397,#FACTURA,Factura,City Club,City Club,2025-10-10,425.0,0,425.0,Tarjeta,Adquisición de mercancias,Pagado,,0,No aplíca,,2025-10-10T12:00:00,,,1
HIST25_3398,#FACTURA,Factura,Sam's Club,Sam's Club,2025-10-13,1383.0,0,1383.0,Tarjeta,Adquisición de mercancias,Pagado,,0,No aplíca,,2025-10-13T12:00:00,,,1
HIST25_3399,#FACTURA,Factura,Sam's Club,Sam's Club,2025-10-11,680.0,0,680.0,Tarjeta,Adquisición de mercancias,Pagado,,0,No aplíca,,2025-10-11T12:00:00,,,1
HIST25_3400,#FACTURA,Factura,Sam's Club,Sam's Club,2025-10-10,1853.0,0,1853.0,Tarjeta,Adquisición de mercancias,Pagado,,0,No aplíca,,2025-10-10T12:00:00,,,1
HIST25_3401,#FACTURA,Factura,WALMART,WALMART,2025-10-11,62.0,0,62.0,Tarjeta,Adquisición de mercancias,Pagado,,0,No aplíca,,2025-10-11T12:00:00,,,1
HIST25_3402,#FACTURA,Factura,Costco,Costco,2025-10-10,2638.9,0,2638.9,Tarjeta,Gastos en General,Pagado,,0,No aplíca,,2025-10-10T12:00:00,,,1
HIST25_3403,#FACTURA,Factura,Costco,Costco,2025-10-13,119.0,0,119.0,Tarjeta,Adquisición de mercancias,Pagado,,0,No aplíca,,2025-10-13T12:00:00,,,1
HIST25_3404,#FACTURA,Factura,Costco,Costco,2025-10-10,408.0,0,408.0,Tarjeta,Adquisición de mercancias,Pagado,,0,No aplíca,,2025-10-10T12:00:00,,,1
HIST25_3405,#FACTURA,Factura,Alsuper,Alsuper,2025-10-13,74.7,0,74.7,Tarjeta,Adquisición de mercancias,Pagado,,0,No aplíca,,2025-10-13T12:00:00,,,1
HIST25_3406,#FACTURA,Factura,Alsuper,Alsuper,2025-10-13,493.15,0,493.15,Tarjeta,Adquisición de mercancias,Pagado,,0,No aplíca,,2025-10-13T12:00:00,,,1
HIST25_3407,30369,Factura,SUKARNE,SUKARNE,2025-10-13,3847.6,0,3847.6,Tarjeta,Adquisición de mercancias,Pagado,,0,No aplíca,,2025-10-13T12:00:00,,,1
HIST25_3408,#FACTURA,Factura,Que Pescados!,Que Pescados!,2025-10-13,1350.0,0,1350.0,Tarjeta,Adquisición de mercancias,Pagado,,0,No aplíca,,2025-10-13T12:00:00,,,1
HIST25_3409,7477,Remisión,La Cosecha / Guadalupe Caro S. (14 días),La Cosecha / Guadalupe Caro S. (14 días),2025-10-15,1465.0,0,1465.0,Transferencia,Adquisición de mercancias,Pagado,2025-10-29,14,Pendiente,,2025-10-15T12:00:00,,,1
HIST25_3410,3605,Factura,Paser / Araceli V. Padilla (14 dias),Paser / Araceli V. Padilla (14 dias),2025-10-14,875.0,0,875.0,Transferencia,Adquisición de mercancias,Pagado,2025-10-28,14,Pendiente,,2025-10-14T12:00:00,,,1
HIST25_3411,710898,Factura,Casa Reza (7 días),Casa Reza (7 días),2025-10-14,3880.0,0,3880.0,Transferencia,Adquisición de mercancias,Pagado,2025-10-19,5,Pendiente,,2025-10-14T12:00:00,,,1
HIST25_3412,31384,Factura,Papas Santa Fe / Procepap (7 dias),Papas Santa Fe / Procepap (7 dias),2025-10-14,1113.2,0,1113.2,Transferencia,Adquisición de mercancias,Pagado,2025-10-19,5,Pendiente,,2025-10-14T12:00:00,,,1
HIST25_3413,122905,Factura,Colesa (7 días),Colesa (7 días),2025-10-14,1296.45,0,1296.45,Transferencia,Adquisición de mercancias,Pagado,2025-10-19,5,Pendiente,,2025-10-14T12:00:00,,,1
HIST25_3414,122928,Factura,Colesa (7 días),Colesa (7 días),2025-10-15,937.8,0,937.8,Transferencia,Adquisición de mercancias,Pagado,2025-10-20,5,Pendiente,,2025-10-15T12:00:00,,,1
HIST25_3415,76222,Factura,DIPACSA (7 días),DIPACSA (7 días),2025-10-15,2643.0,0,2643.0,Transferencia,Adquisición de mercancias,Pagado,2025-10-20,5,Pendiente,,2025-10-15T12:00:00,,,1
HIST25_3416,355961,Factura,Casa Myers,Casa Myers,2025-10-15,164.4,0,164.4,Tarjeta,Gastos en General,Pagado,,0,No aplíca,,2025-10-15T12:00:00,,,1
HIST25_3417,355887,Factura,Casa Myers,Casa Myers,2025-10-14,69.54,0,69.54,Tarjeta,Gastos en General,Pagado,,0,No aplíca,,2025-10-14T12:00:00,,,1
HIST25_3418,#FACTURA,Factura,Alsuper,Alsuper,2025-10-14,36.02,0,36.02,Tarjeta,Adquisición de mercancias,Pagado,,0,No aplíca,,2025-10-14T12:00:00,,,1
HIST25_3419,#FACTURA,Factura,Alsuper,Alsuper,2025-10-14,429.17,0,429.17,Tarjeta,Adquisición de mercancias,Pagado,,0,No aplíca,,2025-10-14T12:00:00,,,1
HIST25_3420,#FACTURA,Factura,TORREY / IRMA OLIVIA,TORREY / IRMA OLIVIA,2025-10-14,625.0,0,625.0,Tarjeta,Gastos en General,Pagado,,0,No aplíca,,2025-10-14T12:00:00,,,1
HIST25_3421,#FACTURA,Factura,Carnicería La Chispa,Carnicería La Chispa,2025-10-14,14000.0,0,14000.0,Tarjeta,Adquisición de mercancias,Pagado,,0,No aplíca,,2025-10-14T12:00:00,,,1
HIST25_3422,#FACTURA,,IMSS,IMSS,2025-10-15,17865.8,0,17865.8,Transferencia,Gastos en General,Pagado,,0,Pendiente,,2025-10-15T12:00:00,,,1
HIST25_3423,#FACTURA,,ISN,ISN,2025-10-15,5163.0,0,5163.0,Transferencia,Gastos en General,Pagado,,0,Pendiente,,2025-10-15T12:00:00,,,1
HIST25_3424,143376,Factura,Abarrotes Inst. (7 días),Abarrotes Inst. (7 días),2025-10-15,1566.83,0,1566.83,Transferencia,Adquisición de mercancias,Pagado,2025-10-20,5,Pendiente,,2025-10-15T12:00:00,,,1
HIST25_3425,71443,Factura,PROMAR DEL NORTE (14 DÍAS),PROMAR DEL NORTE (14 DÍAS),2025-10-15,3019.1,0,3019.1,Transferencia,Adquisición de mercancias,Pagado,2025-10-29,14,Pendiente,,2025-10-15T12:00:00,,,1
HIST25_3426,109705,Factura,Diplas / Hector A Portillo (20 días),Diplas / Hector A Portillo (20 días),2025-10-15,3024.99,0,3024.99,Transferencia,Adquisición de mercancias,Pagado,2025-10-29,14,Pendiente,,2025-10-15T12:00:00,,,1
HIST25_3427,15102025,Factura,La Espiga Dorada  / JUAN MANUEL CASTRO (7 días),La Espiga Dorada  / JUAN MANUEL CASTRO (7 días),2025-10-15,1320.0,0,1320.0,Transferencia,Adquisición de mercancias,Pagado,2025-10-19,4,Pendiente,,2025-10-15T12:00:00,,,1
HIST25_3428,38877364,Factura,Bachoco,Bachoco,2025-10-15,14828.48,0,14828.48,Tarjeta,Adquisición de mercancias,Pagado,,0,No aplíca,,2025-10-15T12:00:00,,,1
HIST25_3429,87661,Factura,Carnicería La Chispa,Carnicería La Chispa,2025-10-15,7600.0,0,7600.0,Tarjeta,Adquisición de mercancias,Pagado,,0,No aplíca,,2025-10-15T12:00:00,,,1
HIST25_3430,#FACTURA,Factura,Alsuper,Alsuper,2025-10-15,194.37,0,194.37,Tarjeta,Adquisición de mercancias,Pagado,,0,No aplíca,,2025-10-15T12:00:00,,,1
HIST25_3431,#FACTURA,Factura,Sam's Club,Sam's Club,2025-10-14,1090.51,0,1090.51,Tarjeta,Adquisición de mercancias,Pagado,,0,No aplíca,,2025-10-14T12:00:00,,,1
HIST25_3432,,,NOMINA,NOMINA,2025-10-16,17928.6,0,17928.6,Transferencia,Gastos en General,Pagado,,0,Pendiente,,2025-10-16T12:00:00,,,1
HIST25_3433,#FACTURA,,SODEXO,SODEXO,2025-10-16,2069.6,0,2069.6,Transferencia,Gastos en General,Pagado,,0,Pendiente,,2025-10-16T12:00:00,,,1
HIST25_3434,612166,Remisión,Productos Lácteos Los Pinos (7 DÍAS),Productos Lácteos Los Pinos (7 DÍAS),2025-10-16,400.0,0,400.0,Transferencia,Adquisición de mercancias,Pagado,2025-10-21,5,Pendiente,,2025-10-16T12:00:00,,,1
HIST25_3435,0303,Remisión,NARANJA Y LIMÓN (7 DÍAS),NARANJA Y LIMÓN (7 DÍAS),2025-10-17,1455.0,0,1455.0,Transferencia,Adquisición de mercancias,Pagado,2025-10-22,5,Pendiente,,2025-10-17T12:00:00,,,1
HIST25_3436,60307,Factura,EMPAQUES Y ENVASES/JOSE LUIS MORALES GARCIA (7 días),EMPAQUES Y ENVASES/JOSE LUIS MORALES GARCIA (7 días),2025-10-15,1278.2,0,1278.2,Transferencia,Gastos en General,Pagado,2025-10-20,5,Pendiente,,2025-10-15T12:00:00,,,1
HIST25_3437,672,Factura,Dumbo / Diana Silva Ponce (12 días),Dumbo / Diana Silva Ponce (12 días),2025-10-17,960.0,0,960.0,Transferencia,Adquisición de mercancias,Pagado,2025-10-22,5,Pendiente,,2025-10-17T12:00:00,,,1
HIST25_3438,024760,Factura,INIX COMERCIAL (20 DÍAS),INIX COMERCIAL (20 DÍAS),2025-10-15,8090.76,0,8090.76,Transferencia,Gastos en General,Pagado,2025-11-04,20,Pendiente,,2025-10-15T12:00:00,,,1
HIST25_3439,123146,Factura,Colesa (7 días),Colesa (7 días),2025-10-17,2550.35,0,2550.35,Transferencia,Adquisición de mercancias,Pagado,2025-10-22,5,Pendiente,,2025-10-17T12:00:00,,,1
HIST25_3440,123049,Factura,Colesa (7 días),Colesa (7 días),2025-10-16,872.21,0,872.21,Transferencia,Adquisición de mercancias,Pagado,2025-10-21,5,Pendiente,,2025-10-16T12:00:00,,,1
HIST25_3441,024779,Factura,INIX COMERCIAL (20 DÍAS),INIX COMERCIAL (20 DÍAS),2025-10-16,517.68,0,517.68,Transferencia,Gastos en General,Pagado,2025-11-05,20,Pendiente,,2025-10-16T12:00:00,,,1
HIST25_3442,3616,Factura,Paser / Araceli V. Padilla (14 dias),Paser / Araceli V. Padilla (14 dias),2025-10-16,875.0,0,875.0,Transferencia,Adquisición de mercancias,Pagado,2025-10-30,14,Pendiente,,2025-10-16T12:00:00,,,1
HIST25_3443,17102025,Factura,Chiltepin / Jorge Cruz Ramos Juarez,Chiltepin / Jorge Cruz Ramos Juarez,2025-10-17,351.0,0,351.0,Transferencia,Adquisición de mercancias,Pagado,2025-10-22,5,Pendiente,,2025-10-17T12:00:00,,,1
HIST25_3444,76300,Factura,DIPACSA (7 días),DIPACSA (7 días),2025-10-17,3188.0,0,3188.0,Transferencia,Adquisición de mercancias,Pagado,2025-10-22,5,Pendiente,,2025-10-17T12:00:00,,,1
HIST25_3445,1953,Factura,SURTIDORA BOTANAS (7 DÍAS),SURTIDORA BOTANAS (7 DÍAS),2025-10-18,656.6,0,656.6,Transferencia,Adquisición de mercancias,Pagado,2025-10-23,5,Pendiente,,2025-10-18T12:00:00,,,1
HIST25_3446,60387,Factura,EMPAQUES Y ENVASES/JOSE LUIS MORALES GARCIA (7 días),EMPAQUES Y ENVASES/JOSE LUIS MORALES GARCIA (7 días),2025-10-18,5430.99,0,5430.99,Transferencia,Gastos en General,Pagado,2025-10-23,5,Pendiente,,2025-10-18T12:00:00,,,1
HIST25_3447,61787,Factura,KEY QUÍMICA (14 DÍAS),KEY QUÍMICA (14 DÍAS),2025-10-17,1991.26,0,1991.26,Transferencia,Gastos en General,Pagado,2025-10-31,14,Pendiente,,2025-10-17T12:00:00,,,1
HIST25_3448,123176,Factura,Colesa (7 días),Colesa (7 días),2025-10-18,600.0,0,600.0,Transferencia,Adquisición de mercancias,Pagado,2025-10-23,5,Pendiente,,2025-10-18T12:00:00,,,1
HIST25_3449,143489,Factura,Abarrotes Inst. (7 días),Abarrotes Inst. (7 días),2025-10-20,1325.14,0,1325.14,Transferencia,Adquisición de mercancias,Pagado,2025-10-25,5,Pendiente,,2025-10-20T12:00:00,,,1
HIST25_3450,71510,Factura,PROMAR DEL NORTE (14 DÍAS),PROMAR DEL NORTE (14 DÍAS),2025-10-20,3019.1,0,3019.1,Transferencia,Adquisición de mercancias,Pagado,2025-11-04,15,Pendiente,,2025-10-20T12:00:00,,,1
HIST25_3451,76346,Factura,DIPACSA (7 días),DIPACSA (7 días),2025-10-20,1808.0,0,1808.0,Transferencia,Adquisición de mercancias,Pagado,2025-10-25,5,Pendiente,,2025-10-20T12:00:00,,,1
HIST25_3452,677,Factura,Dumbo / Diana Silva Ponce (12 días),Dumbo / Diana Silva Ponce (12 días),2025-10-21,870.0,0,870.0,Transferencia,Adquisición de mercancias,Pagado,2025-10-24,3,Pendiente,,2025-10-21T12:00:00,,,1
HIST25_3453,20OCT25,Factura,TARTARAS LUZ ALICIA RODRIGUEZ,TARTARAS LUZ ALICIA RODRIGUEZ,2025-10-20,945.0,0,945.0,Transferencia,Adquisición de mercancias,Pagado,2025-10-25,5,Pendiente,,2025-10-20T12:00:00,,,1
HIST25_3454,T,Factura,SUKARNE,SUKARNE,2025-10-20,4375.23,0,4375.23,Tarjeta,Adquisición de mercancias,Pagado,,0,No aplíca,,2025-10-20T12:00:00,,,1
HIST25_3455,T,Factura,SUKARNE,SUKARNE,2025-10-20,4841.03,0,4841.03,Tarjeta,Adquisición de mercancias,Pagado,,0,No aplíca,,2025-10-20T12:00:00,,,1
HIST25_3456,T,Factura,Alsuper,Alsuper,2025-10-18,249.32,0,249.32,Tarjeta,Adquisición de mercancias,Pagado,,0,No aplíca,,2025-10-18T12:00:00,,,1
HIST25_3457,T,Factura,Abarrotes Inst. (7 días),Abarrotes Inst. (7 días),2025-10-18,49.55,0,49.55,Tarjeta,Adquisición de mercancias,Pagado,,0,No aplíca,,2025-10-18T12:00:00,,,1
HIST25_3458,T,Factura,Gelos Market,Gelos Market,2025-10-17,34.32,0,34.32,Tarjeta,Adquisición de mercancias,Pagado,,0,No aplíca,,2025-10-17T12:00:00,,,1
HIST25_3459,T,Factura,Gelos Market,Gelos Market,2025-10-10,63.56,0,63.56,Efectivo,,Pagado,,0,No aplíca,,2025-10-10T12:00:00,,,1
HIST25_3460,T,Factura,Sam's Club,Sam's Club,2025-10-18,511.0,0,511.0,Tarjeta,Adquisición de mercancias,Pagado,,0,No aplíca,,2025-10-18T12:00:00,,,1
HIST25_3461,T,Factura,Sam's Club,Sam's Club,2025-10-18,3298.99,0,3298.99,Tarjeta,Adquisición de mercancias,Pagado,,0,No aplíca,,2025-10-18T12:00:00,,,1
HIST25_3462,T,Factura,City Club,City Club,2025-10-18,363.0,0,363.0,Tarjeta,Adquisición de mercancias,Pagado,,0,No aplíca,,2025-10-18T12:00:00,,,1
HIST25_3463,T,Factura,Alsuper,Alsuper,2025-10-11,18.9,0,18.9,Tarjeta,Adquisición de mercancias,Pagado,,0,No aplíca,,2025-10-11T12:00:00,,,1
HIST25_3464,T,Factura,Costco gas s.a,Costco gas s.a,2025-10-16,911.6,0,911.6,Tarjeta,Gastos en General,Pagado,,0,No aplíca,,2025-10-16T12:00:00,,,1
HIST25_3465,30443,Factura,SUKARNE,SUKARNE,2025-10-18,4258.7,0,4258.7,Tarjeta,Adquisición de mercancias,Pagado,,0,No aplíca,,2025-10-18T12:00:00,,,1
HIST25_3466,30444,Factura,SUKARNE,SUKARNE,2025-10-18,3776.3,0,3776.3,Tarjeta,Adquisición de mercancias,Pagado,,0,No aplíca,,2025-10-18T12:00:00,,,1
HIST25_3467,#FACTURA698891,Factura,Combustibles del Bosque,Combustibles del Bosque,2025-10-16,479.8,0,479.8,Tarjeta,Gastos en General,Pagado,2025-10-16,0,No aplíca,,2025-10-16T12:00:00,,,1
HIST25_3468,T,Factura,Especias Naturales del Norte,Especias Naturales del Norte,2025-10-14,950.0,0,950.0,Tarjeta,Adquisición de mercancias,Pagado,,0,No aplíca,,2025-10-14T12:00:00,,,1
HIST25_3469,T,Factura,SORIANA,SORIANA,2025-10-15,901.75,0,901.75,Tarjeta,Adquisición de mercancias,Pagado,,0,No aplíca,,2025-10-15T12:00:00,,,1
HIST25_3470,T,Factura,SORIANA,SORIANA,2025-10-14,309.5,0,309.5,Tarjeta,Adquisición de mercancias,Pagado,,0,No aplíca,,2025-10-14T12:00:00,,,1
HIST25_3471,T,Remisión,City Club,City Club,2025-10-16,1547.0,0,1547.0,Tarjeta,Adquisición de mercancias,Pagado,,0,No aplíca,,2025-10-16T12:00:00,,,1
HIST25_3472,T,Factura,Sam's Club,Sam's Club,2025-10-16,1311.0,0,1311.0,Tarjeta,Adquisición de mercancias,Pagado,,0,No aplíca,,2025-10-16T12:00:00,,,1
HIST25_3473,T,Factura,Sam's Club,Sam's Club,2025-10-16,600.0,0,600.0,Tarjeta,Adquisición de mercancias,Pagado,,0,No aplíca,,2025-10-16T12:00:00,,,1
HIST25_3474,T,Factura,Sam's Club,Sam's Club,2025-10-14,790.0,0,790.0,Tarjeta,Adquisición de mercancias,Pagado,,0,No aplíca,,2025-10-14T12:00:00,,,1
HIST25_3475,T,Factura,Alsuper,Alsuper,2025-10-16,209.7,0,209.7,Tarjeta,Adquisición de mercancias,Pagado,,0,No aplíca,,2025-10-16T12:00:00,,,1
HIST25_3476,T,Factura,Costco,Costco,2025-10-15,815.0,0,815.0,Tarjeta,Adquisición de mercancias,Pagado,,0,No aplíca,,2025-10-15T12:00:00,,,1
HIST25_3477,30410,Factura,SUKARNE,SUKARNE,2025-10-16,4283.7,0,4283.7,Tarjeta,Adquisición de mercancias,Pagado,,0,No aplíca,,2025-10-16T12:00:00,,,1
HIST25_3478,30409,Factura,SUKARNE,SUKARNE,2025-10-16,5100.4,0,5100.4,Tarjeta,Adquisición de mercancias,Pagado,,0,No aplíca,,2025-10-16T12:00:00,,,1
HIST25_3479,T,Factura,Alsuper,Alsuper,2025-10-17,263.61,0,263.61,Tarjeta,Adquisición de mercancias,Pagado,,0,No aplíca,,2025-10-17T12:00:00,,,1
HIST25_3480,T,Factura,Alsuper,Alsuper,2025-10-17,386.13,0,386.13,Tarjeta,Adquisición de mercancias,Pagado,,0,No aplíca,,2025-10-17T12:00:00,,,1
HIST25_3481,T,Factura,Alsuper,Alsuper,2025-10-17,105.7,0,105.7,Tarjeta,Adquisición de mercancias,Pagado,,0,No aplíca,,2025-10-17T12:00:00,,,1
HIST25_3482,30426,Factura,SUKARNE,SUKARNE,2025-10-17,3726.4,0,3726.4,Tarjeta,Adquisición de mercancias,Pagado,,0,No aplíca,,2025-10-17T12:00:00,,,1
HIST25_3483,T,Remisión,SUKARNE,SUKARNE,2025-10-17,5631.24,0,5631.24,Tarjeta,Adquisición de mercancias,Pagado,,0,No aplíca,,2025-10-17T12:00:00,,,1
HIST25_3484,1255,Factura,Leopoldo Lozoya chamberete,Leopoldo Lozoya chamberete,2025-10-18,4249.5,0,4249.5,Tarjeta,Adquisición de mercancias,Pagado,,0,No aplíca,,2025-10-18T12:00:00,,,1
HIST25_3485,91289,Factura,Plastiproductos del Norte,Plastiproductos del Norte,2025-10-15,435.89,0,435.89,Tarjeta,Adquisición de mercancias,Pagado,,0,No aplíca,,2025-10-15T12:00:00,,,1
HIST25_3486,38893478,Factura,Bachoco,Bachoco,2025-10-17,16220.01,0,16220.01,Tarjeta,Adquisición de mercancias,Pagado,,0,No aplíca,,2025-10-17T12:00:00,,,1
HIST25_3487,9645,Factura,AB Pollo,AB Pollo,2025-10-21,1114.8,0,1114.8,Tarjeta,Adquisición de mercancias,Pagado,,0,No aplíca,,2025-10-21T12:00:00,,,1
HIST25_3488,49538,Factura,TORREY / IRMA OLIVIA,TORREY / IRMA OLIVIA,2025-10-18,485.0,0,485.0,Tarjeta,Adquisición de mercancias,Pagado,,0,No aplíca,,2025-10-18T12:00:00,,,1
HIST25_3489,38913114,Factura,Bachoco,Bachoco,2025-10-20,19657.16,0,19657.16,Tarjeta,Adquisición de mercancias,Pagado,,0,No aplíca,,2025-10-20T12:00:00,,,1
HIST25_3490,51996,Remisión,"AGYDSA ""Aceite"" (7 días)","AGYDSA ""Aceite"" (7 días)",2025-10-21,2800.0,0,2800.0,Transferencia,Adquisición de mercancias,Pagado,2025-10-26,5,Pendiente,,2025-10-21T12:00:00,,,1
HIST25_3491,23497,Factura,Quesos y + Quesos / Armando Villanueva (7 días),Quesos y + Quesos / Armando Villanueva (7 días),2025-10-21,2318.75,0,2318.75,Transferencia,Adquisición de mercancias,Pagado,2025-10-26,5,Pendiente,,2025-10-21T12:00:00,,,1
HIST25_3492,3651,Factura,Paser / Araceli V. Padilla (14 dias),Paser / Araceli V. Padilla (14 dias),2025-10-21,875.0,0,875.0,Transferencia,Adquisición de mercancias,Pagado,2025-10-26,5,Pendiente,,2025-10-21T12:00:00,,,1
HIST25_3493,3623,Factura,Paser / Araceli V. Padilla (14 dias),Paser / Araceli V. Padilla (14 dias),2025-10-18,875.0,0,875.0,Transferencia,Adquisición de mercancias,Pagado,2025-10-23,5,Pendiente,,2025-10-18T12:00:00,,,1
HIST25_3494,1967,Factura,SURTIDORA BOTANAS (7 DÍAS),SURTIDORA BOTANAS (7 DÍAS),2025-10-21,1049.58,0,1049.58,Transferencia,Adquisición de mercancias,Pagado,2025-10-26,5,Pendiente,,2025-10-21T12:00:00,,,1
HIST25_3495,60437,Factura,EMPAQUES Y ENVASES/JOSE LUIS MORALES GARCIA (7 días),EMPAQUES Y ENVASES/JOSE LUIS MORALES GARCIA (7 días),2025-10-21,521.2,0,521.2,Transferencia,Adquisición de mercancias,Pagado,2025-10-26,5,Pendiente,,2025-10-21T12:00:00,,,1
HIST25_3496,123299,Factura,Colesa (7 días),Colesa (7 días),2025-10-21,2791.86,0,2791.86,Transferencia,Adquisición de mercancias,Pagado,2025-10-26,5,Pendiente,,2025-10-21T12:00:00,,,1
HIST25_3497,76406,Factura,DIPACSA (7 días),DIPACSA (7 días),2025-10-22,835.0,0,835.0,Transferencia,Adquisición de mercancias,Pagado,2025-10-27,5,Pendiente,,2025-10-22T12:00:00,,,1
HIST25_3498,38929923,Factura,Bachoco,Bachoco,2025-10-22,21947.13,0,21947.13,Tarjeta,Adquisición de mercancias,Pagado,,0,No aplíca,,2025-10-22T12:00:00,,,1
HIST25_3499,49758,Factura,Bodega Eléctrica,Bodega Eléctrica,2025-10-22,259.84,0,259.84,Tarjeta,Adquisición de mercancias,Pagado,,0,No aplíca,,2025-10-22T12:00:00,,,1
HIST25_3500,T,Remisión,Mayoreo de carnes,Mayoreo de carnes,2025-10-22,2430.0,0,2430.0,Tarjeta,Adquisición de mercancias,Pagado,,0,No aplíca,,2025-10-22T12:00:00,,,1
HIST25_3501,T,Factura,Alsuper,Alsuper,2025-10-22,474.91,0,474.91,Tarjeta,Adquisición de mercancias,Pagado,,0,No aplíca,,2025-10-22T12:00:00,,,1
HIST25_3502,T,Factura,Alsuper,Alsuper,2025-10-22,199.8,0,199.8,Tarjeta,Adquisición de mercancias,Pagado,,0,No aplíca,,2025-10-22T12:00:00,,,1
HIST25_3503,30481,Factura,SUKARNE,SUKARNE,2025-10-22,4280.5,0,4280.5,Tarjeta,Adquisición de mercancias,Pagado,,0,No aplíca,,2025-10-22T12:00:00,,,1
HIST25_3504,114148,Factura,SUKARNE,SUKARNE,2025-10-22,5048.99,0,5048.99,Tarjeta,Adquisición de mercancias,Pagado,,0,No aplíca,,2025-10-22T12:00:00,,,1
HIST25_3505,2834966,Factura,Costco,Costco,2025-10-21,861.19,0,861.19,Tarjeta,Gastos en General,Pagado,,0,No aplíca,,2025-10-21T12:00:00,,,1
HIST25_3506,T,Factura,Costco,Costco,2025-10-21,1552.0,0,1552.0,Tarjeta,Adquisición de mercancias,Pagado,,0,No aplíca,,2025-10-21T12:00:00,,,1
HIST25_3507,T,Factura,Sam's Club,Sam's Club,2025-10-20,1696.0,0,1696.0,Tarjeta,Adquisición de mercancias,Pagado,,0,No aplíca,,2025-10-20T12:00:00,,,1
HIST25_3508,T,Factura,Sam's Club,Sam's Club,2025-10-20,1312.0,0,1312.0,Tarjeta,Adquisición de mercancias,Pagado,,0,No aplíca,,2025-10-20T12:00:00,,,1
HIST25_3509,123392,Factura,Colesa (7 días),Colesa (7 días),2025-10-22,1488.05,0,1488.05,Transferencia,Adquisición de mercancias,Pagado,2025-10-27,5,Pendiente,,2025-10-22T12:00:00,,,1
HIST25_3510,118,Factura,ALMEN Electromecanicos,ALMEN Electromecanicos,2025-10-21,2436.0,0,2436.0,Transferencia,Gastos en General,Pagado,2025-10-23,2,Pendiente,,2025-10-21T12:00:00,,,1
HIST25_3511,123465,Factura,Colesa (7 días),Colesa (7 días),2025-10-23,911.85,0,911.85,Transferencia,Adquisición de mercancias,Pagado,2025-10-28,5,Pendiente,,2025-10-23T12:00:00,,,1
HIST25_3512,T,Factura,Gelos Market,Gelos Market,2025-10-23,108.92,0,108.92,Tarjeta,Adquisición de mercancias,Pagado,,0,No aplíca,,2025-10-23T12:00:00,,,1
HIST25_3513,T,Factura,EMPAQUES Y ENVASES/JOSE LUIS MORALES GARCIA (7 días),EMPAQUES Y ENVASES/JOSE LUIS MORALES GARCIA (7 días),2025-10-23,509.0,0,509.0,Tarjeta,Adquisición de mercancias,Pagado,,0,No aplíca,,2025-10-23T12:00:00,,,1
HIST25_3514,T,Factura,STEREN,STEREN,2025-10-21,19.0,0,19.0,Tarjeta,Gastos en General,Pagado,,0,No aplíca,,2025-10-21T12:00:00,,,1
HIST25_3515,6095A,Factura,Que Pescados!,Que Pescados!,2025-10-23,1350.0,0,1350.0,Tarjeta,Adquisición de mercancias,Pagado,,0,No aplíca,,2025-10-23T12:00:00,,,1
HIST25_3516,30485,Factura,SUKARNE,SUKARNE,2025-10-23,4591.4,0,4591.4,Tarjeta,Adquisición de mercancias,Pagado,,0,No aplíca,,2025-10-23T12:00:00,,,1
HIST25_3517,30484,Factura,SUKARNE,SUKARNE,2025-10-22,4622.0,0,4622.0,Tarjeta,Adquisición de mercancias,Pagado,,0,No aplíca,,2025-10-22T12:00:00,,,1
HIST25_3518,680,Factura,Dumbo / Diana Silva Ponce (12 días),Dumbo / Diana Silva Ponce (12 días),2025-10-22,870.0,0,870.0,Transferencia,Adquisición de mercancias,Pagado,2025-10-27,5,Pendiente,,2025-10-22T12:00:00,,,1
HIST25_3519,60482,Factura,EMPAQUES Y ENVASES/JOSE LUIS MORALES GARCIA (7 días),EMPAQUES Y ENVASES/JOSE LUIS MORALES GARCIA (7 días),2025-10-22,951.0,0,951.0,Transferencia,Adquisición de mercancias,Pagado,2025-10-27,5,Pendiente,,2025-10-22T12:00:00,,,1
HIST25_3520,EFBCH-13201630,Factura,ECOGAS MEXICO,ECOGAS MEXICO,2025-10-16,5916.0,0,5916.0,Transferencia,Gastos en General,Pagado,2025-10-23,7,Pendiente,,2025-10-16T12:00:00,,,1
HIST25_3521,,,SODEXO,SODEXO,2025-10-23,1921.77,0,1921.77,Transferencia,Gastos en General,Pagado,2025-10-24,1,Pendiente,,2025-10-23T12:00:00,,,1
HIST25_3522,,,NOMINA,NOMINA,2025-10-24,22930.0,0,22930.0,Transferencia,Gastos en General,Pagado,,0,Pendiente,,2025-10-24T12:00:00,,,1
HIST25_3523,0315,Remisión,NARANJA Y LIMÓN (7 DÍAS),NARANJA Y LIMÓN (7 DÍAS),2025-10-24,720.0,0,720.0,Transferencia,Adquisición de mercancias,Pagado,2025-10-29,5,Pendiente,,2025-10-24T12:00:00,,,1
HIST25_3524,7117,Remisión,La Cosecha / Guadalupe Caro S. (14 días),La Cosecha / Guadalupe Caro S. (14 días),2025-10-23,1600.0,0,1600.0,Transferencia,Adquisición de mercancias,Pagado,2025-10-31,8,Pendiente,,2025-10-23T12:00:00,,,1
HIST25_3525,612962,Remisión,Productos Lácteos Los Pinos (7 DÍAS),Productos Lácteos Los Pinos (7 DÍAS),2025-10-23,720.0,0,720.0,Transferencia,Adquisición de mercancias,Pagado,2025-10-28,5,Pendiente,,2025-10-23T12:00:00,,,1
HIST25_3526,#FACTURA,,JUNTA MUNICIPAL DE AGUA (JMAS),JUNTA MUNICIPAL DE AGUA (JMAS),2025-10-27,3000.0,0,3000.0,Transferencia,Gastos en General,Pagado,2025-11-04,8,Pendiente,,2025-10-27T12:00:00,,,1
HIST25_3527,024842,Factura,INIX COMERCIAL (20 DÍAS),INIX COMERCIAL (20 DÍAS),2025-10-24,8771.9,0,8771.9,Transferencia,Gastos en General,Pagado,2025-11-13,20,Pendiente,,2025-10-24T12:00:00,,,1
HIST25_3528,114010,Factura,Abarrotes Inst. (7 días),Abarrotes Inst. (7 días),2025-10-24,1919.26,0,1919.26,Transferencia,Adquisición de mercancias,Pagado,2025-10-29,5,Pendiente,,2025-10-24T12:00:00,,,1
HIST25_3529,76462,Factura,DIPACSA (7 días),DIPACSA (7 días),2025-10-24,2712.0,0,2712.0,Transferencia,Adquisición de mercancias,Pagado,2025-10-29,5,Pendiente,,2025-10-24T12:00:00,,,1
HIST25_3530,1994,Factura,Frijol / Gozalo Gallegos /Empacadora Chih  (7 días),Frijol / Gozalo Gallegos /Empacadora Chih  (7 días),2025-10-23,945.0,0,945.0,Transferencia,Adquisición de mercancias,Pagado,2025-10-28,5,Pendiente,,2025-10-23T12:00:00,,,1
HIST25_3531,123536,Factura,Colesa (7 días),Colesa (7 días),2025-10-24,1110.0,0,1110.0,Transferencia,Adquisición de mercancias,Pagado,2025-10-29,5,Pendiente,,2025-10-24T12:00:00,,,1
HIST25_3532,4233,Factura,Ma Eugenia Payan / Tortillas (14 días),Ma Eugenia Payan / Tortillas (14 días),2025-10-22,8998.0,0,8998.0,Transferencia,Adquisición de mercancias,Pagado,2025-11-05,14,Pendiente,,2025-10-22T12:00:00,,,1
HIST25_3533,114000,Factura,Abarrotes Inst. (7 días),Abarrotes Inst. (7 días),2025-10-23,1566.83,0,1566.83,Transferencia,Adquisición de mercancias,Pagado,2025-10-28,5,Pendiente,,2025-10-23T12:00:00,,,1
HIST25_3534,231025,Factura,La Espiga Dorada  / JUAN MANUEL CASTRO (7 días),La Espiga Dorada  / JUAN MANUEL CASTRO (7 días),2025-10-23,1320.0,0,1320.0,Transferencia,Adquisición de mercancias,Pagado,2025-10-28,5,Pendiente,,2025-10-23T12:00:00,,,1
HIST25_3535,71556,Factura,PROMAR DEL NORTE (14 DÍAS),PROMAR DEL NORTE (14 DÍAS),2025-10-23,2876.5,0,2876.5,Transferencia,Adquisición de mercancias,Pagado,2025-11-06,14,Pendiente,,2025-10-23T12:00:00,,,1
HIST25_3536,3659,Factura,Paser / Araceli V. Padilla (14 dias),Paser / Araceli V. Padilla (14 dias),2025-10-24,875.0,0,875.0,Transferencia,Adquisición de mercancias,Pagado,2025-11-07,14,Pendiente,,2025-10-24T12:00:00,,,1
HIST25_3537,76,Factura,Salsa La Moncha / Janeth Gonzalez (14 días),Salsa La Moncha / Janeth Gonzalez (14 días),2025-10-24,495.0,0,495.0,Transferencia,Adquisición de mercancias,Pagado,2025-10-29,5,Pendiente,,2025-10-24T12:00:00,,,1
HIST25_3538,23565,Factura,Quesos y + Quesos / Armando Villanueva (7 días),Quesos y + Quesos / Armando Villanueva (7 días),2025-10-25,2371.75,0,2371.75,Transferencia,Adquisición de mercancias,Pagado,2025-10-30,5,Pendiente,,2025-10-25T12:00:00,,,1
HIST25_3539,2011,Factura,SURTIDORA BOTANAS (7 DÍAS),SURTIDORA BOTANAS (7 DÍAS),2025-10-25,654.64,0,654.64,Transferencia,Adquisición de mercancias,Pagado,2025-10-30,5,Pendiente,,2025-10-25T12:00:00,,,1
HIST25_3540,716,Factura,PROMAR DEL NORTE (14 DÍAS),PROMAR DEL NORTE (14 DÍAS),2025-10-27,3019.1,0,3019.1,Transferencia,Adquisición de mercancias,Pagado,2025-11-10,14,Pendiente,,2025-10-27T12:00:00,,,1
HIST25_3541,123750,Factura,Colesa (7 días),Colesa (7 días),2025-10-27,1598.35,0,1598.35,Transferencia,Adquisición de mercancias,Pagado,2025-11-01,5,Pendiente,,2025-10-27T12:00:00,,,1
HIST25_3542,711381,Factura,Casa Reza (7 días),Casa Reza (7 días),2025-10-25,3880.0,0,3880.0,Transferencia,Adquisición de mercancias,Pagado,2025-10-30,5,Pendiente,,2025-10-25T12:00:00,,,1
HIST25_3543,47011,Factura,Papas Santa Fe / Procepap (7 dias),Papas Santa Fe / Procepap (7 dias),2025-10-25,586.8,0,586.8,Transferencia,Adquisición de mercancias,Pagado,2025-10-30,5,Pendiente,,2025-10-25T12:00:00,,,1
HIST25_3544,123661,Factura,Colesa (7 días),Colesa (7 días),2025-10-25,1712.1,0,1712.1,Transferencia,Adquisición de mercancias,Pagado,2025-10-30,5,Pendiente,,2025-10-25T12:00:00,,,1
HIST25_3545,t,Factura,Alsuper,Alsuper,2025-10-27,1440.0,0,1440.0,Tarjeta,Adquisición de mercancias,Pagado,,0,No aplíca,,2025-10-27T12:00:00,,,1
HIST25_3546,T,Factura,Alsuper,Alsuper,2025-10-27,418.5,0,418.5,Tarjeta,Adquisición de mercancias,Pagado,,0,No aplíca,,2025-10-27T12:00:00,,,1
HIST25_3547,4689,Factura,FUMIGACIONES AGUIRRE Y AG,FUMIGACIONES AGUIRRE Y AG,2025-10-28,1132.74,0,1132.74,Transferencia,Gastos en General,Pagado,2025-11-11,14,Pendiente,,2025-10-28T12:00:00,,,1
HIST25_3548,47135,Factura,Papas Santa Fe / Procepap (7 dias),Papas Santa Fe / Procepap (7 dias),2025-10-28,522.0,0,522.0,Transferencia,Adquisición de mercancias,Pagado,2025-11-03,6,Pendiente,,2025-10-28T12:00:00,,,1
HIST25_3549,77,Factura,Salsa La Moncha / Janeth Gonzalez (14 días),Salsa La Moncha / Janeth Gonzalez (14 días),2025-10-28,695.0,0,695.0,Transferencia,Adquisición de mercancias,Pagado,2025-11-02,5,Pendiente,,2025-10-28T12:00:00,,,1
HIST25_3550,7162,Remisión,La Cosecha / Guadalupe Caro S. (14 días),La Cosecha / Guadalupe Caro S. (14 días),2025-10-28,1392.0,0,1392.0,Transferencia,Adquisición de mercancias,Pagado,2025-11-11,14,Pendiente,,2025-10-28T12:00:00,,,1
HIST25_3551,43155,Factura,"AGYDSA ""Aceite"" (7 días)","AGYDSA ""Aceite"" (7 días)",2025-10-28,2100.0,0,2100.0,Transferencia,Adquisición de mercancias,Pagado,2025-11-02,5,Pendiente,,2025-10-28T12:00:00,,,1
HIST25_3552,123707,Factura,Colesa (7 días),Colesa (7 días),2025-10-28,1318.44,0,1318.44,Transferencia,Adquisición de mercancias,Pagado,2025-11-02,5,Pendiente,,2025-10-28T12:00:00,,,1
HIST25_3553,60615,Factura,EMPAQUES Y ENVASES/JOSE LUIS MORALES GARCIA (7 días),EMPAQUES Y ENVASES/JOSE LUIS MORALES GARCIA (7 días),2025-10-27,715.0,0,715.0,Transferencia,Gastos en General,Pagado,2025-11-01,5,Pendiente,,2025-10-27T12:00:00,,,1
HIST25_3554,88858,Factura,miselec chihuahua,miselec chihuahua,2025-10-27,1571.38,0,1571.38,Tarjeta,Gastos en General,Pagado,,0,No aplíca,,2025-10-27T12:00:00,,,1
HIST25_3555,16429,Factura,Sazonico / especies MOY,Sazonico / especies MOY,2025-10-23,950.0,0,950.0,Tarjeta,Adquisición de mercancias,Pagado,,0,No aplíca,,2025-10-23T12:00:00,,,1
HIST25_3556,38947356,Factura,Bachoco,Bachoco,2025-10-24,13533.84,0,13533.84,Tarjeta,Adquisición de mercancias,Pagado,,0,No aplíca,,2025-10-24T12:00:00,,,1
HIST25_3557,101801,Factura,EQUIPOS Y SISTEMAS HIDRAULICOS,EQUIPOS Y SISTEMAS HIDRAULICOS,2025-10-24,4826.01,0,4826.01,Tarjeta,Gastos en General,Pagado,,0,No aplíca,,2025-10-24T12:00:00,,,1
HIST25_3558,#FACTURA,,NOMINA,NOMINA,2025-10-23,2868.8,0,2868.8,Cheque,Gastos en General,Pagado,,0,No aplíca,,2025-10-23T12:00:00,,,1
HIST25_3559,17584,Factura,María Magdalena Olivas / Comercial Eléctrica,María Magdalena Olivas / Comercial Eléctrica,2025-10-27,150.0,0,150.0,Tarjeta,Gastos en General,Pagado,,0,No aplíca,,2025-10-27T12:00:00,,,1
HIST25_3560,38966657,Factura,Bachoco,Bachoco,2025-10-27,21725.18,0,21725.18,Tarjeta,Adquisición de mercancias,Pagado,,0,No aplíca,,2025-10-27T12:00:00,,,1
HIST25_3561,#FACTURA,Factura,HOME DEPOT,HOME DEPOT,2025-10-26,1816.47,0,1816.47,Tarjeta,Gastos en General,Pagado,,0,No aplíca,,2025-10-26T12:00:00,,,1
HIST25_3562,#FACTURA,Factura,Alsuper,Alsuper,2025-10-27,1439.3,0,1439.3,Tarjeta,Adquisición de mercancias,Pagado,,0,No aplíca,,2025-10-27T12:00:00,,,1
HIST25_3563,#FACTURA,Factura,HOME DEPOT,HOME DEPOT,2025-10-26,270.0,0,270.0,Tarjeta,Gastos en General,Pagado,,0,No aplíca,,2025-10-26T12:00:00,,,1
HIST25_3564,#FACTURA,Factura,HOME DEPOT,HOME DEPOT,2025-10-26,298.9,0,298.9,Tarjeta,Gastos en General,Pagado,,0,No aplíca,,2025-10-26T12:00:00,,,1
HIST25_3565,#FACTURA,Factura,Alsuper,Alsuper,2025-10-27,418.5,0,418.5,Tarjeta,Adquisición de mercancias,Pagado,,0,No aplíca,,2025-10-27T12:00:00,,,1
HIST25_3566,#FACTURA,Factura,Alsuper,Alsuper,2025-10-25,1335.4,0,1335.4,Tarjeta,Adquisición de mercancias,Pagado,,0,No aplíca,,2025-10-25T12:00:00,,,1
HIST25_3567,30538,Factura,SUKARNE,SUKARNE,2025-10-27,3906.6,0,3906.6,Tarjeta,Adquisición de mercancias,Pagado,,0,No aplíca,,2025-10-27T12:00:00,,,1
HIST25_3568,30530,Factura,SUKARNE,SUKARNE,2025-10-25,4750.6,0,4750.6,Tarjeta,Adquisición de mercancias,Pagado,,0,No aplíca,,2025-10-25T12:00:00,,,1
HIST25_3569,30531,Factura,SUKARNE,SUKARNE,2025-10-25,3889.7,0,3889.7,Tarjeta,Adquisición de mercancias,Pagado,,0,No aplíca,,2025-10-25T12:00:00,,,1
HIST25_3570,#FACTURA,Factura,Alsuper,Alsuper,2025-10-24,239.9,0,239.9,Tarjeta,Adquisición de mercancias,Pagado,,0,No aplíca,,2025-10-24T12:00:00,,,1
HIST25_3571,#FACTURA,Factura,Alsuper,Alsuper,2025-10-24,197.39,0,197.39,Tarjeta,Adquisición de mercancias,Pagado,,0,No aplíca,,2025-10-24T12:00:00,,,1
HIST25_3572,30510,Factura,SUKARNE,SUKARNE,2025-10-24,4108.6,0,4108.6,Tarjeta,Adquisición de mercancias,Pagado,,0,No aplíca,,2025-10-24T12:00:00,,,1
HIST25_3573,30509,Factura,SUKARNE,SUKARNE,2025-10-24,5565.2,0,5565.2,Tarjeta,Adquisición de mercancias,Pagado,,0,No aplíca,,2025-10-24T12:00:00,,,1
HIST25_3574,114180,Factura,SUKARNE,SUKARNE,2025-10-23,4832.75,0,4832.75,Tarjeta,Adquisición de mercancias,Pagado,,0,No aplíca,,2025-10-23T12:00:00,,,1
HIST25_3575,#FACTURA,Factura,Alsuper,Alsuper,2025-10-23,310.2,0,310.2,Tarjeta,Adquisición de mercancias,Pagado,,0,No aplíca,,2025-10-23T12:00:00,,,1
HIST25_3576,30540,Factura,SUKARNE,SUKARNE,2025-10-27,4394.9,0,4394.9,Tarjeta,Adquisición de mercancias,Pagado,,0,No aplíca,,2025-10-27T12:00:00,,,1
HIST25_3577,#FACTURA,Factura,Alsuper,Alsuper,2025-10-25,121.8,0,121.8,Tarjeta,Adquisición de mercancias,Pagado,,0,No aplíca,,2025-10-25T12:00:00,,,1
HIST25_3578,#FACTURA,Factura,Alsuper,Alsuper,2025-10-25,65.9,0,65.9,Tarjeta,Adquisición de mercancias,Pagado,,0,No aplíca,,2025-10-25T12:00:00,,,1
HIST25_3579,#FACTURA,Factura,Alsuper,Alsuper,2025-10-23,987.95,0,987.95,Tarjeta,Adquisición de mercancias,Pagado,,0,No aplíca,,2025-10-23T12:00:00,,,1
HIST25_3580,#FACTURA,Factura,Sam's Club,Sam's Club,2025-10-25,185.0,0,185.0,Tarjeta,Gastos en General,Pagado,,0,No aplíca,,2025-10-25T12:00:00,,,1
HIST25_3581,#FACTURA,Factura,Sam's Club,Sam's Club,2025-10-25,1731.0,0,1731.0,Tarjeta,Adquisición de mercancias,Pagado,,0,No aplíca,,2025-10-25T12:00:00,,,1
HIST25_3582,#FACTURA,Factura,SORIANA,SORIANA,2025-10-23,234.0,0,234.0,Tarjeta,Adquisición de mercancias,Pagado,,0,No aplíca,,2025-10-23T12:00:00,,,1
HIST25_3583,#FACTURA,Factura,City Club,City Club,2025-10-27,1435.0,0,1435.0,Tarjeta,Adquisición de mercancias,Pagado,,0,No aplíca,,2025-10-27T12:00:00,,,1
HIST25_3584,#FACTURA,Factura,Costco,Costco,2025-10-27,398.0,0,398.0,Tarjeta,Adquisición de mercancias,Pagado,,0,No aplíca,,2025-10-27T12:00:00,,,1
HIST25_3585,#FACTURA,Factura,Costco,Costco,2025-10-24,870.21,0,870.21,Tarjeta,Gastos en General,Pagado,,0,No aplíca,,2025-10-24T12:00:00,,,1
HIST25_3586,#FACTURA,Factura,Costco,Costco,2025-10-24,263.4,0,263.4,Tarjeta,Adquisición de mercancias,Pagado,,0,No aplíca,,2025-10-24T12:00:00,,,1
HIST25_3587,11885,Factura,OverTape / Manufacturera de Cintas Adhesivas,OverTape / Manufacturera de Cintas Adhesivas,2025-10-29,3421.81,0,3421.81,Transferencia,Gastos en General,Pagado,2025-10-29,0,Pendiente,,2025-10-29T12:00:00,,,1
HIST25_3588,0324,Remisión,NARANJA Y LIMÓN (7 DÍAS),NARANJA Y LIMÓN (7 DÍAS),2025-10-29,1455.0,0,1455.0,Transferencia,Adquisición de mercancias,Pagado,2025-11-03,5,Pendiente,,2025-10-29T12:00:00,,,1
HIST25_3589,3665,Factura,Paser / Araceli V. Padilla (14 dias),Paser / Araceli V. Padilla (14 dias),2025-10-25,875.0,0,875.0,Transferencia,Adquisición de mercancias,Pagado,2025-11-08,14,Pendiente,,2025-10-25T12:00:00,,,1
HIST25_3590,3686,Factura,Paser / Araceli V. Padilla (14 dias),Paser / Araceli V. Padilla (14 dias),2025-10-29,1750.0,0,1750.0,Transferencia,Adquisición de mercancias,Pagado,2025-11-12,14,Pendiente,,2025-10-29T12:00:00,,,1
HIST25_3591,123911,Factura,Colesa (7 días),Colesa (7 días),2025-10-29,1446.7,0,1446.7,Transferencia,Adquisición de mercancias,Pagado,2025-11-03,5,Pendiente,,2025-10-29T12:00:00,,,1
HIST25_3592,4689,Factura,Fumigaciones Aguirre (14 días),Fumigaciones Aguirre (14 días),2025-10-28,1132.74,0,1132.74,Transferencia,Gastos en General,Pagado,2025-11-11,14,Pendiente,,2025-10-28T12:00:00,,,1
HIST25_3593,683,Factura,Dumbo / Diana Silva Ponce (12 días),Dumbo / Diana Silva Ponce (12 días),2025-10-27,1630.0,0,1630.0,Transferencia,Adquisición de mercancias,Pagado,2025-11-01,5,Pendiente,,2025-10-27T12:00:00,,,1
HIST25_3594,143852,Factura,Abarrotes Inst. (7 días),Abarrotes Inst. (7 días),2025-10-29,1403.06,0,1403.06,Transferencia,Adquisición de mercancias,Pagado,2025-11-03,5,Pendiente,,2025-10-29T12:00:00,,,1
HIST25_3595,38984229,Factura,Bachoco,Bachoco,2025-10-29,13154.19,0,13154.19,Tarjeta,Adquisición de mercancias,Pagado,,0,No aplíca,,2025-10-29T12:00:00,,,1
HIST25_3596,13141,Factura,Gas El Sobrante,Gas El Sobrante,2025-10-28,600.0,0,600.0,Tarjeta,Gastos en General,Pagado,,0,No aplíca,,2025-10-28T12:00:00,,,1
HIST25_3597,110292,Factura,Diplas / Hector A Portillo (20 días),Diplas / Hector A Portillo (20 días),2025-10-29,1518.43,0,1518.43,Transferencia,Gastos en General,Pagado,2025-11-12,14,Pendiente,,2025-10-29T12:00:00,,,1
HIST25_3598,07248,Factura,ADOSA,ADOSA,2025-10-29,160.5,0,160.5,Tarjeta,Gastos en General,Pagado,,0,No aplíca,,2025-10-29T12:00:00,,,1
HIST25_3599,30562,Factura,SUKARNE,SUKARNE,2025-10-29,3788.7,0,3788.7,Tarjeta,Adquisición de mercancias,Pagado,,0,No aplíca,,2025-10-29T12:00:00,,,1
HIST25_3600,30563,Factura,SUKARNE,SUKARNE,2025-10-29,5346.3,0,5346.3,Tarjeta,Adquisición de mercancias,Pagado,,0,No aplíca,,2025-10-29T12:00:00,,,1
HIST25_3601,#FACTURA,Factura,Alsuper,Alsuper,2025-10-29,2291.48,0,2291.48,Tarjeta,Adquisición de mercancias,Pagado,,0,No aplíca,,2025-10-29T12:00:00,,,1
HIST25_3602,#FACTURA,Factura,SUKARNE,SUKARNE,2025-10-28,4942.21,0,4942.21,Tarjeta,Adquisición de mercancias,Pagado,,0,No aplíca,,2025-10-28T12:00:00,,,1
HIST25_3603,,,NOMINA,NOMINA,2025-10-30,21010.6,0,21010.6,Transferencia,Gastos en General,Pagado,,0,Pendiente,,2025-10-30T12:00:00,,,1
HIST25_3604,,,SODEXO,SODEXO,2025-10-30,2697.78,0,2697.78,Transferencia,Gastos en General,Pagado,,0,Pendiente,,2025-10-30T12:00:00,,,1
HIST25_3605,,,T. CREDITO LEA,T. CREDITO LEA,2025-10-30,46563.3,0,46563.3,Transferencia,Gastos en General,Pagado,,0,Pendiente,,2025-10-30T12:00:00,,,1
HIST25_3606,,,SGMM LEA,SGMM LEA,2025-10-30,5903.7,0,5903.7,Transferencia,Gastos en General,Pagado,,0,Pendiente,,2025-10-30T12:00:00,,,1
HIST25_3607,60712,Factura,EMPAQUES Y ENVASES/JOSE LUIS MORALES GARCIA (7 días),EMPAQUES Y ENVASES/JOSE LUIS MORALES GARCIA (7 días),2025-10-30,1224.01,0,1224.01,Transferencia,Gastos en General,Pagado,2025-11-04,5,Pendiente,,2025-10-30T12:00:00,,,1
HIST25_3608,76623,Factura,DIPACSA (7 días),DIPACSA (7 días),2025-10-30,2679.0,0,2679.0,Transferencia,Adquisición de mercancias,Pagado,2025-11-04,5,Pendiente,,2025-10-30T12:00:00,,,1
HIST25_3609,4235,Factura,Ma Eugenia Payan / Tortillas (14 días),Ma Eugenia Payan / Tortillas (14 días),2025-10-30,3124.0,0,3124.0,Transferencia,Adquisición de mercancias,Pagado,2025-11-13,14,Pendiente,,2025-10-30T12:00:00,,,1
HIST25_3610,#FACTURA,Factura,WALMART,WALMART,2025-10-29,209.0,0,209.0,Tarjeta,Adquisición de mercancias,Pagado,,0,No aplíca,,2025-10-29T12:00:00,,,1
HIST25_3611,#FACTURA,Factura,Costco gas s.a,Costco gas s.a,2025-10-28,2758.85,0,2758.85,Transferencia,Gastos en General,Pagado,,0,No aplíca,,2025-10-28T12:00:00,,,1
HIST25_3612,#FACTURA,Factura,Costco gas s.a,Costco gas s.a,2025-10-29,1310.45,0,1310.45,Tarjeta,Gastos en General,Pagado,,0,No aplíca,,2025-10-29T12:00:00,,,1
HIST25_3613,#FACTURA,Factura,Alsuper,Alsuper,2025-10-30,1972.63,0,1972.63,Tarjeta,Adquisición de mercancias,Pagado,,0,No aplíca,,2025-10-30T12:00:00,,,1
HIST25_3614,#FACTURA,Factura,Alsuper,Alsuper,2025-10-29,2291.48,0,2291.48,Tarjeta,Adquisición de mercancias,Pagado,,0,No aplíca,,2025-10-29T12:00:00,,,1
HIST25_3615,#FACTURA,Factura,Alsuper,Alsuper,2025-10-28,199.8,0,199.8,Tarjeta,Adquisición de mercancias,Pagado,,0,No aplíca,,2025-10-28T12:00:00,,,1
HIST25_3616,30549,Factura,SUKARNE,SUKARNE,2025-10-28,4369.6,0,4369.6,Tarjeta,Adquisición de mercancias,Pagado,,0,No aplíca,,2025-10-28T12:00:00,,,1
HIST25_3617,#FACTURA,Factura,SUKARNE,SUKARNE,2025-10-28,683.55,0,683.55,Tarjeta,Adquisición de mercancias,Pagado,,0,No aplíca,,2025-10-28T12:00:00,,,1
HIST25_3618,114292,Factura,SUKARNE,SUKARNE,2025-10-30,4883.27,0,4883.27,Tarjeta,Adquisición de mercancias,Pagado,,0,No aplíca,,2025-10-30T12:00:00,,,1
HIST25_3619,30578,Factura,SUKARNE,SUKARNE,2025-10-30,4218.1,0,4218.1,Tarjeta,Adquisición de mercancias,Pagado,,0,No aplíca,,2025-10-30T12:00:00,,,1
HIST25_3620,124340,Factura,Ricasa Limpieza,Ricasa Limpieza,2025-10-29,569.12,0,569.12,Tarjeta,Gastos en General,Pagado,,0,No aplíca,,2025-10-29T12:00:00,,,1
HIST25_3621,124054,Factura,Colesa (7 días),Colesa (7 días),2025-10-31,2535.4,0,2535.4,Transferencia,Adquisición de mercancias,Pagado,2025-11-05,5,Pendiente,,2025-10-31T12:00:00,,,1
HIST25_3622,71670,Factura,PROMAR DEL NORTE (14 DÍAS),PROMAR DEL NORTE (14 DÍAS),2025-10-31,3019.1,0,3019.1,Transferencia,Adquisición de mercancias,Pagado,2025-11-14,14,Pendiente,,2025-10-31T12:00:00,,,1
HIST25_3623,76659,Factura,DIPACSA (7 días),DIPACSA (7 días),2025-10-31,2578.0,0,2578.0,Transferencia,Adquisición de mercancias,Pagado,2025-11-05,5,Pendiente,,2025-10-31T12:00:00,,,1
HIST25_3624,29102025,Factura,La Espiga Dorada  / JUAN MANUEL CASTRO (7 días),La Espiga Dorada  / JUAN MANUEL CASTRO (7 días),2025-10-30,660.0,0,660.0,Transferencia,Adquisición de mercancias,Pagado,2025-11-03,4,Pendiente,,2025-10-30T12:00:00,,,1
HIST25_3625,124012,Factura,Colesa (7 días),Colesa (7 días),2025-10-30,1107.2,0,1107.2,Transferencia,Adquisición de mercancias,Pagado,2025-11-04,5,Pendiente,,2025-10-30T12:00:00,,,1
HIST25_3626,43,Factura,Carmen Ortega P. / Salsa Macha Pepis (14 días),Carmen Ortega P. / Salsa Macha Pepis (14 días),2025-10-30,1440.0,0,1440.0,Transferencia,Adquisición de mercancias,Pagado,2025-11-14,15,Pendiente,,2025-10-30T12:00:00,,,1
HIST25_3627,T,Factura,Alsuper,Alsuper,2025-11-02,334.1,0,334.1,Tarjeta,Adquisición de mercancias,Pagado,,0,No aplíca,,2025-11-02T12:00:00,,,1
HIST25_3628,#FACTURA,Factura,Combustibles del Bosque,Combustibles del Bosque,2025-10-31,479.8,0,479.8,Tarjeta,Gastos en General,Pagado,,0,No aplíca,,2025-10-31T12:00:00,,,1
HIST25_3629,T,Factura,Alsuper,Alsuper,2025-10-31,672.98,0,672.98,Tarjeta,Adquisición de mercancias,Pagado,,0,No aplíca,,2025-10-31T12:00:00,,,1
HIST25_3630,T,Factura,Abastecedora de Fierro y Acero,Abastecedora de Fierro y Acero,2025-10-30,427.29,0,427.29,Tarjeta,Adquisición de mercancias,Pagado,,0,No aplíca,,2025-10-30T12:00:00,,,1
HIST25_3631,47304,Factura,Papas Santa Fe / Procepap (7 dias),Papas Santa Fe / Procepap (7 dias),2025-10-31,543.6,0,543.6,Transferencia,Adquisición de mercancias,Pagado,2025-11-05,5,Pendiente,,2025-10-31T12:00:00,,,1
HIST25_3632,024978,Factura,INIX COMERCIAL (20 DÍAS),INIX COMERCIAL (20 DÍAS),2025-10-31,6194.41,0,6194.41,Transferencia,Gastos en General,Pagado,2025-11-20,20,Pendiente,,2025-10-31T12:00:00,,,1
HIST25_3633,3699,Factura,Paser / Araceli V. Padilla (14 dias),Paser / Araceli V. Padilla (14 dias),2025-10-31,1750.0,0,1750.0,Transferencia,Adquisición de mercancias,Pagado,2025-11-14,14,Pendiente,,2025-10-31T12:00:00,,,1
HIST25_3634,7502,Remisión,La Cosecha / Guadalupe Caro S. (14 días),La Cosecha / Guadalupe Caro S. (14 días),2025-11-01,1490.0,0,1490.0,Transferencia,Adquisición de mercancias,Pagado,2025-11-15,14,Pendiente,,2025-11-01T12:00:00,,,1
HIST25_3635,144006,Factura,Abarrotes Inst. (7 días),Abarrotes Inst. (7 días),2025-11-03,2343.41,0,2343.41,Transferencia,Adquisición de mercancias,Pagado,2025-11-08,5,Pendiente,,2025-11-03T12:00:00,,,1
HIST25_3636,60789,Factura,EMPAQUES Y ENVASES/JOSE LUIS MORALES GARCIA (7 días),EMPAQUES Y ENVASES/JOSE LUIS MORALES GARCIA (7 días),2025-11-03,1165.5,0,1165.5,Transferencia,Gastos en General,Pagado,2025-11-08,5,Pendiente,,2025-11-03T12:00:00,,,1
HIST25_3637,124200,Factura,Colesa (7 días),Colesa (7 días),2025-11-03,849.1,0,849.1,Transferencia,Adquisición de mercancias,Pagado,2025-11-08,5,Pendiente,,2025-11-03T12:00:00,,,1
HIST25_3638,43222,Remisión,"AGYDSA ""Aceite"" (7 días)","AGYDSA ""Aceite"" (7 días)",2025-11-03,2100.0,0,2100.0,Transferencia,Adquisición de mercancias,Pagado,2025-11-08,5,Pendiente,,2025-11-03T12:00:00,,,1
HIST25_3639,110506,Factura,Diplas / Hector A Portillo (20 días),Diplas / Hector A Portillo (20 días),2025-11-03,3093.8,0,3093.8,Transferencia,Gastos en General,Pagado,2025-11-23,20,Pendiente,,2025-11-03T12:00:00,,,1
HIST25_3640,2068,Factura,SURTIDORA BOTANAS (7 DÍAS),SURTIDORA BOTANAS (7 DÍAS),2025-11-03,1272.04,0,1272.04,Transferencia,Adquisición de mercancias,Pagado,2025-11-08,5,Pendiente,,2025-11-03T12:00:00,,,1
HIST25_3641,1264,Factura,Leopoldo Lozoya chamberete,Leopoldo Lozoya chamberete,2025-10-27,2430.0,0,2430.0,Tarjeta,Adquisición de mercancias,Pagado,,0,No aplíca,,2025-10-27T12:00:00,,,1
HIST25_3642,567369,Factura,AUTOZONE,AUTOZONE,2025-11-01,299.0,0,299.0,Tarjeta,Gastos en General,Pagado,,0,No aplíca,,2025-11-01T12:00:00,,,1
HIST25_3643,164491,Factura,Especias Naturales del Norte,Especias Naturales del Norte,2025-10-31,950.0,0,950.0,Tarjeta,Adquisición de mercancias,Pagado,,0,No aplíca,,2025-10-31T12:00:00,,,1
HIST25_3644,172128,Factura,Gas El Sobrante,Gas El Sobrante,2025-11-01,200.38,0,200.38,Tarjeta,Gastos en General,Pagado,,0,No aplíca,,2025-11-01T12:00:00,,,1
HIST25_3645,#FACTURA,,NOMINA,NOMINA,2025-10-31,5904.0,0,5904.0,Cheque,Gastos en General,Pagado,,0,No aplíca,,2025-10-31T12:00:00,,,1
HIST25_3646,39000477,Factura,Bachoco,Bachoco,2025-10-31,19935.75,0,19935.75,Tarjeta,Adquisición de mercancias,Pagado,,0,No aplíca,,2025-10-31T12:00:00,,,1
HIST25_3647,137716,Factura,EMPAQUES Y ENVASES/JOSE LUIS MORALES GARCIA (7 días),EMPAQUES Y ENVASES/JOSE LUIS MORALES GARCIA (7 días),2025-11-01,212.0,0,212.0,Tarjeta,Gastos en General,Pagado,,0,No aplíca,,2025-11-01T12:00:00,,,1
HIST25_3648,39020075,Factura,Bachoco,Bachoco,2025-11-03,23628.27,0,23628.27,Tarjeta,Adquisición de mercancias,Pagado,,0,No aplíca,,2025-11-03T12:00:00,,,1
HIST25_3649,0339,Remisión,NARANJA Y LIMÓN (7 DÍAS),NARANJA Y LIMÓN (7 DÍAS),2025-11-04,1455.0,0,1455.0,Transferencia,Adquisición de mercancias,Pagado,2025-11-09,5,Pendiente,,2025-11-04T12:00:00,,,1
HIST25_3650,4236,Factura,Ma Eugenia Payan / Tortillas (14 días),Ma Eugenia Payan / Tortillas (14 días),2025-11-04,3080.0,0,3080.0,Transferencia,Adquisición de mercancias,Pagado,2025-11-18,14,Pendiente,,2025-11-04T12:00:00,,,1
HIST25_3651,71740,Factura,PROMAR DEL NORTE (14 DÍAS),PROMAR DEL NORTE (14 DÍAS),2025-11-04,3019.1,0,3019.1,Transferencia,Adquisición de mercancias,Pagado,2025-11-18,14,Pendiente,,2025-11-04T12:00:00,,,1
HIST25_3652,23684,Factura,Quesos y + Quesos / Armando Villanueva (7 días),Quesos y + Quesos / Armando Villanueva (7 días),2025-11-04,2504.25,0,2504.25,Transferencia,Adquisición de mercancias,Pagado,2025-11-09,5,Pendiente,,2025-11-04T12:00:00,,,1
HIST25_3653,124320,Factura,Colesa (7 días),Colesa (7 días),2025-11-04,3153.6,0,3153.6,Transferencia,Adquisición de mercancias,Pagado,2025-11-09,5,Pendiente,,2025-11-04T12:00:00,,,1
HIST25_3654,76741,Factura,DIPACSA (7 días),DIPACSA (7 días),2025-11-04,1808.0,0,1808.0,Transferencia,Adquisición de mercancias,Pagado,2025-11-09,5,Pendiente,,2025-11-04T12:00:00,,,1
HIST25_3655,#FACTURA,Factura,Carne Mart,Carne Mart,2025-10-23,207.18,0,207.18,Tarjeta,Adquisición de mercancias,Pagado,,0,No aplíca,,2025-10-23T12:00:00,,,1
HIST25_3656,#FACTURA,Factura,City Club,City Club,2025-10-03,1308.0,0,1308.0,Tarjeta,Adquisición de mercancias,Pagado,,0,No aplíca,,2025-10-03T12:00:00,,,1
HIST25_3657,#FACTURA,Factura,Corp Arpe Gasolina,Corp Arpe Gasolina,2025-10-11,1433.43,0,1433.43,Tarjeta,Gastos en General,Pagado,,0,No aplíca,,2025-10-11T12:00:00,,,1
HIST25_3658,#FACTURA,Factura,Alsuper,Alsuper,2025-11-03,1986.18,0,1986.18,Tarjeta,Adquisición de mercancias,Pagado,,0,No aplíca,,2025-11-03T12:00:00,,,1
HIST25_3659,#FACTURA,Factura,Alsuper,Alsuper,2025-11-03,181.8,0,181.8,Tarjeta,Adquisición de mercancias,Pagado,,0,No aplíca,,2025-11-03T12:00:00,,,1
HIST25_3660,#FACTURA,Factura,Sam's Club,Sam's Club,2025-10-31,1865.6,0,1865.6,Tarjeta,Adquisición de mercancias,Pagado,,0,No aplíca,,2025-10-31T12:00:00,,,1
HIST25_3661,#FACTURA,Factura,Costco,Costco,2025-10-31,1607.1,0,1607.1,Tarjeta,Adquisición de mercancias,Pagado,,0,No aplíca,,2025-10-31T12:00:00,,,1
HIST25_3662,#FACTURA,Factura,Gelos Market,Gelos Market,2025-10-24,190.0,0,190.0,Tarjeta,Adquisición de mercancias,Pagado,,0,No aplíca,,2025-10-24T12:00:00,,,1
HIST25_3663,#FACTURA,Factura,Costco,Costco,2025-10-29,3521.68,0,3521.68,Tarjeta,Adquisición de mercancias,Pagado,,0,No aplíca,,2025-10-29T12:00:00,,,1
HIST25_3664,#FACTURA,Factura,Alsuper,Alsuper,2025-11-01,467.46,0,467.46,Tarjeta,Adquisición de mercancias,Pagado,,0,No aplíca,,2025-11-01T12:00:00,,,1
HIST25_3665,#FACTURA,Factura,Alsuper,Alsuper,2025-11-04,199.9,0,199.9,Tarjeta,Gastos en General,Pagado,,0,No aplíca,,2025-11-04T12:00:00,,,1
HIST25_3666,#FACTURA,Factura,Combustibles del Bosque,Combustibles del Bosque,2025-10-28,479.8,0,479.8,Tarjeta,Gastos en General,Pagado,,0,No aplíca,,2025-10-28T12:00:00,,,1
HIST25_3667,#FACTURA,Factura,SUKARNE,SUKARNE,2025-11-03,4678.0,0,4678.0,Tarjeta,Adquisición de mercancias,Pagado,,0,No aplíca,,2025-11-03T12:00:00,,,1
HIST25_3668,#FACTURA,Factura,SUKARNE,SUKARNE,2025-11-03,3824.4,0,3824.4,Tarjeta,Adquisición de mercancias,Pagado,,0,No aplíca,,2025-11-03T12:00:00,,,1
HIST25_3669,#FACTURA,Factura,SUKARNE,SUKARNE,2025-11-01,44939.0,0,44939.0,Tarjeta,Adquisición de mercancias,Pagado,,0,No aplíca,,2025-11-01T12:00:00,,,1
HIST25_3670,#FACTURA,Factura,SUKARNE,SUKARNE,2025-10-31,3774.2,0,3774.2,Tarjeta,Adquisición de mercancias,Pagado,,0,No aplíca,,2025-10-31T12:00:00,,,1
HIST25_3671,#FACTURA,Factura,SUKARNE,SUKARNE,2025-10-31,41425.0,0,41425.0,Tarjeta,Adquisición de mercancias,Pagado,,0,No aplíca,,2025-10-31T12:00:00,,,1
HIST25_3672,#FACTURA,Factura,Que Pescados!,Que Pescados!,2025-10-31,1350.0,0,1350.0,Tarjeta,Adquisición de mercancias,Pagado,,0,No aplíca,,2025-10-31T12:00:00,,,1
HIST25_3673,7518,Remisión,La Cosecha / Guadalupe Caro S. (14 días),La Cosecha / Guadalupe Caro S. (14 días),2025-11-05,1365.0,0,1365.0,Transferencia,Adquisición de mercancias,Pagado,2025-11-19,14,Pendiente,,2025-11-05T12:00:00,,,1
HIST25_3674,3719,Factura,Paser / Araceli V. Padilla (14 dias),Paser / Araceli V. Padilla (14 dias),2025-11-05,875.0,0,875.0,Transferencia,Adquisición de mercancias,Pagado,2025-11-19,14,Pendiente,,2025-11-05T12:00:00,,,1
HIST25_3675,60864,Factura,EMPAQUES Y ENVASES/JOSE LUIS MORALES GARCIA (7 días),EMPAQUES Y ENVASES/JOSE LUIS MORALES GARCIA (7 días),2025-11-05,896.0,0,896.0,Transferencia,Gastos en General,Pagado,2025-11-10,5,Pendiente,,2025-11-05T12:00:00,,,1
HIST25_3676,114232,Factura,Abarrotes Inst. (7 días),Abarrotes Inst. (7 días),2025-11-05,2169.08,0,2169.08,Transferencia,Adquisición de mercancias,Pagado,2025-11-10,5,Pendiente,,2025-11-05T12:00:00,,,1
HIST25_3677,T,Factura,Alsuper,Alsuper,2025-11-06,1899.3,0,1899.3,Tarjeta,Adquisición de mercancias,Pagado,,0,No aplíca,,2025-11-06T12:00:00,,,1
HIST25_3678,#FACTURA,Factura,NR FINANCE MEXICO,NR FINANCE MEXICO,2025-11-01,7172.44,0,7172.44,COBRO AUTOMÁTICO,Gastos en General,Pagado,2025-11-01,0,No aplíca,,2025-11-01T12:00:00,,,1
HIST25_3679,,,NOMINA,NOMINA,2025-11-06,21962.6,0,21962.6,Transferencia,Gastos en General,Pagado,2025-11-06,0,Pendiente,,2025-11-06T12:00:00,,,1
HIST25_3680,,,SODEXO,SODEXO,2025-11-06,2945.46,0,2945.46,Transferencia,Gastos en General,Pagado,2025-11-06,0,Pendiente,,2025-11-06T12:00:00,,,1
HIST25_3681,617165,Remisión,Productos Lácteos Los Pinos (7 DÍAS),Productos Lácteos Los Pinos (7 DÍAS),2025-11-06,720.0,0,720.0,Transferencia,Adquisición de mercancias,Pagado,2025-11-11,5,Pendiente,,2025-11-06T12:00:00,,,1
HIST25_3682,124488,Factura,Colesa (7 días),Colesa (7 días),2025-11-06,2537.3,0,2537.3,Transferencia,Adquisición de mercancias,Pagado,2025-11-11,5,Pendiente,,2025-11-06T12:00:00,,,1
HIST25_3683,2099,Factura,SURTIDORA BOTANAS (7 DÍAS),SURTIDORA BOTANAS (7 DÍAS),2025-11-06,758.53,0,758.53,Transferencia,Adquisición de mercancias,Pagado,2025-11-11,5,Pendiente,,2025-11-06T12:00:00,,,1
HIST25_3684,05112025,Factura,La Espiga Dorada  / JUAN MANUEL CASTRO (7 días),La Espiga Dorada  / JUAN MANUEL CASTRO (7 días),2025-11-06,880.0,0,880.0,Transferencia,Adquisición de mercancias,Pagado,2025-11-11,5,Pendiente,,2025-11-06T12:00:00,,,1
HIST25_3685,47595,Factura,Papas Santa Fe / Procepap (7 dias),Papas Santa Fe / Procepap (7 dias),2025-11-06,499.8,0,499.8,Transferencia,Adquisición de mercancias,Pagado,2025-11-11,5,Pendiente,,2025-11-06T12:00:00,,,1
HIST25_3686,3725,Factura,Paser / Araceli V. Padilla (14 dias),Paser / Araceli V. Padilla (14 dias),2025-11-06,877.5,0,877.5,Transferencia,Adquisición de mercancias,Pagado,2025-11-20,14,Pendiente,,2025-11-06T12:00:00,,,1
HIST25_3687,138009,Factura,EMPAQUES Y ENVASES/JOSE LUIS MORALES GARCIA (7 días),EMPAQUES Y ENVASES/JOSE LUIS MORALES GARCIA (7 días),2025-11-06,348.0,0,348.0,Tarjeta,Adquisición de mercancias,Pagado,,0,No aplíca,,2025-11-06T12:00:00,,,1
HIST25_3688,16474,Factura,Sazonico / especies MOY,Sazonico / especies MOY,2025-11-06,750.0,0,750.0,Tarjeta,Adquisición de mercancias,Pagado,,0,No aplíca,,2025-11-06T12:00:00,,,1
HIST25_3689,137899,Factura,EMPAQUES Y ENVASES/JOSE LUIS MORALES GARCIA (7 días),EMPAQUES Y ENVASES/JOSE LUIS MORALES GARCIA (7 días),2025-11-05,942.44,0,942.44,Tarjeta,Gastos en General,Pagado,,0,No aplíca,,2025-11-05T12:00:00,,,1
HIST25_3690,39037327,Factura,Bachoco,Bachoco,2025-11-05,14611.86,0,14611.86,Tarjeta,Adquisición de mercancias,Pagado,,0,No aplíca,,2025-11-05T12:00:00,,,1
HIST25_3691,#FACTURA,Factura,City Club,City Club,2025-11-03,1660.0,0,1660.0,Tarjeta,Adquisición de mercancias,Pagado,,0,No aplíca,,2025-11-03T12:00:00,,,1
HIST25_3692,#FACTURA,Factura,Costco,Costco,2025-11-01,607.91,0,607.91,Tarjeta,Gastos en General,Pagado,,0,No aplíca,,2025-11-01T12:00:00,,,1
HIST25_3693,#FACTURA,Factura,Costco,Costco,2025-11-03,263.4,0,263.4,Tarjeta,Adquisición de mercancias,Pagado,,0,No aplíca,,2025-11-03T12:00:00,,,1
HIST25_3694,#FACTURA,Factura,Sam's Club,Sam's Club,2025-11-04,522.0,0,522.0,Tarjeta,Adquisición de mercancias,Pagado,,0,No aplíca,,2025-11-04T12:00:00,,,1
HIST25_3695,#FACTURA,Factura,Alsuper,Alsuper,2025-11-05,2290.08,0,2290.08,Tarjeta,Adquisición de mercancias,Pagado,,0,No aplíca,,2025-11-05T12:00:00,,,1
HIST25_3696,6650,Factura,SUKARNE,SUKARNE,2025-11-05,55149.0,0,55149.0,Tarjeta,Adquisición de mercancias,Pagado,,0,No aplíca,,2025-11-05T12:00:00,,,1
HIST25_3697,6651,Factura,SUKARNE,SUKARNE,2025-11-05,42010.0,0,42010.0,Tarjeta,Adquisición de mercancias,Pagado,,0,No aplíca,,2025-11-05T12:00:00,,,1
HIST25_3698,#FACTURA,Factura,SUKARNE,SUKARNE,2025-11-04,49478.0,0,49478.0,Tarjeta,Adquisición de mercancias,Pagado,,0,No aplíca,,2025-11-04T12:00:00,,,1
HIST25_3699,t,Factura,Alsuper,Alsuper,2025-11-06,582.0,0,582.0,Tarjeta,Adquisición de mercancias,Pagado,2025-11-06,0,No aplíca,,2025-11-06T12:00:00,,,1
HIST25_3700,124619,Factura,Colesa (7 días),Colesa (7 días),2025-11-07,664.0,0,664.0,Transferencia,Adquisición de mercancias,Pagado,2025-11-12,5,Pendiente,,2025-11-07T12:00:00,,,1
HIST25_3701,025041,Factura,INIX COMERCIAL (20 DÍAS),INIX COMERCIAL (20 DÍAS),2025-11-07,6836.78,0,6836.78,Transferencia,Gastos en General,Pagado,2025-11-27,20,Pendiente,,2025-11-07T12:00:00,,,1
HIST25_3702,#FACTURA,Factura,Alsuper,Alsuper,2025-11-07,1683.4,0,1683.4,Tarjeta,Adquisición de mercancias,Pagado,,0,No aplíca,,2025-11-07T12:00:00,,,1
HIST25_3703,#FACTURA,Factura,Alsuper,Alsuper,2025-11-07,35.09,0,35.09,Tarjeta,Adquisición de mercancias,Pagado,,0,No aplíca,,2025-11-07T12:00:00,,,1
HIST25_3704,#FACTURA,Factura,SUKARNE,SUKARNE,2025-11-06,4092.4,0,4092.4,Tarjeta,Adquisición de mercancias,Pagado,,0,No aplíca,,2025-11-06T12:00:00,,,1
HIST25_3705,#FACTURA,Factura,SUKARNE,SUKARNE,2025-11-06,4287.7,0,4287.7,Tarjeta,Adquisición de mercancias,Pagado,,0,No aplíca,,2025-11-06T12:00:00,,,1
HIST25_3706,#FACTURA,Factura,Sazonico / especies MOY,Sazonico / especies MOY,2025-11-07,750.0,0,750.0,Tarjeta,Adquisición de mercancias,Pagado,,0,No aplíca,,2025-11-07T12:00:00,,,1
HIST25_3707,30685,Factura,SUKARNE,SUKARNE,2025-11-07,4225.5,0,4225.5,Tarjeta,Adquisición de mercancias,Pagado,,0,No aplíca,,2025-11-07T12:00:00,,,1
HIST25_3708,30684,Factura,SUKARNE,SUKARNE,2025-11-07,4358.5,0,4358.5,Tarjeta,Adquisición de mercancias,Pagado,,0,No aplíca,,2025-11-07T12:00:00,,,1
HIST25_3709,39054491,Factura,Bachoco,Bachoco,2025-11-07,15860.89,0,15860.89,Tarjeta,Adquisición de mercancias,Pagado,,0,No aplíca,,2025-11-07T12:00:00,,,1
HIST25_3710,0344,Remisión,NARANJA Y LIMÓN (7 DÍAS),NARANJA Y LIMÓN (7 DÍAS),2025-11-08,1095.0,0,1095.0,Transferencia,Adquisición de mercancias,Pagado,2025-11-13,5,Pendiente,,2025-11-08T12:00:00,,,1
HIST25_3711,81,Factura,Salsa La Moncha / Janeth Gonzalez (14 días),Salsa La Moncha / Janeth Gonzalez (14 días),2025-11-08,445.0,0,445.0,Transferencia,Adquisición de mercancias,Pagado,2025-11-13,5,Pendiente,,2025-11-08T12:00:00,,,1
HIST25_3712,711988,Factura,Casa Reza (7 días),Casa Reza (7 días),2025-11-08,3880.0,0,3880.0,Transferencia,Adquisición de mercancias,Pagado,2025-11-13,5,Pendiente,,2025-11-08T12:00:00,,,1
HIST25_3713,71807,Factura,PROMAR DEL NORTE (14 DÍAS),PROMAR DEL NORTE (14 DÍAS),2025-11-08,3019.1,0,3019.1,Transferencia,Adquisición de mercancias,Pagado,2025-11-22,14,Pendiente,,2025-11-08T12:00:00,,,1
HIST25_3714,#FACTURA,Factura,City Club,City Club,2025-11-06,907.0,0,907.0,Tarjeta,Adquisición de mercancias,Pagado,,0,No aplíca,,2025-11-06T12:00:00,,,1
HIST25_3715,#FACTURA,Factura,Costco gas s.a,Costco gas s.a,2025-11-06,1083.64,0,1083.64,Tarjeta,Gastos en General,Pagado,,0,No aplíca,,2025-11-06T12:00:00,,,1
HIST25_3716,#FACTURA,Factura,Costco gas s.a,Costco gas s.a,2025-11-03,2638.9,0,2638.9,Tarjeta,Gastos en General,Pagado,,0,No aplíca,,2025-11-03T12:00:00,,,1
HIST25_3717,71807,Factura,Alsuper,Alsuper,2025-11-08,66.78,0,66.78,Tarjeta,Adquisición de mercancias,Pagado,,0,No aplíca,,2025-11-08T12:00:00,,,1
HIST25_3718,30696,Factura,SUKARNE,SUKARNE,2025-11-08,5302.1,0,5302.1,Tarjeta,Adquisición de mercancias,Pagado,,0,No aplíca,,2025-11-08T12:00:00,,,1
HIST25_3719,30697,Factura,SUKARNE,SUKARNE,2025-11-08,4267.1,0,4267.1,Tarjeta,Adquisición de mercancias,Pagado,,0,No aplíca,,2025-11-08T12:00:00,,,1
HIST25_3720,60976,Factura,EMPAQUES Y ENVASES/JOSE LUIS MORALES GARCIA (7 días),EMPAQUES Y ENVASES/JOSE LUIS MORALES GARCIA (7 días),2025-11-10,1011.21,0,1011.21,Transferencia,Gastos en General,Pagado,2025-11-15,5,Pendiente,,2025-11-10T12:00:00,,,1
HIST25_3721,124797,Factura,Colesa (7 días),Colesa (7 días),2025-11-10,2965.65,0,2965.65,Transferencia,Adquisición de mercancias,Pagado,2025-11-15,5,Pendiente,,2025-11-10T12:00:00,,,1
HIST25_3722,09112025,Factura,Chiltepin / Jorge Cruz Ramos Juarez,Chiltepin / Jorge Cruz Ramos Juarez,2025-11-10,378.0,0,378.0,Transferencia,Adquisición de mercancias,Pagado,2025-11-15,5,Pendiente,,2025-11-10T12:00:00,,,1
HIST25_3723,144191,Factura,Abarrotes Inst. (7 días),Abarrotes Inst. (7 días),2025-11-10,679.12,0,679.12,Transferencia,Adquisición de mercancias,Pagado,2025-11-15,5,Pendiente,,2025-11-10T12:00:00,,,1
HIST25_3724,76897,Factura,DIPACSA (7 días),DIPACSA (7 días),2025-11-10,2643.0,0,2643.0,Transferencia,Adquisición de mercancias,Pagado,2025-11-15,5,Pendiente,,2025-11-10T12:00:00,,,1
HIST25_3725,23760,Factura,Quesos y + Quesos / Armando Villanueva (7 días),Quesos y + Quesos / Armando Villanueva (7 días),2025-11-10,2451.25,0,2451.25,Transferencia,Adquisición de mercancias,Pagado,2025-11-15,5,Pendiente,,2025-11-10T12:00:00,,,1
HIST25_3726,3736,Factura,Paser / Araceli V. Padilla (14 dias),Paser / Araceli V. Padilla (14 dias),2025-11-10,1750.0,0,1750.0,Transferencia,Adquisición de mercancias,Pagado,2025-11-24,14,Pendiente,,2025-11-10T12:00:00,,,1
HIST25_3727,39073321,Factura,Bachoco,Bachoco,2025-11-10,19427.75,0,19427.75,Tarjeta,Adquisición de mercancias,Pagado,,0,No aplíca,,2025-11-10T12:00:00,,,1
HIST25_3728,#FACTURA,Factura,Bodega Eléctrica,Bodega Eléctrica,2025-11-11,100.92,0,100.92,Tarjeta,Gastos en General,Pagado,,0,No aplíca,,2025-11-11T12:00:00,,,1
HIST25_3729,8381,Factura,Combustibles del Bosque,Combustibles del Bosque,2025-11-11,479.8,0,479.8,Tarjeta,Gastos en General,Pagado,,0,No aplíca,,2025-11-11T12:00:00,,,1
HIST25_3730,13211,Factura,CILINDROS Y EQUIPOS PARA GAS DE CHIHUAHUA,CILINDROS Y EQUIPOS PARA GAS DE CHIHUAHUA,2025-11-11,200.0,0,200.0,Tarjeta,Gastos en General,Pagado,,0,No aplíca,,2025-11-11T12:00:00,,,1
HIST25_3731,124877,Factura,Colesa (7 días),Colesa (7 días),2025-11-11,1922.4,0,1922.4,Transferencia,Adquisición de mercancias,Pagado,2025-11-16,5,Pendiente,,2025-11-11T12:00:00,,,1
HIST25_3732,43286,Remisión,"AGYDSA ""Aceite"" (7 días)","AGYDSA ""Aceite"" (7 días)",2025-11-11,2800.0,0,2800.0,Transferencia,Adquisición de mercancias,Pagado,2025-11-16,5,Pendiente,,2025-11-11T12:00:00,,,1
HIST25_3733,62021,Factura,KEY QUÍMICA (14 DÍAS),KEY QUÍMICA (14 DÍAS),2025-11-10,1676.2,0,1676.2,Transferencia,Gastos en General,Pagado,2025-11-15,5,Pendiente,,2025-11-10T12:00:00,,,1
HIST25_3734,61131,Factura,EMPAQUES Y ENVASES/JOSE LUIS MORALES GARCIA (7 días),EMPAQUES Y ENVASES/JOSE LUIS MORALES GARCIA (7 días),2025-11-14,791.5,0,791.5,Transferencia,Gastos en General,Pagado,2025-11-19,5,Pendiente,,2025-11-14T12:00:00,,,1
HIST25_3735,#FACTURA,Factura,CARNES JUREK,CARNES JUREK,2025-11-13,2420.0,0,2420.0,Transferencia,Adquisición de mercancias,Pagado,2025-11-18,5,Pendiente,,2025-11-13T12:00:00,,,1
HIST25_3736,#FACTURA,Factura,Diplas / Hector A Portillo (20 días),Diplas / Hector A Portillo (20 días),2025-11-13,2925.57,0,2925.57,Transferencia,Gastos en General,Pagado,2025-11-28,15,Pendiente,,2025-11-13T12:00:00,,,1
HIST25_3737,12112025,Factura,La Espiga Dorada  / JUAN MANUEL CASTRO (7 días),La Espiga Dorada  / JUAN MANUEL CASTRO (7 días),2025-11-13,1320.0,0,1320.0,Transferencia,Adquisición de mercancias,Pagado,2025-11-18,5,Pendiente,,2025-11-13T12:00:00,,,1
HIST25_3738,025163,Factura,INIX COMERCIAL (20 DÍAS),INIX COMERCIAL (20 DÍAS),2025-11-14,3141.52,0,3141.52,Transferencia,Gastos en General,Pagado,2025-12-04,20,Pendiente,,2025-11-14T12:00:00,,,1
HIST25_3739,125138,Factura,Colesa (7 días),Colesa (7 días),2025-11-14,762.6,0,762.6,Transferencia,Adquisición de mercancias,Pagado,2025-11-19,5,Pendiente,,2025-11-14T12:00:00,,,1
HIST25_3740,144336,Factura,Abarrotes Inst. (7 días),Abarrotes Inst. (7 días),2025-11-14,541.88,0,541.88,Transferencia,Adquisición de mercancias,Pagado,2025-11-19,5,Pendiente,,2025-11-14T12:00:00,,,1
HIST25_3741,2151,Factura,SURTIDORA BOTANAS (7 DÍAS),SURTIDORA BOTANAS (7 DÍAS),2025-11-14,666.4,0,666.4,Transferencia,Adquisición de mercancias,Pagado,2025-11-19,5,Pendiente,,2025-11-14T12:00:00,,,1
HIST25_3742,23808,Factura,Quesos y + Quesos / Armando Villanueva (7 días),Quesos y + Quesos / Armando Villanueva (7 días),2025-11-12,394.83,0,394.83,Transferencia,Adquisición de mercancias,Pagado,2025-11-17,5,Pendiente,,2025-11-12T12:00:00,,,1
HIST25_3743,71849,Factura,PROMAR DEL NORTE (14 DÍAS),PROMAR DEL NORTE (14 DÍAS),2025-11-12,3019.1,0,3019.1,Transferencia,Adquisición de mercancias,Pagado,2025-11-26,14,Pendiente,,2025-11-12T12:00:00,,,1
HIST25_3744,71850,Factura,PROMAR DEL NORTE (14 DÍAS),PROMAR DEL NORTE (14 DÍAS),2025-11-12,720.0,0,720.0,Transferencia,Adquisición de mercancias,Pagado,2025-11-26,14,Pendiente,,2025-11-12T12:00:00,,,1
HIST25_3745,124966,Factura,Colesa (7 días),Colesa (7 días),2025-11-12,1290.5,0,1290.5,Transferencia,Adquisición de mercancias,Pagado,2025-11-17,5,Pendiente,,2025-11-12T12:00:00,,,1
HIST25_3746,3759,Factura,Paser / Araceli V. Padilla (14 dias),Paser / Araceli V. Padilla (14 dias),2025-11-13,1750.0,0,1750.0,Transferencia,Adquisición de mercancias,Pagado,2025-11-27,14,Pendiente,,2025-11-13T12:00:00,,,1
HIST25_3747,125052,Factura,Colesa (7 días),Colesa (7 días),2025-11-13,2362.7,0,2362.7,Transferencia,Adquisición de mercancias,Pagado,2025-11-18,5,Pendiente,,2025-11-13T12:00:00,,,1
HIST25_3748,76979,Factura,DIPACSA (7 días),DIPACSA (7 días),2025-11-12,4191.0,0,4191.0,Transferencia,Adquisición de mercancias,Pagado,2025-11-17,5,Pendiente,,2025-11-12T12:00:00,,,1
HIST25_3749,#FACTURA,Factura,Alsuper,Alsuper,2025-11-13,2149.11,0,2149.11,Tarjeta,Adquisición de mercancias,Pagado,,0,No aplíca,,2025-11-13T12:00:00,,,1
HIST25_3750,30758,Factura,SUKARNE,SUKARNE,2025-11-13,4493.11,0,4493.11,Tarjeta,Adquisición de mercancias,Pagado,,0,No aplíca,,2025-11-13T12:00:00,,,1
HIST25_3751,30757,Factura,SUKARNE,SUKARNE,2025-11-13,3733.4,0,3733.4,Tarjeta,Adquisición de mercancias,Pagado,,0,No aplíca,,2025-11-13T12:00:00,,,1
HIST25_3752,#FACTURA,Factura,Barbacoa Estilo Parral,Barbacoa Estilo Parral,2025-11-08,1445.0,0,1445.0,Tarjeta,Gastos en General,Pagado,,0,No aplíca,,2025-11-08T12:00:00,,,1
HIST25_3753,#FACTURA,Factura,City Club,City Club,2025-11-11,1192.0,0,1192.0,Tarjeta,Adquisición de mercancias,Pagado,,0,No aplíca,,2025-11-11T12:00:00,,,1
HIST25_3754,#FACTURA,Factura,City Club,City Club,2025-11-10,1181.0,0,1181.0,Tarjeta,Adquisición de mercancias,Pagado,,0,No aplíca,,2025-11-10T12:00:00,,,1
HIST25_3755,#FACTURA,Factura,Gelos Market,Gelos Market,2025-11-11,158.93,0,158.93,Tarjeta,Adquisición de mercancias,Pagado,,0,No aplíca,,2025-11-11T12:00:00,,,1
HIST25_3756,#FACTURA,Factura,Gelos Market,Gelos Market,2025-11-05,47.49,0,47.49,Tarjeta,Adquisición de mercancias,Pagado,,0,No aplíca,,2025-11-05T12:00:00,,,1
HIST25_3757,#FACTURA,Factura,Sam's Club,Sam's Club,2025-11-11,1999.8,0,1999.8,Tarjeta,Adquisición de mercancias,Pagado,,0,No aplíca,,2025-11-11T12:00:00,,,1
HIST25_3758,#FACTURA,Factura,Carne Mart,Carne Mart,2025-11-08,179.9,0,179.9,Tarjeta,Adquisición de mercancias,Pagado,,0,No aplíca,,2025-11-08T12:00:00,,,1
HIST25_3759,#FACTURA,Factura,Costco gas s.a,Costco gas s.a,2025-11-10,1919.2,0,1919.2,Tarjeta,Gastos en General,Pagado,,0,No aplíca,,2025-11-10T12:00:00,,,1
HIST25_3760,#FACTURA,Factura,Costco gas s.a,Costco gas s.a,2025-11-08,911.6,0,911.6,Tarjeta,Gastos en General,Pagado,,0,No aplíca,,2025-11-08T12:00:00,,,1
HIST25_3761,30744,Factura,SUKARNE,SUKARNE,2025-11-12,725.11,0,725.11,Tarjeta,Adquisición de mercancias,Pagado,,0,No aplíca,,2025-11-12T12:00:00,,,1
HIST25_3762,#FACTURA,Factura,Farmacia del Ahorro,Farmacia del Ahorro,2025-11-11,75.0,0,75.0,Tarjeta,Gastos en General,Pagado,,0,No aplíca,,2025-11-11T12:00:00,,,1
HIST25_3763,#FACTURA,Factura,SUKARNE,SUKARNE,2025-11-12,3884.48,0,3884.48,Tarjeta,Adquisición de mercancias,Pagado,,0,No aplíca,,2025-11-12T12:00:00,,,1
HIST25_3764,#FACTURA,Factura,Alsuper,Alsuper,2025-11-11,1673.65,0,1673.65,Tarjeta,Adquisición de mercancias,Pagado,,0,No aplíca,,2025-11-11T12:00:00,,,1
HIST25_3765,#FACTURA,Factura,SUKARNE,SUKARNE,2025-11-11,4716.2,0,4716.2,Tarjeta,Adquisición de mercancias,Pagado,,0,No aplíca,,2025-11-11T12:00:00,,,1
HIST25_3766,#FACTURA,Factura,SUKARNE,SUKARNE,2025-11-11,4084.11,0,4084.11,Tarjeta,Adquisición de mercancias,Pagado,,0,No aplíca,,2025-11-11T12:00:00,,,1
HIST25_3767,#FACTURA,Factura,Sam's Club,Sam's Club,2025-11-10,1157.0,0,1157.0,Tarjeta,Adquisición de mercancias,Pagado,,0,No aplíca,,2025-11-10T12:00:00,,,1
HIST25_3768,#FACTURA,Factura,Sam's Club,Sam's Club,2025-11-06,194.0,0,194.0,Tarjeta,Adquisición de mercancias,Pagado,,0,No aplíca,,2025-11-06T12:00:00,,,1
HIST25_3769,#FACTURA,Factura,Alsuper,Alsuper,2025-11-04,581.57,0,581.57,Tarjeta,Adquisición de mercancias,Pagado,,0,No aplíca,,2025-11-04T12:00:00,,,1
HIST25_3770,#FACTURA,Factura,Alsuper,Alsuper,2025-11-08,226.65,0,226.65,Tarjeta,Adquisición de mercancias,Pagado,,0,No aplíca,,2025-11-08T12:00:00,,,1
HIST25_3771,#FACTURA,Factura,Alsuper,Alsuper,2025-11-05,1899.3,0,1899.3,Tarjeta,Adquisición de mercancias,Pagado,,0,No aplíca,,2025-11-05T12:00:00,,,1
HIST25_3772,#FACTURA,Factura,Sam's Club,Sam's Club,2025-11-06,521.0,0,521.0,Tarjeta,Adquisición de mercancias,Pagado,,0,No aplíca,,2025-11-06T12:00:00,,,1
HIST25_3773,#FACTURA,Factura,Sam's Club,Sam's Club,2025-11-07,1343.4,0,1343.4,Tarjeta,Adquisición de mercancias,Pagado,,0,No aplíca,,2025-11-07T12:00:00,,,1
HIST25_3774,#FACTURA,Factura,Sam's Club,Sam's Club,2025-11-08,2561.0,0,2561.0,Tarjeta,Adquisición de mercancias,Pagado,,0,No aplíca,,2025-11-08T12:00:00,,,1
HIST25_3775,#FACTURA,Factura,SUKARNE,SUKARNE,2025-11-10,5348.4,0,5348.4,Tarjeta,Adquisición de mercancias,Pagado,,0,No aplíca,,2025-11-10T12:00:00,,,1
HIST25_3776,#FACTURA,Factura,Que Pescados!,Que Pescados!,2025-11-11,1350.0,0,1350.0,Tarjeta,Adquisición de mercancias,Pagado,,0,No aplíca,,2025-11-11T12:00:00,,,1
HIST25_3777,#FACTURA,Factura,Alsuper,Alsuper,2025-11-10,2349.01,0,2349.01,Tarjeta,Adquisición de mercancias,Pagado,,0,No aplíca,,2025-11-10T12:00:00,,,1
HIST25_3778,#FACTURA,Factura,SUKARNE,SUKARNE,2025-11-10,4574.8,0,4574.8,Tarjeta,Adquisición de mercancias,Pagado,,0,No aplíca,,2025-11-10T12:00:00,,,1
HIST25_3779,#FACTURA,Factura,SUKARNE,SUKARNE,2025-11-12,5647.8,0,5647.8,Tarjeta,Adquisición de mercancias,Pagado,,0,No aplíca,,2025-11-12T12:00:00,,,1
HIST25_3780,#FACTURA,,NOMINA,NOMINA,2025-11-14,12758.2,0,12758.2,Cheque,Gastos en General,Pagado,,0,No aplíca,,2025-11-14T12:00:00,,,1
HIST25_3781,#FACTURA,Factura,AB Pollo,AB Pollo,2025-11-13,1114.8,0,1114.8,Tarjeta,Adquisición de mercancias,Pagado,,0,No aplíca,,2025-11-13T12:00:00,,,1
HIST25_3782,#FACTURA,Factura,Bachoco,Bachoco,2025-11-12,19281.76,0,19281.76,Tarjeta,Adquisición de mercancias,Pagado,,0,No aplíca,,2025-11-12T12:00:00,,,1
HIST25_3783,#FACTURA,Factura,Bordados Gardea,Bordados Gardea,2025-11-14,1122.88,0,1122.88,Tarjeta,Gastos en General,Pagado,,0,No aplíca,,2025-11-14T12:00:00,,,1
HIST25_3784,#FACTURA,Factura,Bachoco,Bachoco,2025-11-14,16264.17,0,16264.17,Tarjeta,Adquisición de mercancias,Pagado,,0,No aplíca,,2025-11-14T12:00:00,,,1
HIST25_3785,#FACTURA,Factura,Sazonico / especies MOY,Sazonico / especies MOY,2025-11-13,700.0,0,700.0,Tarjeta,Adquisición de mercancias,Pagado,,0,No aplíca,,2025-11-13T12:00:00,,,1
HIST25_3786,#FACTURA,Factura,Dimanor / John Deere,Dimanor / John Deere,2025-11-14,250.0,0,250.0,Tarjeta,Gastos en General,Pagado,,0,No aplíca,,2025-11-14T12:00:00,,,1
HIST25_3787,123,Factura,ALMEN Electromecanicos,ALMEN Electromecanicos,2025-11-13,1044.0,0,1044.0,Transferencia,Gastos en General,Pagado,2025-11-18,5,Pendiente,,2025-11-13T12:00:00,,,1
HIST25_3788,7610,Remisión,La Cosecha / Guadalupe Caro S. (14 días),La Cosecha / Guadalupe Caro S. (14 días),2025-11-19,1365.0,0,1365.0,Transferencia,Adquisición de mercancias,Pagado,2025-12-02,13,Pendiente,,2025-11-19T12:00:00,,,1
HIST25_3789,#FACTURA,Remisión,La Cosecha / Guadalupe Caro S. (14 días),La Cosecha / Guadalupe Caro S. (14 días),2025-11-13,893.0,0,893.0,Transferencia,Adquisición de mercancias,Pagado,2025-11-30,17,Pendiente,,2025-11-13T12:00:00,,,1
HIST25_3790,23885,Factura,Quesos y + Quesos / Armando Villanueva (7 días),Quesos y + Quesos / Armando Villanueva (7 días),2025-11-18,2451.25,0,2451.25,Transferencia,Adquisición de mercancias,Pagado,2025-11-23,5,Pendiente,,2025-11-18T12:00:00,,,1
HIST25_3791,43350,Remisión,"AGYDSA ""Aceite"" (7 días)","AGYDSA ""Aceite"" (7 días)",2025-11-19,2800.0,0,2800.0,Transferencia,Adquisición de mercancias,Pagado,2025-11-24,5,Pendiente,,2025-11-19T12:00:00,,,1
HIST25_3792,125397,Factura,Colesa (7 días),Colesa (7 días),2025-11-19,2185.09,0,2185.09,Transferencia,Adquisición de mercancias,Pagado,2025-11-24,5,Pendiente,,2025-11-19T12:00:00,,,1
HIST25_3793,48136,Factura,Papas Santa Fe / Procepap (7 dias),Papas Santa Fe / Procepap (7 dias),2025-11-18,468.0,0,468.0,Transferencia,Adquisición de mercancias,Pagado,2025-11-23,5,Pendiente,,2025-11-18T12:00:00,,,1
HIST25_3794,2189,Factura,SURTIDORA BOTANAS (7 DÍAS),SURTIDORA BOTANAS (7 DÍAS),2025-11-15,1206.38,0,1206.38,Transferencia,Adquisición de mercancias,Pagado,2025-11-20,5,Pendiente,,2025-11-15T12:00:00,,,1
HIST25_3795,71939,Factura,PROMAR DEL NORTE (14 DÍAS),PROMAR DEL NORTE (14 DÍAS),2025-11-18,3019.1,0,3019.1,Transferencia,Adquisición de mercancias,Pagado,2025-12-01,13,Pendiente,,2025-11-18T12:00:00,,,1
HIST25_3796,125363,Factura,Colesa (7 días),Colesa (7 días),2025-11-18,1413.7,0,1413.7,Transferencia,Adquisición de mercancias,Pagado,2025-11-23,5,Pendiente,,2025-11-18T12:00:00,,,1
HIST25_3797,686,Factura,Dumbo / Diana Silva Ponce (12 días),Dumbo / Diana Silva Ponce (12 días),2025-11-13,580.0,0,580.0,Transferencia,Adquisición de mercancias,Pagado,2025-11-20,7,Pendiente,,2025-11-13T12:00:00,,,1
HIST25_3798,144403,Factura,Abarrotes Inst. (7 días),Abarrotes Inst. (7 días),2025-11-18,1914.0,0,1914.0,Transferencia,Adquisición de mercancias,Pagado,2025-11-23,5,Pendiente,,2025-11-18T12:00:00,,,1
HIST25_3799,2023,Factura,Frijol / Gozalo Gallegos /Empacadora Chih  (7 días),Frijol / Gozalo Gallegos /Empacadora Chih  (7 días),2025-11-14,900.0,0,900.0,Transferencia,Adquisición de mercancias,Pagado,2025-11-20,6,Pendiente,,2025-11-14T12:00:00,,,1
HIST25_3800,77162,Factura,DIPACSA (7 días),DIPACSA (7 días),2025-11-19,3583.0,0,3583.0,Transferencia,Adquisición de mercancias,Pagado,2025-11-24,5,Pendiente,,2025-11-19T12:00:00,,,1
HIST25_3801,712446,Factura,Casa Reza (7 días),Casa Reza (7 días),2025-11-19,3880.0,0,3880.0,Transferencia,Adquisición de mercancias,Pagado,2025-11-24,5,Pendiente,,2025-11-19T12:00:00,,,1
HIST25_3802,3784,Factura,Paser / Araceli V. Padilla (14 dias),Paser / Araceli V. Padilla (14 dias),2025-11-19,1750.0,0,1750.0,Transferencia,Adquisición de mercancias,Pagado,2025-12-02,13,Pendiente,,2025-11-19T12:00:00,,,1
HIST25_3803,61225,Factura,EMPAQUES Y ENVASES/JOSE LUIS MORALES GARCIA (7 días),EMPAQUES Y ENVASES/JOSE LUIS MORALES GARCIA (7 días),2025-11-19,979.2,0,979.2,Transferencia,Gastos en General,Pagado,2025-11-24,5,Pendiente,,2025-11-19T12:00:00,,,1
HIST25_3804,#FACTURA,Factura,Alsuper,Alsuper,2025-11-18,237.76,0,237.76,Tarjeta,Adquisición de mercancias,Pagado,,0,No aplíca,,2025-11-18T12:00:00,,,1
HIST25_3805,#FACTURA,Factura,Alsuper,Alsuper,2025-11-19,319.12,0,319.12,Tarjeta,Adquisición de mercancias,Pagado,,0,No aplíca,,2025-11-19T12:00:00,,,1
HIST25_3806,30821,Factura,SUKARNE,SUKARNE,2025-11-19,3763.45,0,3763.45,Tarjeta,Adquisición de mercancias,Pagado,,0,No aplíca,,2025-11-19T12:00:00,,,1
HIST25_3807,30820,Factura,SUKARNE,SUKARNE,2025-11-19,4284.72,0,4284.72,Tarjeta,Adquisición de mercancias,Pagado,,0,No aplíca,,2025-11-19T12:00:00,,,1
HIST25_3808,#FACTURA,Factura,Carvel Gasolina,Carvel Gasolina,2025-11-11,479.8,0,479.8,Tarjeta,Gastos en General,Pagado,,0,No aplíca,,2025-11-11T12:00:00,,,1
HIST25_3809,14751,Factura,HOME DEPOT,HOME DEPOT,2025-11-17,478.25,0,478.25,Tarjeta,Gastos en General,Pagado,,0,No aplíca,,2025-11-17T12:00:00,,,1
HIST25_3810,114592,Factura,SUKARNE,SUKARNE,2025-11-15,5428.86,0,5428.86,Tarjeta,Adquisición de mercancias,Pagado,,0,No aplíca,,2025-11-15T12:00:00,,,1
HIST25_3811,30784,Factura,SUKARNE,SUKARNE,2025-11-15,5257.15,0,5257.15,Tarjeta,Adquisición de mercancias,Pagado,,0,No aplíca,,2025-11-15T12:00:00,,,1
HIST25_3812,30783,Factura,SUKARNE,SUKARNE,2025-11-15,4065.63,0,4065.63,Tarjeta,Adquisición de mercancias,Pagado,,0,No aplíca,,2025-11-15T12:00:00,,,1
HIST25_3813,6698,Factura,SUKARNE,SUKARNE,2025-11-14,5359.15,0,5359.15,Tarjeta,Adquisición de mercancias,Pagado,,0,No aplíca,,2025-11-14T12:00:00,,,1
HIST25_3814,#FACTURA,Factura,Alsuper,Alsuper,2025-11-14,232.09,0,232.09,Tarjeta,Adquisición de mercancias,Pagado,,0,No aplíca,,2025-11-14T12:00:00,,,1
HIST25_3815,#FACTURA,Factura,SUKARNE,SUKARNE,2025-11-14,4264.45,0,4264.45,Tarjeta,Adquisición de mercancias,Pagado,,0,No aplíca,,2025-11-14T12:00:00,,,1
HIST25_3816,#FACTURA,Factura,Bachoco,Bachoco,2025-11-19,17623.48,0,17623.48,Tarjeta,Adquisición de mercancias,Pagado,,0,No aplíca,,2025-11-19T12:00:00,,,1
HIST25_3817,#FACTURA,Factura,Bachoco,Bachoco,2025-11-17,2698.13,0,2698.13,Tarjeta,Adquisición de mercancias,Pagado,,0,No aplíca,,2025-11-17T12:00:00,,,1
HIST25_3818,50158,Factura,Bodega Eléctrica,Bodega Eléctrica,2025-11-10,100.92,0,100.92,Tarjeta,Gastos en General,Pagado,,0,No aplíca,,2025-11-10T12:00:00,,,1
HIST25_3819,13211,Factura,CILINDROS Y EQUIPOS PARA GAS DE CHIHUAHUA,CILINDROS Y EQUIPOS PARA GAS DE CHIHUAHUA,2025-11-10,200.0,0,200.0,Tarjeta,Gastos en General,Pagado,,0,No aplíca,,2025-11-10T12:00:00,,,1
HIST25_3820,,,NOMINA,NOMINA,2025-11-20,23848.2,0,23848.2,Transferencia,Gastos en General,Pagado,2025-11-20,0,Pendiente,,2025-11-20T12:00:00,,,1
HIST25_3821,#FACTURA,,SODEXO,SODEXO,2025-11-20,2734.83,0,2734.83,Transferencia,Gastos en General,Pagado,2025-11-20,0,Pendiente,,2025-11-20T12:00:00,,,1
HIST25_3822,618915,Factura,Productos Lácteos Los Pinos (7 DÍAS),Productos Lácteos Los Pinos (7 DÍAS),2025-11-20,800.0,0,800.0,Transferencia,Adquisición de mercancias,Pagado,2025-11-25,5,Pendiente,,2025-11-20T12:00:00,,,1
HIST25_3823,0453,Remisión,NARANJA Y LIMÓN (7 DÍAS),NARANJA Y LIMÓN (7 DÍAS),2025-11-19,1455.0,0,1455.0,Transferencia,Adquisición de mercancias,Pagado,2025-11-24,5,Pendiente,,2025-11-19T12:00:00,,,1
HIST25_3824,125564,Factura,Colesa (7 días),Colesa (7 días),2025-11-20,2106.74,0,2106.74,Transferencia,Adquisición de mercancias,Pagado,2025-11-25,5,Pendiente,,2025-11-20T12:00:00,,,1
HIST25_3825,18112025,Factura,Carmen Ortega P. / Salsa Macha Pepis (14 días),Carmen Ortega P. / Salsa Macha Pepis (14 días),2025-11-18,1440.0,0,1440.0,Transferencia,Adquisición de mercancias,Pagado,2025-12-01,13,Pendiente,,2025-11-18T12:00:00,,,1
HIST25_3826,84,Factura,Salsa La Moncha / Janeth Gonzalez (14 días),Salsa La Moncha / Janeth Gonzalez (14 días),2025-11-21,860.0,0,860.0,Transferencia,Adquisición de mercancias,Pagado,2025-11-26,5,Pendiente,,2025-11-21T12:00:00,,,1
HIST25_3827,20112025,Factura,La Espiga Dorada  / JUAN MANUEL CASTRO (7 días),La Espiga Dorada  / JUAN MANUEL CASTRO (7 días),2025-11-21,1100.0,0,1100.0,Transferencia,Adquisición de mercancias,Pagado,2025-11-22,1,Pendiente,,2025-11-21T12:00:00,,,1
HIST25_3828,144483,Factura,Abarrotes Inst. (7 días),Abarrotes Inst. (7 días),2025-11-21,4647.12,0,4647.12,Transferencia,Adquisición de mercancias,Pagado,2025-11-26,5,Pendiente,,2025-11-21T12:00:00,,,1
HIST25_3829,77218,Factura,DIPACSA (7 días),DIPACSA (7 días),2025-11-21,1942.0,0,1942.0,Transferencia,Adquisición de mercancias,Pagado,2025-11-26,5,Pendiente,,2025-11-21T12:00:00,,,1
HIST25_3830,125656,Factura,Colesa (7 días),Colesa (7 días),2025-11-21,949.0,0,949.0,Transferencia,Adquisición de mercancias,Pagado,2025-11-26,5,Pendiente,,2025-11-21T12:00:00,,,1
HIST25_3831,2214,Factura,SURTIDORA BOTANAS (7 DÍAS),SURTIDORA BOTANAS (7 DÍAS),2025-11-21,984.9,0,984.9,Transferencia,Adquisición de mercancias,Pagado,2025-11-26,5,Pendiente,,2025-11-21T12:00:00,,,1
HIST25_3832,#FACTURA,Factura,Alsuper,Alsuper,2025-11-20,299.64,0,299.64,Tarjeta,Adquisición de mercancias,Pagado,,0,No aplíca,,2025-11-20T12:00:00,,,1
HIST25_3833,30835,Factura,SUKARNE,SUKARNE,2025-11-20,4013.58,0,4013.58,Tarjeta,Adquisición de mercancias,Pagado,,0,No aplíca,,2025-11-20T12:00:00,,,1
HIST25_3834,30834,Factura,SUKARNE,SUKARNE,2025-11-20,4633.3,0,4633.3,Tarjeta,Adquisición de mercancias,Pagado,,0,No aplíca,,2025-11-20T12:00:00,,,1
HIST25_3835,#FACTURA,Factura,Alsuper,Alsuper,2025-11-21,243.5,0,243.5,Tarjeta,Adquisición de mercancias,Pagado,,0,No aplíca,,2025-11-21T12:00:00,,,1
HIST25_3836,30853,Factura,SUKARNE,SUKARNE,2025-11-21,3770.85,0,3770.85,Tarjeta,Adquisición de mercancias,Pagado,,0,No aplíca,,2025-11-21T12:00:00,,,1
HIST25_3837,30852,Factura,SUKARNE,SUKARNE,2025-11-21,5498.5,0,5498.5,Tarjeta,Adquisición de mercancias,Pagado,,0,No aplíca,,2025-11-21T12:00:00,,,1
HIST25_3838,#FACTURA,Factura,Alsuper,Alsuper,2025-11-21,464.99,0,464.99,Tarjeta,Adquisición de mercancias,Pagado,,0,No aplíca,,2025-11-21T12:00:00,,,1
HIST25_3839,#FACTURA,Factura,OverTape / Manufacturera de Cintas Adhesivas,OverTape / Manufacturera de Cintas Adhesivas,2025-11-13,3421.81,0,3421.81,Tarjeta,Gastos en General,Pagado,,0,No aplíca,,2025-11-13T12:00:00,,,1
HIST25_3840,#FACTURA,,NOMINA,NOMINA,2025-11-21,7646.0,0,7646.0,Cheque,Gastos en General,Pagado,,0,No aplíca,,2025-11-21T12:00:00,,,1
HIST25_3841,39162160,Factura,Bachoco,Bachoco,2025-11-21,20440.34,0,20440.34,Tarjeta,Adquisición de mercancias,Pagado,,0,No aplíca,,2025-11-21T12:00:00,,,1
HIST25_3842,#FACTURA,Factura,Carvel Gasolina,Carvel Gasolina,2025-11-15,1374.36,0,1374.36,Tarjeta,Gastos en General,Pagado,,0,No aplíca,,2025-11-15T12:00:00,,,1
HIST25_3843,#FACTURA,Factura,SORIANA,SORIANA,2025-11-19,611.4,0,611.4,Tarjeta,Adquisición de mercancias,Pagado,,0,No aplíca,,2025-11-19T12:00:00,,,1
HIST25_3844,#FACTURA,Factura,City Club,City Club,2025-11-12,338.0,0,338.0,Tarjeta,Adquisición de mercancias,Pagado,,0,No aplíca,,2025-11-12T12:00:00,,,1
HIST25_3845,#FACTURA,Factura,City Club,City Club,2025-11-12,139.0,0,139.0,Tarjeta,Gastos en General,Pagado,,0,No aplíca,,2025-11-12T12:00:00,,,1
HIST25_3846,#FACTURA,Factura,City Club,City Club,2025-11-21,1832.0,0,1832.0,Tarjeta,Adquisición de mercancias,Pagado,,0,No aplíca,,2025-11-21T12:00:00,,,1
HIST25_3847,#FACTURA,Factura,City Club,City Club,2025-11-21,788.0,0,788.0,Tarjeta,Adquisición de mercancias,Pagado,,0,No aplíca,,2025-11-21T12:00:00,,,1
HIST25_3848,#FACTURA,Factura,Costco,Costco,2025-11-18,679.2,0,679.2,Tarjeta,Adquisición de mercancias,Pagado,,0,No aplíca,,2025-11-18T12:00:00,,,1
HIST25_3849,#FACTURA,Factura,Costco,Costco,2025-11-21,747.4,0,747.4,Tarjeta,Adquisición de mercancias,Pagado,,0,No aplíca,,2025-11-21T12:00:00,,,1
HIST25_3850,#FACTURA,Factura,Costco,Costco,2025-11-18,6999.0,0,6999.0,Tarjeta,Gastos en General,Pagado,,0,No aplíca,,2025-11-18T12:00:00,,,1
HIST25_3851,#FACTURA,Factura,SUKARNE,SUKARNE,2025-11-21,3992.39,0,3992.39,Tarjeta,Adquisición de mercancias,Pagado,,0,No aplíca,,2025-11-21T12:00:00,,,1
HIST25_3852,#FACTURA,Remisión,EMPAQUES Y ENVASES/JOSE LUIS MORALES GARCIA (7 días),EMPAQUES Y ENVASES/JOSE LUIS MORALES GARCIA (7 días),2025-11-15,1208.0,0,1208.0,Transferencia,Gastos en General,Pagado,2025-11-22,7,Pendiente,,2025-11-15T12:00:00,,,1
HIST25_3853,#FACTURA,Remisión,Sal de mar/ Celia i. Germes,Sal de mar/ Celia i. Germes,2025-11-13,400.0,0,400.0,Transferencia,Adquisición de mercancias,Pagado,2025-11-22,9,Pendiente,,2025-11-13T12:00:00,,,1
HIST25_3854,EFBCH-13354688,Factura,ECOGAS MEXICO,ECOGAS MEXICO,2025-11-24,5607.0,0,5607.0,Transferencia,Gastos en General,Pagado,2025-11-24,0,Pendiente,,2025-11-24T12:00:00,,,1
HIST25_3855,7650,Remisión,La Cosecha / Guadalupe Caro S. (14 días),La Cosecha / Guadalupe Caro S. (14 días),2025-11-22,965.0,0,965.0,Transferencia,Adquisición de mercancias,Pagado,2025-12-07,15,Pendiente,,2025-11-22T12:00:00,,,1
HIST25_3856,111356,Factura,Diplas / Hector A Portillo (20 días),Diplas / Hector A Portillo (20 días),2025-11-22,1838.67,0,1838.67,Transferencia,Gastos en General,Pagado,2025-12-06,14,Pendiente,,2025-11-22T12:00:00,,,1
HIST25_3857,114489,Factura,Abarrotes Inst. (7 días),Abarrotes Inst. (7 días),2025-11-24,545.85,0,545.85,Transferencia,Adquisición de mercancias,Pagado,2025-11-29,5,Pendiente,,2025-11-24T12:00:00,,,1
HIST25_3858,2229,Factura,SURTIDORA BOTANAS (7 DÍAS),SURTIDORA BOTANAS (7 DÍAS),2025-11-24,933.94,0,933.94,Transferencia,Adquisición de mercancias,Pagado,2025-11-29,5,Pendiente,,2025-11-24T12:00:00,,,1
HIST25_3859,24112025,Factura,TARTARAS LUZ ALICIA RODRIGUEZ,TARTARAS LUZ ALICIA RODRIGUEZ,2025-11-24,945.0,0,945.0,Transferencia,Adquisición de mercancias,Pagado,2025-11-27,3,Pendiente,,2025-11-24T12:00:00,,,1
HIST25_3860,0467,Remisión,NARANJA Y LIMÓN (7 DÍAS),NARANJA Y LIMÓN (7 DÍAS),2025-11-22,1455.0,0,1455.0,Transferencia,Adquisición de mercancias,Pagado,2025-11-27,5,Pendiente,,2025-11-22T12:00:00,,,1
HIST25_3861,125731,Factura,Colesa (7 días),Colesa (7 días),2025-11-22,1823.2,0,1823.2,Transferencia,Adquisición de mercancias,Pagado,2025-11-27,5,Pendiente,,2025-11-22T12:00:00,,,1
HIST25_3862,3799,Factura,Paser / Araceli V. Padilla (14 dias),Paser / Araceli V. Padilla (14 dias),2025-11-22,1750.0,0,1750.0,Transferencia,Adquisición de mercancias,Pagado,2025-12-06,14,Pendiente,,2025-11-22T12:00:00,,,1
HIST25_3863,692,Factura,Dumbo / Diana Silva Ponce (12 días),Dumbo / Diana Silva Ponce (12 días),2025-11-21,1630.0,0,1630.0,Transferencia,Adquisición de mercancias,Pagado,2025-11-28,7,Pendiente,,2025-11-21T12:00:00,,,1
HIST25_3864,43390,Remisión,"AGYDSA ""Aceite"" (7 días)","AGYDSA ""Aceite"" (7 días)",2025-11-25,2800.0,0,2800.0,Transferencia,Adquisición de mercancias,Pagado,2025-11-30,5,Pendiente,,2025-11-25T12:00:00,,,1
HIST25_3865,025270,Factura,INIX COMERCIAL (20 DÍAS),INIX COMERCIAL (20 DÍAS),2025-11-24,5549.24,0,5549.24,Transferencia,Gastos en General,Pagado,2025-12-14,20,Pendiente,,2025-11-24T12:00:00,,,1
HIST25_3866,72002,Factura,PROMAR DEL NORTE (14 DÍAS),PROMAR DEL NORTE (14 DÍAS),2025-11-22,3019.1,0,3019.1,Transferencia,Adquisición de mercancias,Pagado,2025-12-06,14,Pendiente,,2025-11-22T12:00:00,,,1
HIST25_3867,77358,Factura,DIPACSA (7 días),DIPACSA (7 días),2025-11-26,3303.0,0,3303.0,Transferencia,Adquisición de mercancias,Pagado,2025-12-01,5,Pendiente,,2025-11-26T12:00:00,,,1
HIST25_3868,125911,Factura,Colesa (7 días),Colesa (7 días),2025-11-25,2802.4,0,2802.4,Transferencia,Adquisición de mercancias,Pagado,2025-11-30,5,Pendiente,,2025-11-25T12:00:00,,,1
HIST25_3869,61373,Factura,EMPAQUES Y ENVASES/JOSE LUIS MORALES GARCIA (7 días),EMPAQUES Y ENVASES/JOSE LUIS MORALES GARCIA (7 días),2025-11-25,979.2,0,979.2,Transferencia,Gastos en General,Pagado,2025-11-30,5,Pendiente,,2025-11-25T12:00:00,,,1
HIST25_3870,3811,Factura,Paser / Araceli V. Padilla (14 dias),Paser / Araceli V. Padilla (14 dias),2025-11-25,1750.0,0,1750.0,Transferencia,Adquisición de mercancias,Pagado,2025-12-09,14,Pendiente,,2025-11-25T12:00:00,,,1
HIST25_3871,72043,Factura,PROMAR DEL NORTE (14 DÍAS),PROMAR DEL NORTE (14 DÍAS),2025-11-26,3019.1,0,3019.1,Transferencia,Adquisición de mercancias,Pagado,2025-12-10,14,Pendiente,,2025-11-26T12:00:00,,,1
HIST25_3872,139105,Factura,EMPAQUES Y ENVASES/JOSE LUIS MORALES GARCIA (7 días),EMPAQUES Y ENVASES/JOSE LUIS MORALES GARCIA (7 días),2025-11-26,695.0,0,695.0,Tarjeta,Gastos en General,Pagado,,0,No aplíca,,2025-11-26T12:00:00,,,1
HIST25_3873,39200011,Factura,Bachoco,Bachoco,2025-11-26,18130.46,0,18130.46,Tarjeta,Adquisición de mercancias,Pagado,,0,No aplíca,,2025-11-26T12:00:00,,,1
HIST25_3874,39182048,Factura,Bachoco,Bachoco,2025-11-24,21710.3,0,21710.3,Tarjeta,Adquisición de mercancias,Pagado,,0,No aplíca,,2025-11-24T12:00:00,,,1
HIST25_3875,12466,Factura,AB Pollo,AB Pollo,2025-11-22,1114.8,0,1114.8,Tarjeta,Adquisición de mercancias,Pagado,,0,No aplíca,,2025-11-22T12:00:00,,,1
HIST25_3876,0483,Remisión,NARANJA Y LIMÓN (7 DÍAS),NARANJA Y LIMÓN (7 DÍAS),2025-11-27,1455.0,0,1455.0,Transferencia,Adquisición de mercancias,Pagado,2025-12-02,5,Pendiente,,2025-11-27T12:00:00,,,1
HIST25_3877,7686,Remisión,La Cosecha / Guadalupe Caro S. (14 días),La Cosecha / Guadalupe Caro S. (14 días),2025-11-27,893.0,0,893.0,Transferencia,Adquisición de mercancias,Pagado,2025-12-11,14,Pendiente,,2025-11-27T12:00:00,,,1
HIST25_3878,619368,Remisión,Productos Lácteos Los Pinos (7 DÍAS),Productos Lácteos Los Pinos (7 DÍAS),2025-11-27,800.0,0,800.0,Transferencia,Adquisición de mercancias,Pagado,2025-12-02,5,Pendiente,,2025-11-27T12:00:00,,,1
HIST25_3879,2252,Factura,SURTIDORA BOTANAS (7 DÍAS),SURTIDORA BOTANAS (7 DÍAS),2025-11-26,266.56,0,266.56,Transferencia,Adquisición de mercancias,Pagado,2025-12-01,5,Pendiente,,2025-11-26T12:00:00,,,1
HIST25_3880,24027,Factura,Quesos y + Quesos / Armando Villanueva (7 días),Quesos y + Quesos / Armando Villanueva (7 días),2025-11-27,2345.25,0,2345.25,Transferencia,Adquisición de mercancias,Pagado,2025-12-02,5,Pendiente,,2025-11-27T12:00:00,,,1
HIST25_3881,4238,Factura,Ma Eugenia Payan / Tortillas (14 días),Ma Eugenia Payan / Tortillas (14 días),2025-11-27,2497.0,0,2497.0,Transferencia,Adquisición de mercancias,Pagado,2025-12-11,14,Pendiente,,2025-11-27T12:00:00,,,1
HIST25_3882,3820,Factura,Paser / Araceli V. Padilla (14 dias),Paser / Araceli V. Padilla (14 dias),2025-11-27,1750.0,0,1750.0,Transferencia,Adquisición de mercancias,Pagado,2025-12-11,14,Pendiente,,2025-11-27T12:00:00,,,1
HIST25_3883,126095,Factura,Colesa (7 días),Colesa (7 días),2025-11-27,2798.2,0,2798.2,Transferencia,Adquisición de mercancias,Pagado,2025-12-02,5,Pendiente,,2025-11-27T12:00:00,,,1
HIST25_3884,4237,Factura,Ma Eugenia Payan / Tortillas (14 días),Ma Eugenia Payan / Tortillas (14 días),2025-11-27,6259.0,0,6259.0,Transferencia,Adquisición de mercancias,Pagado,2025-12-11,14,Pendiente,,2025-11-27T12:00:00,,,1
HIST25_3885,27112025,Factura,La Espiga Dorada  / JUAN MANUEL CASTRO (7 días),La Espiga Dorada  / JUAN MANUEL CASTRO (7 días),2025-11-27,1100.0,0,1100.0,Transferencia,Adquisición de mercancias,Pagado,2025-12-02,5,Pendiente,,2025-11-27T12:00:00,,,1
HIST25_3886,2711,Factura,CARNES JUREK,CARNES JUREK,2025-11-27,3495.0,0,3495.0,Transferencia,Adquisición de mercancias,Pagado,2025-12-02,5,Pendiente,,2025-11-27T12:00:00,,,1
HIST25_3887,6290,Factura,Que Pescados!,Que Pescados!,2025-11-26,1350.0,0,1350.0,Tarjeta,Adquisición de mercancias,Pagado,,0,No aplíca,,2025-11-26T12:00:00,,,1
HIST25_3888,#FACTURA,Factura,Alsuper,Alsuper,2025-11-25,2992.12,0,2992.12,Tarjeta,Adquisición de mercancias,Pagado,,0,No aplíca,,2025-11-25T12:00:00,,,1
HIST25_3889,#FACTURA,Factura,Alsuper,Alsuper,2025-11-26,341.1,0,341.1,Tarjeta,Adquisición de mercancias,Pagado,,0,No aplíca,,2025-11-26T12:00:00,,,1
HIST25_3890,#FACTURA,Factura,Carne Mart,Carne Mart,2025-11-12,357.9,0,357.9,Tarjeta,Adquisición de mercancias,Pagado,,0,No aplíca,,2025-11-12T12:00:00,,,1
HIST25_3891,#FACTURA,Factura,Gelos Market,Gelos Market,2025-11-12,111.01,0,111.01,Tarjeta,Adquisición de mercancias,Pagado,,0,No aplíca,,2025-11-12T12:00:00,,,1
HIST25_3892,#FACTURA,Factura,Gelos Market,Gelos Market,2025-11-20,159.2,0,159.2,Tarjeta,Adquisición de mercancias,Pagado,,0,No aplíca,,2025-11-20T12:00:00,,,1
HIST25_3893,#FACTURA,Factura,Corp Arpe Gasolina,Corp Arpe Gasolina,2025-11-25,600.0,0,600.0,Tarjeta,Gastos en General,Pagado,,0,No aplíca,,2025-11-25T12:00:00,,,1
HIST25_3894,#FACTURA,Factura,MODATELAS,MODATELAS,2025-11-22,179.7,0,179.7,Tarjeta,Gastos en General,Pagado,,0,No aplíca,,2025-11-22T12:00:00,,,1
HIST25_3895,#FACTURA,Factura,Sam's Club,Sam's Club,2025-11-12,363.0,0,363.0,Tarjeta,Adquisición de mercancias,Pagado,,0,No aplíca,,2025-11-12T12:00:00,,,1
HIST25_3896,#FACTURA,Factura,Sam's Club,Sam's Club,2025-11-13,1783.0,0,1783.0,Tarjeta,Adquisición de mercancias,Pagado,,0,No aplíca,,2025-11-13T12:00:00,,,1
HIST25_3897,#FACTURA,Factura,Sam's Club,Sam's Club,2025-11-15,1972.0,0,1972.0,Tarjeta,Adquisición de mercancias,Pagado,,0,No aplíca,,2025-11-15T12:00:00,,,1
HIST25_3898,#FACTURA,Factura,Alsuper,Alsuper,2025-11-25,560.93,0,560.93,Tarjeta,Adquisición de mercancias,Pagado,,0,No aplíca,,2025-11-25T12:00:00,,,1
HIST25_3899,#FACTURA,Factura,SUKARNE,SUKARNE,2025-11-22,4598.0,0,4598.0,Tarjeta,Adquisición de mercancias,Pagado,,0,No aplíca,,2025-11-22T12:00:00,,,1
HIST25_3900,#FACTURA,Factura,SUKARNE,SUKARNE,2025-11-22,4010.0,0,4010.0,Tarjeta,Adquisición de mercancias,Pagado,,0,No aplíca,,2025-11-22T12:00:00,,,1
HIST25_3901,#FACTURA,Factura,Que Pescados!,Que Pescados!,2025-11-22,1350.0,0,1350.0,Tarjeta,Adquisición de mercancias,Pagado,,0,No aplíca,,2025-11-22T12:00:00,,,1
HIST25_3902,#FACTURA,Factura,Alsuper,Alsuper,2025-11-24,2112.04,0,2112.04,Tarjeta,Adquisición de mercancias,Pagado,,0,No aplíca,,2025-11-24T12:00:00,,,1
HIST25_3903,#FACTURA,Factura,Alsuper,Alsuper,2025-11-15,2570.66,0,2570.66,Tarjeta,Adquisición de mercancias,Pagado,,0,No aplíca,,2025-11-15T12:00:00,,,1
HIST25_3904,#FACTURA,Factura,Costco,Costco,2025-11-24,1612.0,0,1612.0,Tarjeta,Adquisición de mercancias,Pagado,,0,No aplíca,,2025-11-24T12:00:00,,,1
HIST25_3905,#FACTURA,Factura,Sam's Club,Sam's Club,2025-11-27,303.01,0,303.01,Tarjeta,Adquisición de mercancias,Pagado,,0,No aplíca,,2025-11-27T12:00:00,,,1
HIST25_3906,30881,Factura,SUKARNE,SUKARNE,2025-11-24,4417.8,0,4417.8,Tarjeta,Adquisición de mercancias,Pagado,,0,No aplíca,,2025-11-24T12:00:00,,,1
HIST25_3907,30880,Factura,SUKARNE,SUKARNE,2025-11-24,4183.6,0,4183.6,Tarjeta,Adquisición de mercancias,Pagado,,0,No aplíca,,2025-11-24T12:00:00,,,1
HIST25_3908,#FACTURA,Factura,Alsuper,Alsuper,2025-11-27,488.92,0,488.92,Tarjeta,Adquisición de mercancias,Pagado,,0,No aplíca,,2025-11-27T12:00:00,,,1
HIST25_3909,30928,Factura,SUKARNE,SUKARNE,2025-11-27,4461.4,0,4461.4,Tarjeta,Adquisición de mercancias,Pagado,,0,No aplíca,,2025-11-27T12:00:00,,,1
HIST25_3910,30927,Factura,SUKARNE,SUKARNE,2025-11-27,4083.77,0,4083.77,Tarjeta,Adquisición de mercancias,Pagado,,0,No aplíca,,2025-11-27T12:00:00,,,1
HIST25_3911,15992,Factura,ADOSA,ADOSA,2025-11-26,367.05,0,367.05,Tarjeta,Gastos en General,Pagado,,0,No aplíca,,2025-11-26T12:00:00,,,1
HIST25_3912,#FACTURA,Factura,SUKARNE,SUKARNE,2025-11-26,3990.9,0,3990.9,Tarjeta,Adquisición de mercancias,Pagado,,0,No aplíca,,2025-11-26T12:00:00,,,1
HIST25_3913,#FACTURA,Factura,SUKARNE,SUKARNE,2025-11-26,4458.31,0,4458.31,Tarjeta,Adquisición de mercancias,Pagado,,0,No aplíca,,2025-11-26T12:00:00,,,1
HIST25_3914,#FACTURA,Factura,HOME DEPOT,HOME DEPOT,2025-11-27,650.0,0,650.0,Tarjeta,Gastos en General,Pagado,,0,No aplíca,,2025-11-27T12:00:00,,,1
HIST25_3915,#FACTURA,Factura,HOME DEPOT,HOME DEPOT,2025-11-26,360.3,0,360.3,Tarjeta,Gastos en General,Pagado,,0,No aplíca,,2025-11-26T12:00:00,,,1
HIST25_3916,#FACTURA,Factura,SORIANA,SORIANA,2025-11-26,62.0,0,62.0,Tarjeta,Adquisición de mercancias,Pagado,,0,No aplíca,,2025-11-26T12:00:00,,,1
HIST25_3917,#,,Salvador Macías,Salvador Macías,2025-11-28,4574.52,0,4574.52,Transferencia,,Pagado,2025-11-28,0,Pendiente,,2025-11-28T12:00:00,,,1
HIST25_3918,#FACTURA,,NOMINA,NOMINA,2025-11-27,23282.8,0,23282.8,Transferencia,Gastos en General,Pagado,2025-11-28,1,Pendiente,,2025-11-27T12:00:00,,,1
HIST25_3919,#FACTURA,,SODEXO,SODEXO,2025-11-27,2660.93,0,2660.93,Transferencia,Gastos en General,Pagado,2025-11-27,0,Pendiente,,2025-11-27T12:00:00,,,1
HIST25_3920,,Factura,NRFM FINANCIERA RENAULT,NRFM FINANCIERA RENAULT,2025-11-02,7172.44,0,7172.44,Transferencia,Gastos en General,Pagado,2025-11-02,0,Pendiente,,2025-11-02T12:00:00,,,1
HIST25_3921,#FACTURA,,JUNTA MUNICIPAL DE AGUA (JMAS),JUNTA MUNICIPAL DE AGUA (JMAS),2025-12-02,3020.62,0,3020.62,Transferencia,Gastos en General,Pagado,2025-12-06,4,Pendiente,,2025-12-02T12:00:00,,,1
HIST25_3922,#FACTURA,Remisión,LA NUEZ DEL CAMPO,LA NUEZ DEL CAMPO,2025-11-29,7200.0,0,7200.0,Transferencia,Adquisición de mercancias,Pagado,2025-12-02,3,Pendiente,,2025-11-29T12:00:00,,,1
HIST25_3923,025373,Factura,INIX COMERCIAL (20 DÍAS),INIX COMERCIAL (20 DÍAS),2025-11-29,5439.85,0,5439.85,Transferencia,Gastos en General,Pagado,2025-12-13,14,Pendiente,,2025-11-29T12:00:00,,,1
HIST25_3924,126290,Factura,Colesa (7 días),Colesa (7 días),2025-11-29,1647.4,0,1647.4,Transferencia,Adquisición de mercancias,Pagado,2025-12-04,5,Pendiente,,2025-11-29T12:00:00,,,1
HIST25_3925,61480,Factura,EMPAQUES Y ENVASES/JOSE LUIS MORALES GARCIA (7 días),EMPAQUES Y ENVASES/JOSE LUIS MORALES GARCIA (7 días),2025-11-28,1050.21,0,1050.21,Transferencia,Gastos en General,Pagado,2025-12-03,5,Pendiente,,2025-11-28T12:00:00,,,1
HIST25_3926,72091,Factura,PROMAR DEL NORTE (14 DÍAS),PROMAR DEL NORTE (14 DÍAS),2025-11-29,3019.1,0,3019.1,Transferencia,Adquisición de mercancias,Pagado,2025-12-13,14,Pendiente,,2025-11-29T12:00:00,,,1
HIST25_3927,48650,Factura,Papas Santa Fe / Procepap (7 dias),Papas Santa Fe / Procepap (7 dias),2025-11-28,468.0,0,468.0,Transferencia,Adquisición de mercancias,Pagado,2025-12-03,5,Pendiente,,2025-11-28T12:00:00,,,1
HIST25_3928,77412,Factura,DIPACSA (7 días),DIPACSA (7 días),2025-11-28,2643.0,0,2643.0,Transferencia,Adquisición de mercancias,Pagado,2025-12-03,5,Pendiente,,2025-11-28T12:00:00,,,1
HIST25_3929,2262,Factura,SURTIDORA BOTANAS (7 DÍAS),SURTIDORA BOTANAS (7 DÍAS),2025-11-28,323.4,0,323.4,Transferencia,Adquisición de mercancias,Pagado,2025-12-03,5,Pendiente,,2025-11-28T12:00:00,,,1
HIST25_3930,159690,Factura,Abarrotes Inst. (7 días),Abarrotes Inst. (7 días),2025-11-28,1165.88,0,1165.88,Transferencia,Adquisición de mercancias,Pagado,2025-12-03,5,Pendiente,,2025-11-28T12:00:00,,,1
HIST25_3931,126196,Factura,Colesa (7 días),Colesa (7 días),2025-11-28,1229.05,0,1229.05,Transferencia,Adquisición de mercancias,Pagado,2025-12-03,5,Pendiente,,2025-11-28T12:00:00,,,1
HIST25_3932,44,Factura,Carmen Ortega P. / Salsa Macha Pepis (14 días),Carmen Ortega P. / Salsa Macha Pepis (14 días),2025-11-27,1440.0,0,1440.0,Transferencia,Adquisición de mercancias,Pagado,2025-12-11,14,Pendiente,,2025-11-27T12:00:00,,,1
HIST25_3933,85,Factura,Salsa La Moncha / Janeth Gonzalez (14 días),Salsa La Moncha / Janeth Gonzalez (14 días),2025-11-28,610.0,0,610.0,Transferencia,Adquisición de mercancias,Pagado,2025-12-03,5,Pendiente,,2025-11-28T12:00:00,,,1
HIST25_3934,61536,Factura,EMPAQUES Y ENVASES/JOSE LUIS MORALES GARCIA (7 días),EMPAQUES Y ENVASES/JOSE LUIS MORALES GARCIA (7 días),2025-12-01,979.2,0,979.2,Transferencia,Gastos en General,Pagado,2025-12-06,5,Pendiente,,2025-12-01T12:00:00,,,1
HIST25_3935,43433,Factura,"AGYDSA ""Aceite"" (7 días)","AGYDSA ""Aceite"" (7 días)",2025-12-01,2800.0,0,2800.0,Transferencia,Adquisición de mercancias,Pagado,2025-12-06,5,Pendiente,,2025-12-01T12:00:00,,,1
HIST25_3936,25080,Factura,Quesos y + Quesos / Armando Villanueva (7 días),Quesos y + Quesos / Armando Villanueva (7 días),2025-12-01,2504.25,0,2504.25,Transferencia,Adquisición de mercancias,Pagado,2025-12-06,5,Pendiente,,2025-12-01T12:00:00,,,1
HIST25_3937,2282,Factura,SURTIDORA BOTANAS (7 DÍAS),SURTIDORA BOTANAS (7 DÍAS),2025-12-01,1651.3,0,1651.3,Transferencia,Adquisición de mercancias,Pagado,2025-12-06,5,Pendiente,,2025-12-01T12:00:00,,,1
HIST25_3938,126368,Factura,Colesa (7 días),Colesa (7 días),2025-12-01,2383.54,0,2383.54,Transferencia,Adquisición de mercancias,Pagado,2025-12-06,5,Pendiente,,2025-12-01T12:00:00,,,1
HIST25_3939,712870,Factura,Casa Reza (7 días),Casa Reza (7 días),2025-11-29,3880.0,0,3880.0,Transferencia,Adquisición de mercancias,Pagado,2025-12-04,5,Pendiente,,2025-11-29T12:00:00,,,1
HIST25_3940,77490,Factura,DIPACSA (7 días),DIPACSA (7 días),2025-12-02,1808.0,0,1808.0,Transferencia,Adquisición de mercancias,Pagado,2025-12-07,5,Pendiente,,2025-12-02T12:00:00,,,1
HIST25_3941,34110,Factura,Bordados Gardea,Bordados Gardea,2025-11-27,626.4,0,626.4,Tarjeta,Gastos en General,Pagado,,0,No aplíca,,2025-11-27T12:00:00,,,1
HIST25_3942,#FACTURA,,NOMINA,NOMINA,2025-11-28,7856.0,0,7856.0,Cheque,Gastos en General,Pagado,,0,No aplíca,,2025-11-28T12:00:00,,,1
HIST25_3943,39218824,Factura,Bachoco,Bachoco,2025-11-28,802.4,0,802.4,Tarjeta,Adquisición de mercancias,Pagado,,0,No aplíca,,2025-11-28T12:00:00,,,1
HIST25_3944,39218826,Factura,Bachoco,Bachoco,2025-11-28,17584.87,0,17584.87,Tarjeta,Adquisición de mercancias,Pagado,,0,No aplíca,,2025-11-28T12:00:00,,,1
HIST25_3945,139253,Factura,EMPAQUES Y ENVASES/JOSE LUIS MORALES GARCIA (7 días),EMPAQUES Y ENVASES/JOSE LUIS MORALES GARCIA (7 días),2025-11-28,228.0,0,228.0,Tarjeta,Gastos en General,Pagado,,0,No aplíca,,2025-11-28T12:00:00,,,1
HIST25_3946,6757,Factura,SUKARNE,SUKARNE,2025-11-28,748.6,0,748.6,Tarjeta,Adquisición de mercancias,Pagado,,0,No aplíca,,2025-11-28T12:00:00,,,1
HIST25_3947,#FACTURA,Factura,Alsuper,Alsuper,2025-11-28,3408.62,0,3408.62,Tarjeta,Adquisición de mercancias,Pagado,,0,No aplíca,,2025-11-28T12:00:00,,,1
HIST25_3948,30960,Factura,SUKARNE,SUKARNE,2025-11-29,3745.0,0,3745.0,Tarjeta,Adquisición de mercancias,Pagado,,0,No aplíca,,2025-11-29T12:00:00,,,1
HIST25_3949,29349,Factura,SUKARNE,SUKARNE,2025-11-28,3979.5,0,3979.5,Tarjeta,Adquisición de mercancias,Pagado,,0,No aplíca,,2025-11-28T12:00:00,,,1
HIST25_3950,#FACTURA,Factura,Alsuper,Alsuper,2025-11-29,539.1,0,539.1,Tarjeta,Adquisición de mercancias,Pagado,,0,No aplíca,,2025-11-29T12:00:00,,,1
HIST25_3951,#FACTURA,Factura,SORIANA,SORIANA,2025-11-28,726.0,0,726.0,Tarjeta,Adquisición de mercancias,Pagado,,0,No aplíca,,2025-11-28T12:00:00,,,1
HIST25_3952,#FACTURA,Factura,SORIANA,SORIANA,2025-11-24,440.3,0,440.3,Tarjeta,Adquisición de mercancias,Pagado,,0,No aplíca,,2025-11-24T12:00:00,,,1
HIST25_3953,#FACTURA,Factura,SORIANA,SORIANA,2025-11-25,251.6,0,251.6,Tarjeta,Adquisición de mercancias,Pagado,,0,No aplíca,,2025-11-25T12:00:00,,,1
HIST25_3954,#FACTURA,Factura,City Club,City Club,2025-11-26,869.0,0,869.0,Tarjeta,Adquisición de mercancias,Pagado,,0,No aplíca,,2025-11-26T12:00:00,,,1
HIST25_3955,#FACTURA,Factura,City Club,City Club,2025-11-26,299.0,0,299.0,Tarjeta,Gastos en General,Pagado,,0,No aplíca,,2025-11-26T12:00:00,,,1
HIST25_3956,#FACTURA,Factura,City Club,City Club,2025-11-28,844.09,0,844.09,Tarjeta,Adquisición de mercancias,Pagado,,0,No aplíca,,2025-11-28T12:00:00,,,1
HIST25_3957,#FACTURA,Factura,S Mart,S Mart,2025-11-29,93.0,0,93.0,Tarjeta,Adquisición de mercancias,Pagado,,0,No aplíca,,2025-11-29T12:00:00,,,1
HIST25_3958,#FACTURA,Factura,Sam's Club,Sam's Club,2025-11-29,72.0,0,72.0,Tarjeta,Adquisición de mercancias,Pagado,,0,No aplíca,,2025-11-29T12:00:00,,,1
HIST25_3959,#FACTURA,Factura,Costco gas s.a,Costco gas s.a,2025-11-24,1024.87,0,1024.87,Tarjeta,Gastos en General,Pagado,,0,No aplíca,,2025-11-24T12:00:00,,,1
HIST25_3960,#FACTURA,Factura,Costco gas s.a,Costco gas s.a,2025-11-24,850.43,0,850.43,Tarjeta,Gastos en General,Pagado,,0,No aplíca,,2025-11-24T12:00:00,,,1
HIST25_3961,#FACTURA,Factura,SORIANA,SORIANA,2025-11-25,629.0,0,629.0,Tarjeta,Adquisición de mercancias,Pagado,,0,No aplíca,,2025-11-25T12:00:00,,,1
HIST25_3962,#FACTURA,Factura,SUKARNE,SUKARNE,2025-11-29,5723.0,0,5723.0,Tarjeta,Adquisición de mercancias,Pagado,,0,No aplíca,,2025-11-29T12:00:00,,,1
HIST25_3963,6312,Factura,Que Pescados!,Que Pescados!,2025-11-29,1350.0,0,1350.0,Tarjeta,Adquisición de mercancias,Pagado,,0,No aplíca,,2025-11-29T12:00:00,,,1
HIST25_3964,#FACTURA,Factura,SUKARNE,SUKARNE,2025-11-28,3862.28,0,3862.28,Tarjeta,Adquisición de mercancias,Pagado,,0,No aplíca,,2025-11-28T12:00:00,,,1
HIST25_3965,72140,Factura,PROMAR DEL NORTE (14 DÍAS),PROMAR DEL NORTE (14 DÍAS),2025-12-02,3019.1,0,3019.1,Transferencia,Adquisición de mercancias,Pagado,2025-12-16,14,Pendiente,,2025-12-02T12:00:00,,,1
HIST25_3966,0486,Remisión,NARANJA Y LIMÓN (7 DÍAS),NARANJA Y LIMÓN (7 DÍAS),2025-12-01,1455.0,0,1455.0,Transferencia,Adquisición de mercancias,Pagado,2025-12-06,5,Pendiente,,2025-12-01T12:00:00,,,1
HIST25_3967,126503,Factura,Colesa (7 días),Colesa (7 días),2025-12-03,1671.95,0,1671.95,Transferencia,Adquisición de mercancias,Pagado,2025-12-08,5,Pendiente,,2025-12-03T12:00:00,,,1
HIST25_3968,697,Factura,Dumbo / Diana Silva Ponce (12 días),Dumbo / Diana Silva Ponce (12 días),2025-12-01,1630.0,0,1630.0,Transferencia,Adquisición de mercancias,Pagado,2025-12-06,5,Pendiente,,2025-12-01T12:00:00,,,1
HIST25_3969,#FACTURA,Factura,Alsuper,Alsuper,2025-12-03,69.9,0,69.9,Tarjeta,Adquisición de mercancias,Pagado,,0,No aplíca,,2025-12-03T12:00:00,,,1
HIST25_3970,31001,Factura,SUKARNE,SUKARNE,2025-12-03,4987.21,0,4987.21,Tarjeta,Adquisición de mercancias,Pagado,,0,No aplíca,,2025-12-03T12:00:00,,,1
HIST25_3971,31000,Factura,SUKARNE,SUKARNE,2025-12-03,2090.4,0,2090.4,Tarjeta,Adquisición de mercancias,Pagado,,0,No aplíca,,2025-12-03T12:00:00,,,1
HIST25_3972,30909,Factura,SUKARNE,SUKARNE,2025-11-26,3800.5,0,3800.5,Tarjeta,Adquisición de mercancias,Pagado,,0,No aplíca,,2025-11-26T12:00:00,,,1
HIST25_3973,29367,Factura,SUKARNE,SUKARNE,2025-12-03,3821.9,0,3821.9,Tarjeta,Adquisición de mercancias,Pagado,,0,No aplíca,,2025-12-03T12:00:00,,,1
HIST25_3974,#FACTURA,Factura,Alsuper,Alsuper,2025-12-01,248.83,0,248.83,Tarjeta,Adquisición de mercancias,Pagado,,0,No aplíca,,2025-12-01T12:00:00,,,1
HIST25_3975,2769,Factura,SUKARNE,SUKARNE,2025-12-01,4135.93,0,4135.93,Tarjeta,Adquisición de mercancias,Pagado,,0,No aplíca,,2025-12-01T12:00:00,,,1
HIST25_3976,2768,Factura,SUKARNE,SUKARNE,2025-12-01,4175.02,0,4175.02,Tarjeta,Adquisición de mercancias,Pagado,,0,No aplíca,,2025-12-01T12:00:00,,,1
HIST25_3977,#FACTURA,Factura,Alsuper,Alsuper,2025-12-01,374.96,0,374.96,Tarjeta,Adquisición de mercancias,Pagado,,0,No aplíca,,2025-12-01T12:00:00,,,1
HIST25_3978,359043,Factura,Casa Myers,Casa Myers,2025-12-01,46.09,0,46.09,Tarjeta,Adquisición de mercancias,Pagado,,0,No aplíca,,2025-12-01T12:00:00,,,1
HIST25_3979,#FACTURA,Factura,Alsuper,Alsuper,2025-12-02,3497.72,0,3497.72,Tarjeta,Adquisición de mercancias,Pagado,,0,No aplíca,,2025-12-02T12:00:00,,,1
HIST25_3980,#FACTURA,Factura,us fuel,us fuel,2025-12-02,600.0,0,600.0,Tarjeta,Adquisición de mercancias,Pagado,,0,No aplíca,,2025-12-02T12:00:00,,,1
HIST25_3981,30981,Factura,SUKARNE,SUKARNE,2025-12-02,3737.19,0,3737.19,Tarjeta,Adquisición de mercancias,Pagado,,0,No aplíca,,2025-12-02T12:00:00,,,1
HIST25_3982,#FACTURA,Factura,HOME DEPOT,HOME DEPOT,2025-12-03,108.06,0,108.06,Tarjeta,Gastos en General,Pagado,,0,No aplíca,,2025-12-03T12:00:00,,,1
HIST25_3983,#FACTURA,Factura,Sazonico / especies MOY,Sazonico / especies MOY,2025-12-02,1500.0,0,1500.0,Tarjeta,Adquisición de mercancias,Pagado,,0,No aplíca,,2025-12-02T12:00:00,,,1
HIST25_3984,129306,Factura,Ricasa Limpieza,Ricasa Limpieza,2025-12-03,526.52,0,526.52,Tarjeta,Gastos en General,Pagado,,0,No aplíca,,2025-12-03T12:00:00,,,1
HIST25_3985,111796,Factura,Diplas / Hector A Portillo (20 días),Diplas / Hector A Portillo (20 días),2025-12-03,1367.67,0,1367.67,Transferencia,Gastos en General,Pagado,2025-12-30,27,No aplíca,,2025-12-03T12:00:00,,,1
HIST25_3986,3851,Factura,Paser / Araceli V. Padilla (14 dias),Paser / Araceli V. Padilla (14 dias),2025-12-02,1750.0,0,1750.0,Transferencia,Adquisición de mercancias,Pagado,2026-01-06,35,No aplíca,,2025-12-02T12:00:00,,,1
HIST25_3987,2298,Factura,SURTIDORA BOTANAS (7 DÍAS),SURTIDORA BOTANAS (7 DÍAS),2025-12-03,1160.32,0,1160.32,Transferencia,Adquisición de mercancias,Pagado,2025-12-08,5,Pendiente,,2025-12-03T12:00:00,,,1
HIST25_3988,39237394,Factura,Bachoco,Bachoco,2025-12-01,18569.85,0,18569.85,Tarjeta,Adquisición de mercancias,Pagado,,0,No aplíca,,2025-12-01T12:00:00,,,1
HIST25_3989,50009,Factura,TORREY / IRMA OLIVIA,TORREY / IRMA OLIVIA,2025-12-01,580.0,0,580.0,Tarjeta,Gastos en General,Pagado,,0,No aplíca,,2025-12-01T12:00:00,,,1
HIST25_3990,51225,Remisión,Sal de mar/ Celia i. Germes,Sal de mar/ Celia i. Germes,2025-12-05,400.0,0,400.0,Transferencia,Adquisición de mercancias,Pagado,2025-12-10,5,Pendiente,,2025-12-05T12:00:00,,,1
HIST25_3991,7727,Remisión,La Cosecha / Guadalupe Caro S. (14 días),La Cosecha / Guadalupe Caro S. (14 días),2025-12-03,1125.0,0,1125.0,Transferencia,Adquisición de mercancias,Pagado,2025-12-19,16,Pendiente,,2025-12-03T12:00:00,,,1
HIST25_3992,616867,Remisión,Productos Lácteos Los Pinos (7 DÍAS),Productos Lácteos Los Pinos (7 DÍAS),2025-12-04,480.0,0,480.0,Transferencia,Adquisición de mercancias,Pagado,2025-12-09,5,Pendiente,,2025-12-04T12:00:00,,,1
HIST25_3993,51225,Remisión,LAURA ALVIDREZ,LAURA ALVIDREZ,2025-12-05,5800.0,0,5800.0,Transferencia,Adquisición de mercancias,Pagado,2025-12-10,5,Pendiente,,2025-12-05T12:00:00,,,1
HIST25_3994,144879,Factura,Abarrotes Inst. (7 días),Abarrotes Inst. (7 días),2025-12-04,708.31,0,708.31,Transferencia,Adquisición de mercancias,Pagado,2025-12-09,5,Pendiente,,2025-12-04T12:00:00,,,1
HIST25_3995,126592,Factura,Colesa (7 días),Colesa (7 días),2025-12-04,2220.5,0,2220.5,Transferencia,Adquisición de mercancias,Pagado,2025-12-09,5,Pendiente,,2025-12-04T12:00:00,,,1
HIST25_3996,61633,Factura,EMPAQUES Y ENVASES/JOSE LUIS MORALES GARCIA (7 días),EMPAQUES Y ENVASES/JOSE LUIS MORALES GARCIA (7 días),2025-12-04,885.0,0,885.0,Transferencia,Gastos en General,Pagado,2025-12-09,5,Pendiente,,2025-12-04T12:00:00,,,1
HIST25_3997,88,Factura,Salsa La Moncha / Janeth Gonzalez (14 días),Salsa La Moncha / Janeth Gonzalez (14 días),2025-12-05,240.0,0,240.0,Transferencia,Adquisición de mercancias,Pagado,2025-12-10,5,Pendiente,,2025-12-05T12:00:00,,,1
HIST25_3998,4239,Factura,Ma Eugenia Payan / Tortillas (14 días),Ma Eugenia Payan / Tortillas (14 días),2025-12-04,3366.0,0,3366.0,Transferencia,Adquisición de mercancias,Pagado,2025-12-18,14,Pendiente,,2025-12-04T12:00:00,,,1
HIST25_3999,48935,Factura,Papas Santa Fe / Procepap (7 dias),Papas Santa Fe / Procepap (7 dias),2025-12-04,483.0,0,483.0,Transferencia,Adquisición de mercancias,Pagado,2025-12-09,5,Pendiente,,2025-12-04T12:00:00,,,1
HIST25_4000,#FACTURA,Factura,Costco gas s.a,Costco gas s.a,2025-12-01,770.94,0,770.94,Tarjeta,Gastos en General,Pagado,,0,No aplíca,,2025-12-01T12:00:00,,,1
HIST25_4001,#FACTURA,Factura,Carne Mart,Carne Mart,2025-12-02,414.68,0,414.68,Tarjeta,Adquisición de mercancias,Pagado,,0,No aplíca,,2025-12-02T12:00:00,,,1
HIST25_4002,#FACTURA,Factura,Sam's Club,Sam's Club,2025-12-02,496.0,0,496.0,Tarjeta,Adquisición de mercancias,Pagado,,0,No aplíca,,2025-12-02T12:00:00,,,1
HIST25_4003,#FACTURA,Factura,Costco,Costco,2025-12-01,716.4,0,716.4,Tarjeta,Adquisición de mercancias,Pagado,,0,No aplíca,,2025-12-01T12:00:00,,,1
HIST25_4004,#FACTURA,Factura,Alsuper,Alsuper,2025-12-04,302.02,0,302.02,Tarjeta,Adquisición de mercancias,Pagado,,0,No aplíca,,2025-12-04T12:00:00,,,1
HIST25_4005,#FACTURA,Factura,Alsuper,Alsuper,2025-12-04,2505.27,0,2505.27,Tarjeta,Adquisición de mercancias,Pagado,,0,No aplíca,,2025-12-04T12:00:00,,,1
HIST25_4006,#FACTURA,Factura,SUKARNE,SUKARNE,2025-12-04,5367.86,0,5367.86,Tarjeta,Adquisición de mercancias,Pagado,,0,No aplíca,,2025-12-04T12:00:00,,,1
HIST25_4007,31017,Factura,SUKARNE,SUKARNE,2025-12-04,63322.0,0,63322.0,Tarjeta,Adquisición de mercancias,Pagado,,0,No aplíca,,2025-12-04T12:00:00,,,1
HIST25_4008,#FACTURA,,NOMINA,NOMINA,2025-12-05,7679.0,0,7679.0,Cheque,Gastos en General,Pagado,,0,No aplíca,,2025-12-05T12:00:00,,,1
HIST25_4009,#FACTURA,Factura,Bachoco,Bachoco,2025-12-03,18224.93,0,18224.93,Tarjeta,Adquisición de mercancias,Pagado,,0,No aplíca,,2025-12-03T12:00:00,,,1
HIST25_4010,#FACTURA,Factura,Gelos Market,Gelos Market,2025-12-01,57.2,0,57.2,Tarjeta,Adquisición de mercancias,Pagado,,0,No aplíca,,2025-12-01T12:00:00,,,1
HIST25_4011,0488,Factura,NARANJA Y LIMÓN (7 DÍAS),NARANJA Y LIMÓN (7 DÍAS),2025-12-06,1455.0,0,1455.0,Transferencia,Adquisición de mercancias,Pagado,2025-12-11,5,Pendiente,,2025-12-06T12:00:00,,,1
HIST25_4012,7766,Remisión,La Cosecha / Guadalupe Caro S. (14 días),La Cosecha / Guadalupe Caro S. (14 días),2025-12-06,870.0,0,870.0,Transferencia,Adquisición de mercancias,Pagado,2025-12-20,14,Pendiente,,2025-12-06T12:00:00,,,1
HIST25_4013,77650,Factura,DIPACSA (7 días),DIPACSA (7 días),2025-12-05,3413.0,0,3413.0,Transferencia,Adquisición de mercancias,Pagado,2025-12-10,5,Pendiente,,2025-12-05T12:00:00,,,1
HIST25_4014,126864,Factura,Colesa (7 días),Colesa (7 días),2025-12-08,1542.75,0,1542.75,Transferencia,Adquisición de mercancias,Pagado,2025-12-13,5,Pendiente,,2025-12-08T12:00:00,,,1
HIST25_4015,126820,Factura,Colesa (7 días),Colesa (7 días),2025-12-06,2367.3,0,2367.3,Transferencia,Adquisición de mercancias,Pagado,2025-12-11,5,Pendiente,,2025-12-06T12:00:00,,,1
HIST25_4016,3876,Factura,Paser / Araceli V. Padilla (14 dias),Paser / Araceli V. Padilla (14 dias),2025-12-06,1750.0,0,1750.0,Transferencia,Adquisición de mercancias,Pagado,2025-12-20,14,Pendiente,,2025-12-06T12:00:00,,,1
HIST25_4017,025459,Factura,INIX COMERCIAL (20 DÍAS),INIX COMERCIAL (20 DÍAS),2025-12-06,6517.25,0,6517.25,Transferencia,Gastos en General,Pagado,2025-12-26,20,Pendiente,,2025-12-06T12:00:00,,,1
HIST25_4018,24163,Factura,Quesos y + Quesos / Armando Villanueva (7 días),Quesos y + Quesos / Armando Villanueva (7 días),2025-12-06,2398.25,0,2398.25,Transferencia,Adquisición de mercancias,Pagado,2025-12-11,5,Pendiente,,2025-12-06T12:00:00,,,1
HIST25_4019,129903,Factura,Ricasa Limpieza,Ricasa Limpieza,2025-12-06,500.08,0,500.08,Tarjeta,Gastos en General,Pagado,,0,No aplíca,,2025-12-06T12:00:00,,,1
HIST25_4020,39272252,Factura,Bachoco,Bachoco,2025-12-05,19659.57,0,19659.57,Tarjeta,Adquisición de mercancias,Pagado,,0,No aplíca,,2025-12-05T12:00:00,,,1
HIST25_4021,#FACTURA,Factura,Alsuper,Alsuper,2025-12-06,2216.38,0,2216.38,Tarjeta,Adquisición de mercancias,Pagado,,0,No aplíca,,2025-12-06T12:00:00,,,1
HIST25_4022,#FACTURA,Factura,Alsuper,Alsuper,2025-12-08,454.28,0,454.28,Tarjeta,Adquisición de mercancias,Pagado,,0,No aplíca,,2025-12-08T12:00:00,,,1
HIST25_4023,#FACTURA,Factura,SUKARNE,SUKARNE,2025-12-08,3946.26,0,3946.26,Tarjeta,Adquisición de mercancias,Pagado,,0,No aplíca,,2025-12-08T12:00:00,,,1
HIST25_4024,31061,Factura,SUKARNE,SUKARNE,2025-12-08,5095.96,0,5095.96,Tarjeta,Adquisición de mercancias,Pagado,,0,No aplíca,,2025-12-08T12:00:00,,,1
HIST25_4025,#FACTURA,Factura,Farmacia del Ahorro,Farmacia del Ahorro,2025-12-06,67.0,0,67.0,Tarjeta,Gastos en General,Pagado,,0,No aplíca,,2025-12-06T12:00:00,,,1
HIST25_4026,31028,Factura,SUKARNE,SUKARNE,2025-12-05,4948.37,0,4948.37,Tarjeta,Adquisición de mercancias,Pagado,,0,No aplíca,,2025-12-05T12:00:00,,,1
HIST25_4027,31044,Factura,SUKARNE,SUKARNE,2025-12-06,5392.3,0,5392.3,Tarjeta,Adquisición de mercancias,Pagado,,0,No aplíca,,2025-12-06T12:00:00,,,1
HIST25_4028,31027,Factura,SUKARNE,SUKARNE,2025-12-05,3915.19,0,3915.19,Tarjeta,Adquisición de mercancias,Pagado,,0,No aplíca,,2025-12-05T12:00:00,,,1
HIST25_4029,20409,Factura,Aseo y Recolección Estrada (14 días),Aseo y Recolección Estrada (14 días),2025-12-09,1997.06,0,1997.06,Transferencia,Gastos en General,Pagado,2025-12-09,0,Pendiente,,2025-12-09T12:00:00,,,1
HIST25_4030,20653,Factura,Aseo y Recolección Estrada (14 días),Aseo y Recolección Estrada (14 días),2025-12-09,1997.06,0,1997.06,Transferencia,Gastos en General,Pagado,2025-12-09,0,Pendiente,,2025-12-09T12:00:00,,,1
HIST25_4031,21078,Factura,Aseo y Recolección Estrada (14 días),Aseo y Recolección Estrada (14 días),2025-12-09,1997.06,0,1997.06,Transferencia,Gastos en General,Pagado,2025-12-09,0,Pendiente,,2025-12-09T12:00:00,,,1
HIST25_4032,#FACTURA,Factura,Bordados Gardea,Bordados Gardea,2025-12-05,7284.57,0,7284.57,Tarjeta,Gastos en General,Pagado,,0,No aplíca,,2025-12-05T12:00:00,,,1
HIST25_4033,31020,Factura,Frijol / Gozalo Gallegos /Empacadora Chih  (7 días),Frijol / Gozalo Gallegos /Empacadora Chih  (7 días),2025-12-09,855.0,0,855.0,Transferencia,Adquisición de mercancias,Pagado,2025-12-14,5,Pendiente,,2025-12-09T12:00:00,,,1
HIST25_4034,61770,Factura,EMPAQUES Y ENVASES/JOSE LUIS MORALES GARCIA (7 días),EMPAQUES Y ENVASES/JOSE LUIS MORALES GARCIA (7 días),2025-12-09,979.2,0,979.2,Transferencia,Gastos en General,Pagado,2026-01-06,28,No aplíca,,2025-12-09T12:00:00,,,1
HIST25_4035,77713,Factura,DIPACSA (7 días),DIPACSA (7 días),2025-12-09,1808.0,0,1808.0,Transferencia,Adquisición de mercancias,Pagado,2025-12-24,15,No aplíca,,2025-12-09T12:00:00,,,1
HIST25_4036,127070,Factura,Colesa (7 días),Colesa (7 días),2025-12-10,1395.06,0,1395.06,Transferencia,Adquisición de mercancias,Pagado,2025-12-15,5,Pendiente,,2025-12-10T12:00:00,,,1
HIST25_4037,62391,Factura,KEY QUÍMICA (14 DÍAS),KEY QUÍMICA (14 DÍAS),2025-12-10,1749.28,0,1749.28,Transferencia,Gastos en General,Pagado,,0,No aplíca,,2025-12-10T12:00:00,,,1
HIST25_4038,3898,Factura,Paser / Araceli V. Padilla (14 dias),Paser / Araceli V. Padilla (14 dias),2025-12-10,1750.0,0,1750.0,Transferencia,Adquisición de mercancias,Pagado,2025-12-24,14,Pendiente,,2025-12-10T12:00:00,,,1
HIST25_4039,2334,Factura,SURTIDORA BOTANAS (7 DÍAS),SURTIDORA BOTANAS (7 DÍAS),2025-12-08,599.76,0,599.76,Transferencia,Adquisición de mercancias,Pagado,2025-12-13,5,Pendiente,,2025-12-08T12:00:00,,,1
HIST25_4040,126960,Factura,Colesa (7 días),Colesa (7 días),2025-12-09,2721.13,0,2721.13,Transferencia,Adquisición de mercancias,Pagado,2025-12-14,5,Pendiente,,2025-12-09T12:00:00,,,1
HIST25_4041,114696,Factura,Abarrotes Inst. (7 días),Abarrotes Inst. (7 días),2025-12-09,1615.19,0,1615.19,Transferencia,Adquisición de mercancias,Pagado,2025-12-14,5,Pendiente,,2025-12-09T12:00:00,,,1
HIST25_4042,04122025,Factura,La Espiga Dorada  / JUAN MANUEL CASTRO (7 días),La Espiga Dorada  / JUAN MANUEL CASTRO (7 días),2025-12-04,1200.0,0,1200.0,Transferencia,Adquisición de mercancias,Pagado,2025-12-11,7,Pendiente,,2025-12-04T12:00:00,,,1
HIST25_4043,72243,Factura,PROMAR DEL NORTE (14 DÍAS),PROMAR DEL NORTE (14 DÍAS),2025-12-09,3019.01,0,3019.01,Transferencia,Adquisición de mercancias,Pagado,2025-12-23,14,Pendiente,,2025-12-09T12:00:00,,,1
HIST25_4044,#FACTURA,Factura,Bachoco,Bachoco,2025-12-08,13833.71,0,13833.71,Transferencia,Adquisición de mercancias,Pagado,,0,Pendiente,,2025-12-08T12:00:00,,,1
HIST25_4045,39308850,Factura,Bachoco,Bachoco,2025-12-10,15545.25,0,15545.25,Tarjeta,Adquisición de mercancias,Pagado,,0,No aplíca,,2025-12-10T12:00:00,,,1
HIST25_4046,#FACTURA,Factura,City Club,City Club,2025-12-03,87.0,0,87.0,Tarjeta,Adquisición de mercancias,Pagado,,0,No aplíca,,2025-12-03T12:00:00,,,1
HIST25_4047,#FACTURA,Factura,Costco,Costco,2025-12-04,955.9,0,955.9,Tarjeta,Adquisición de mercancias,Pagado,,0,No aplíca,,2025-12-04T12:00:00,,,1
HIST25_4048,#FACTURA,Factura,Costco,Costco,2025-12-08,517.8,0,517.8,Tarjeta,Adquisición de mercancias,Pagado,,0,No aplíca,,2025-12-08T12:00:00,,,1
HIST25_4049,#FACTURA,Factura,Costco gas s.a,Costco gas s.a,2025-12-03,1080.2,0,1080.2,Tarjeta,Gastos en General,Pagado,,0,No aplíca,,2025-12-03T12:00:00,,,1
HIST25_4050,#FACTURA,Factura,City Club,City Club,2025-12-06,1075.0,0,1075.0,Tarjeta,Adquisición de mercancias,Pagado,,0,No aplíca,,2025-12-06T12:00:00,,,1
HIST25_4051,#FACTURA,Factura,Sam's Club,Sam's Club,2025-12-06,667.0,0,667.0,Tarjeta,Adquisición de mercancias,Pagado,,0,No aplíca,,2025-12-06T12:00:00,,,1
HIST25_4052,#FACTURA,Factura,Sam's Club,Sam's Club,2025-12-05,1613.5,0,1613.5,Tarjeta,Adquisición de mercancias,Pagado,,0,No aplíca,,2025-12-05T12:00:00,,,1
HIST25_4053,#FACTURA,Factura,Sam's Club,Sam's Club,2025-12-08,1770.0,0,1770.0,Tarjeta,Adquisición de mercancias,Pagado,,0,No aplíca,,2025-12-08T12:00:00,,,1
HIST25_4054,#FACTURA,Factura,Sam's Club,Sam's Club,2025-12-05,230.0,0,230.0,Tarjeta,Adquisición de mercancias,Pagado,,0,No aplíca,,2025-12-05T12:00:00,,,1
HIST25_4055,#FACTURA,Factura,Alsuper,Alsuper,2025-12-09,3133.44,0,3133.44,Tarjeta,Adquisición de mercancias,Pagado,,0,No aplíca,,2025-12-09T12:00:00,,,1
HIST25_4056,31072,Factura,SUKARNE,SUKARNE,2025-12-09,4404.59,0,4404.59,Tarjeta,Adquisición de mercancias,Pagado,,0,No aplíca,,2025-12-09T12:00:00,,,1
HIST25_4057,#FACTURA,Factura,Que Pescados!,Que Pescados!,2025-12-10,1350.0,0,1350.0,Transferencia,Adquisición de mercancias,Pagado,,0,Pendiente,,2025-12-10T12:00:00,,,1
HIST25_4058,#FACTURA,Factura,SUKARNE,SUKARNE,2025-12-10,3922.96,0,3922.96,Tarjeta,Adquisición de mercancias,Pagado,,0,No aplíca,,2025-12-10T12:00:00,,,1
HIST25_4059,#FACTURA,Factura,Alsuper,Alsuper,2025-12-10,666.96,0,666.96,Tarjeta,Adquisición de mercancias,Pagado,,0,No aplíca,,2025-12-10T12:00:00,,,1
HIST25_4060,31086,Factura,SUKARNE,SUKARNE,2025-12-10,4676.48,0,4676.48,Tarjeta,Adquisición de mercancias,Pagado,,0,No aplíca,,2025-12-10T12:00:00,,,1
HIST25_4061,#FACTURA,,NOMINA,NOMINA,2025-12-11,24451.0,0,24451.0,Transferencia,Gastos en General,Pagado,,0,No aplíca,,2025-12-11T12:00:00,,,1
HIST25_4062,#FACTURA,,SODEXO,SODEXO,2025-12-11,2476.14,0,2476.14,Transferencia,Gastos en General,Pagado,2025-12-11,0,Pendiente,,2025-12-11T12:00:00,,,1
HIST25_4063,112175,Factura,Diplas / Hector A Portillo (20 días),Diplas / Hector A Portillo (20 días),2025-12-12,2994.39,0,2994.39,Transferencia,Gastos en General,Pagado,2025-12-27,15,Pendiente,,2025-12-12T12:00:00,,,1
HIST25_4064,4240,Factura,Ma Eugenia Payan / Tortillas (14 días),Ma Eugenia Payan / Tortillas (14 días),2025-12-11,4048.0,0,4048.0,Transferencia,Adquisición de mercancias,Pagado,2025-12-25,14,Pendiente,,2025-12-11T12:00:00,,,1
HIST25_4065,127158,Factura,Colesa (7 días),Colesa (7 días),2025-12-12,1429.1,0,1429.1,Transferencia,Adquisición de mercancias,Pagado,2025-12-17,5,Pendiente,,2025-12-12T12:00:00,,,1
HIST25_4066,72272,Factura,PROMAR DEL NORTE (14 DÍAS),PROMAR DEL NORTE (14 DÍAS),2025-12-11,3019.1,0,3019.1,Transferencia,Adquisición de mercancias,Pagado,2025-12-25,14,Pendiente,,2025-12-11T12:00:00,,,1
HIST25_4067,49253,Factura,Papas Santa Fe / Procepap (7 dias),Papas Santa Fe / Procepap (7 dias),2025-12-11,586.5,0,586.5,Transferencia,Adquisición de mercancias,Pagado,2025-12-16,5,Pendiente,,2025-12-11T12:00:00,,,1
HIST25_4068,77777,Factura,DIPACSA (7 días),DIPACSA (7 días),2025-12-11,3413.0,0,3413.0,Transferencia,Adquisición de mercancias,Pagado,2025-12-16,5,Pendiente,,2025-12-11T12:00:00,,,1
HIST25_4069,621015,Remisión,Productos Lácteos Los Pinos (7 DÍAS),Productos Lácteos Los Pinos (7 DÍAS),2025-12-11,640.0,0,640.0,Transferencia,Adquisición de mercancias,Pagado,2025-12-16,5,Pendiente,,2025-12-11T12:00:00,,,1
HIST25_4070,0489,Remisión,NARANJA Y LIMÓN (7 DÍAS),NARANJA Y LIMÓN (7 DÍAS),2025-12-11,1455.0,0,1455.0,Transferencia,Adquisición de mercancias,Pagado,2025-12-16,5,Pendiente,,2025-12-11T12:00:00,,,1
HIST25_4071,7794,Factura,La Cosecha / Guadalupe Caro S. (14 días),La Cosecha / Guadalupe Caro S. (14 días),2025-12-11,1173.0,0,1173.0,Transferencia,Adquisición de mercancias,Pagado,2025-12-25,14,Pendiente,,2025-12-11T12:00:00,,,1
HIST25_4072,704,Factura,Dumbo / Diana Silva Ponce (12 días),Dumbo / Diana Silva Ponce (12 días),2025-12-11,870.0,0,870.0,Transferencia,Adquisición de mercancias,Pagado,2025-12-16,5,Pendiente,,2025-12-11T12:00:00,,,1
HIST25_4073,89,Factura,Salsa La Moncha / Janeth Gonzalez (14 días),Salsa La Moncha / Janeth Gonzalez (14 días),2025-12-12,570.0,0,570.0,Transferencia,Adquisición de mercancias,Pagado,2025-12-17,5,Pendiente,,2025-12-12T12:00:00,,,1
HIST25_4074,EFBCH13523587,Factura,ECOGAS MEXICO,ECOGAS MEXICO,2025-12-15,5851.0,0,5851.0,Transferencia,Gastos en General,Pagado,2025-12-22,7,Pendiente,,2025-12-15T12:00:00,,,1
HIST25_4075,127301,Factura,Colesa (7 días),Colesa (7 días),2025-12-13,1309.8,0,1309.8,Transferencia,Adquisición de mercancias,Pagado,2025-12-18,5,Pendiente,,2025-12-13T12:00:00,,,1
HIST25_4076,2377,Factura,SURTIDORA BOTANAS (7 DÍAS),SURTIDORA BOTANAS (7 DÍAS),2025-12-13,842.8,0,842.8,Transferencia,Adquisición de mercancias,Pagado,2025-12-18,5,Pendiente,,2025-12-13T12:00:00,,,1
HIST25_4077,025629,Factura,INIX COMERCIAL (20 DÍAS),INIX COMERCIAL (20 DÍAS),2025-12-13,8105.1,0,8105.1,Transferencia,Gastos en General,Pagado,2026-01-02,20,Pendiente,,2025-12-13T12:00:00,,,1
HIST25_4078,145145,Factura,Abarrotes Inst. (7 días),Abarrotes Inst. (7 días),2025-12-13,1273.77,0,1273.77,Transferencia,Adquisición de mercancias,Pagado,2025-12-18,5,Pendiente,,2025-12-13T12:00:00,,,1
HIST25_4079,49363,Factura,Papas Santa Fe / Procepap (7 dias),Papas Santa Fe / Procepap (7 dias),2025-12-13,465.0,0,465.0,Transferencia,Adquisición de mercancias,Pagado,2025-12-18,5,Pendiente,,2025-12-13T12:00:00,,,1
HIST25_4080,12122025,Factura,TARTARAS LUZ ALICIA RODRIGUEZ,TARTARAS LUZ ALICIA RODRIGUEZ,2025-12-12,945.0,0,945.0,Transferencia,Adquisición de mercancias,Pagado,2025-12-21,9,Pendiente,,2025-12-12T12:00:00,,,1
HIST25_4081,43498,Remisión,"AGYDSA ""Aceite"" (7 días)","AGYDSA ""Aceite"" (7 días)",2025-12-15,2800.0,0,2800.0,Transferencia,Adquisición de mercancias,Pagado,2025-12-20,5,Pendiente,,2025-12-15T12:00:00,,,1
HIST25_4082,3922,Factura,Paser / Araceli V. Padilla (14 dias),Paser / Araceli V. Padilla (14 dias),2025-12-15,1750.0,0,1750.0,Transferencia,Adquisición de mercancias,Pagado,2025-12-29,14,Pendiente,,2025-12-15T12:00:00,,,1
HIST25_4083,24292,Factura,Quesos y + Quesos / Armando Villanueva (7 días),Quesos y + Quesos / Armando Villanueva (7 días),2025-12-15,2212.75,0,2212.75,Transferencia,Adquisición de mercancias,Pagado,2025-12-20,5,Pendiente,,2025-12-15T12:00:00,,,1
HIST25_4084,127424,Factura,Colesa (7 días),Colesa (7 días),2025-12-15,2241.45,0,2241.45,Transferencia,Adquisición de mercancias,Pagado,2025-12-20,5,Pendiente,,2025-12-15T12:00:00,,,1
HIST25_4085,77881,Factura,DIPACSA (7 días),DIPACSA (7 días),2025-12-15,2748.0,0,2748.0,Transferencia,Adquisición de mercancias,Pagado,2025-12-20,5,Pendiente,,2025-12-15T12:00:00,,,1
HIST25_4086,713545,Factura,Casa Reza (7 días),Casa Reza (7 días),2025-12-15,3880.0,0,3880.0,Transferencia,Adquisición de mercancias,Pagado,2025-12-20,5,Pendiente,,2025-12-15T12:00:00,,,1
HIST25_4087,61924,Factura,EMPAQUES Y ENVASES/JOSE LUIS MORALES GARCIA (7 días),EMPAQUES Y ENVASES/JOSE LUIS MORALES GARCIA (7 días),2025-12-15,1048.7,0,1048.7,Transferencia,Gastos en General,Pagado,2025-12-20,5,Pendiente,,2025-12-15T12:00:00,,,1
HIST25_4088,31100,Factura,SUKARNE,SUKARNE,2025-12-11,4761.4,0,4761.4,Tarjeta,Adquisición de mercancias,Pagado,,0,No aplíca,,2025-12-11T12:00:00,,,1
HIST25_4089,#FACTURA,Factura,Alsuper,Alsuper,2025-12-11,388.62,0,388.62,Tarjeta,Adquisición de mercancias,Pagado,,0,No aplíca,,2025-12-11T12:00:00,,,1
HIST25_4090,31101,Factura,SUKARNE,SUKARNE,2025-12-11,4182.84,0,4182.84,Tarjeta,Adquisición de mercancias,Pagado,,0,No aplíca,,2025-12-11T12:00:00,,,1
HIST25_4091,#FACTURA,Factura,Costco gas s.a,Costco gas s.a,2025-12-09,1255.59,0,1255.59,Tarjeta,Gastos en General,Pagado,,0,No aplíca,,2025-12-09T12:00:00,,,1
HIST25_4092,#FACTURA,Factura,Sam's Club,Sam's Club,2025-12-10,536.0,0,536.0,Tarjeta,Adquisición de mercancias,Pagado,,0,No aplíca,,2025-12-10T12:00:00,,,1
HIST25_4093,#FACTURA,Factura,Alsuper,Alsuper,2025-12-11,199.8,0,199.8,Tarjeta,Adquisición de mercancias,Pagado,,0,No aplíca,,2025-12-11T12:00:00,,,1
HIST25_4094,31118,Factura,SUKARNE,SUKARNE,2025-12-12,5042.86,0,5042.86,Tarjeta,Adquisición de mercancias,Pagado,,0,No aplíca,,2025-12-12T12:00:00,,,1
HIST25_4095,31119,Factura,SUKARNE,SUKARNE,2025-12-12,5496.33,0,5496.33,Tarjeta,Adquisición de mercancias,Pagado,,0,No aplíca,,2025-12-12T12:00:00,,,1
HIST25_4096,#FACTURA,Factura,Alsuper,Alsuper,2025-12-12,599.07,0,599.07,Tarjeta,Adquisición de mercancias,Pagado,,0,No aplíca,,2025-12-12T12:00:00,,,1
HIST25_4097,#FACTURA,Factura,City Club,City Club,2025-12-12,1255.0,0,1255.0,Tarjeta,Adquisición de mercancias,Pagado,,0,No aplíca,,2025-12-12T12:00:00,,,1
HIST25_4098,#FACTURA,Factura,Sam's Club,Sam's Club,2025-12-11,1034.0,0,1034.0,Tarjeta,Adquisición de mercancias,Pagado,,0,No aplíca,,2025-12-11T12:00:00,,,1
HIST25_4099,#FACTURA,Factura,Sam's Club,Sam's Club,2025-12-13,230.0,0,230.0,Tarjeta,Gastos en General,Pagado,,0,No aplíca,,2025-12-13T12:00:00,,,1
HIST25_4100,#FACTURA,Factura,Sam's Club,Sam's Club,2025-12-13,825.0,0,825.0,Tarjeta,Adquisición de mercancias,Pagado,,0,No aplíca,,2025-12-13T12:00:00,,,1
HIST25_4101,#FACTURA,Factura,Alsuper,Alsuper,2025-12-15,339.1,0,339.1,Tarjeta,Adquisición de mercancias,Pagado,,0,No aplíca,,2025-12-15T12:00:00,,,1
HIST25_4102,#FACTURA,Factura,SUKARNE,SUKARNE,2025-12-15,6231.26,0,6231.26,Tarjeta,Adquisición de mercancias,Pagado,,0,No aplíca,,2025-12-15T12:00:00,,,1
HIST25_4103,115161,Factura,SUKARNE,SUKARNE,2025-12-15,5175.53,0,5175.53,Tarjeta,Adquisición de mercancias,Pagado,,0,No aplíca,,2025-12-15T12:00:00,,,1
HIST25_4104,2829,Factura,SUKARNE,SUKARNE,2025-12-13,3917.02,0,3917.02,Tarjeta,Adquisición de mercancias,Pagado,,0,No aplíca,,2025-12-13T12:00:00,,,1
HIST25_4105,2830,Factura,SUKARNE,SUKARNE,2025-12-13,3979.56,0,3979.56,Tarjeta,Adquisición de mercancias,Pagado,,0,No aplíca,,2025-12-13T12:00:00,,,1
HIST25_4106,#FACTURA,Factura,Alsuper,Alsuper,2025-12-13,2983.68,0,2983.68,Tarjeta,Adquisición de mercancias,Pagado,,0,No aplíca,,2025-12-13T12:00:00,,,1
HIST25_4107,#FACTURA,Factura,Costco,Costco,2025-12-11,2315.85,0,2315.85,Tarjeta,Adquisición de mercancias,Pagado,,0,No aplíca,,2025-12-11T12:00:00,,,1
HIST25_4108,#FACTURA,Factura,Sazonico / especies MOY,Sazonico / especies MOY,2025-12-12,750.0,0,750.0,Tarjeta,Adquisición de mercancias,Pagado,,0,No aplíca,,2025-12-12T12:00:00,,,1
HIST25_4109,2377,Factura,SURTIDORA BOTANAS (7 DÍAS),SURTIDORA BOTANAS (7 DÍAS),2025-12-13,842.8,0,842.8,Tarjeta,Adquisición de mercancias,Pagado,,0,No aplíca,,2025-12-13T12:00:00,,,1
HIST25_4110,39344972,Factura,Bachoco,Bachoco,2025-12-15,19659.81,0,19659.81,Tarjeta,Adquisición de mercancias,Pagado,,0,No aplíca,,2025-12-15T12:00:00,,,1
HIST25_4111,50170,Factura,TORREY / IRMA OLIVIA,TORREY / IRMA OLIVIA,2025-12-15,485.0,0,485.0,Tarjeta,Gastos en General,Pagado,,0,No aplíca,,2025-12-15T12:00:00,,,1
HIST25_4112,39326306,Factura,Bachoco,Bachoco,2025-12-12,20198.6,0,20198.6,Tarjeta,Adquisición de mercancias,Pagado,,0,No aplíca,,2025-12-12T12:00:00,,,1
HIST25_4113,#FACTURA,Factura,La Espiga Dorada  / JUAN MANUEL CASTRO (7 días),La Espiga Dorada  / JUAN MANUEL CASTRO (7 días),2025-12-12,1440.0,0,1440.0,Transferencia,Adquisición de mercancias,Pagado,2025-12-17,5,Pendiente,,2025-12-12T12:00:00,,,1
HIST25_4114,4891,Factura,FUMIGACIONES AGUIRRE Y AGUIRRE,FUMIGACIONES AGUIRRE Y AGUIRRE,2025-12-16,1132.74,0,1132.74,Transferencia,Gastos en General,Pagado,2025-12-30,14,Pendiente,,2025-12-16T12:00:00,,,1
HIST25_4115,6737,Remisión,La Cosecha / Guadalupe Caro S. (14 días),La Cosecha / Guadalupe Caro S. (14 días),2025-12-16,868.0,0,868.0,Transferencia,Adquisición de mercancias,Pagado,2025-12-30,14,Pendiente,,2025-12-16T12:00:00,,,1
HIST25_4116,127460,Factura,Colesa (7 días),Colesa (7 días),2025-12-16,1298.05,0,1298.05,Transferencia,Adquisición de mercancias,Pagado,2025-12-26,10,Pendiente,,2025-12-16T12:00:00,,,1
HIST25_4117,4241,Factura,Ma Eugenia Payan / Tortillas (14 días),Ma Eugenia Payan / Tortillas (14 días),2025-12-15,4422.0,0,4422.0,Transferencia,Adquisición de mercancias,Pagado,2025-12-29,14,Pendiente,,2025-12-15T12:00:00,,,1
HIST25_4118,#FACTURA,Factura,Alsuper,Alsuper,2025-12-16,598.15,0,598.15,Tarjeta,Adquisición de mercancias,Pagado,,0,No aplíca,,2025-12-16T12:00:00,,,1
HIST25_4119,#FACTURA,Factura,STEREN,STEREN,2025-12-16,597.0,0,597.0,Tarjeta,Gastos en General,Pagado,,0,No aplíca,,2025-12-16T12:00:00,,,1
HIST25_4120,#FACTURA,Factura,HOME DEPOT,HOME DEPOT,2025-12-01,0.0,0,0.0,Tarjeta,Gastos en General,Pendiente,,0,Pendiente,,2025-12-01T12:00:00,,,1
HIST25_4121,#FACTURA,Factura,Alsuper,Alsuper,2025-12-13,863.24,0,863.24,Tarjeta,Adquisición de mercancias,Pagado,,0,No aplíca,,2025-12-13T12:00:00,,,1
HIST25_4122,#FACTURA,Factura,Carvel Gasolina,Carvel Gasolina,2025-12-06,1450.95,0,1450.95,Tarjeta,Gastos en General,Pagado,,0,No aplíca,,2025-12-06T12:00:00,,,1
HIST25_4123,#FACTURA,Factura,Alsuper,Alsuper,2025-12-16,174.5,0,174.5,Tarjeta,Adquisición de mercancias,Pagado,,0,No aplíca,,2025-12-16T12:00:00,,,1
HIST25_4124,31162,Factura,SUKARNE,SUKARNE,2025-12-16,726.05,0,726.05,Tarjeta,Adquisición de mercancias,Pagado,,0,No aplíca,,2025-12-16T12:00:00,,,1
HIST25_4125,#FACTURA,,NOMINA,NOMINA,2025-12-13,7856.0,0,7856.0,Cheque,Gastos en General,Pagado,,0,No aplíca,,2025-12-13T12:00:00,,,1
HIST25_4126,#FACTURA,Remisión,LAURA ALVIDREZ,LAURA ALVIDREZ,2025-12-12,0,0,0,Transferencia,Adquisición de mercancias,Pagado,2025-12-17,5,Pendiente,,2025-12-12T12:00:00,,,1
HIST25_4127,173291,Factura,Gas El Sobrante,Gas El Sobrante,2025-12-16,200.02,0,200.02,Tarjeta,Gastos en General,Pagado,,0,No aplíca,,2025-12-16T12:00:00,,,1
HIST25_4128,#FACTURA,,NOMINA,NOMINA,2025-12-19,22609.0,0,22609.0,Transferencia,Gastos en General,Pagado,2025-12-19,0,Pendiente,,2025-12-19T12:00:00,,,1
HIST25_4129,#FACTURA,,SODEXO,SODEXO,2025-12-18,2623.96,0,2623.96,Transferencia,Gastos en General,Pagado,2025-12-19,1,Pendiente,,2025-12-18T12:00:00,,,1
HIST25_4130,31192,Factura,SUKARNE,SUKARNE,2025-12-18,4534.66,0,4534.66,Tarjeta,Adquisición de mercancias,Pagado,,0,No aplíca,,2025-12-18T12:00:00,,,1
HIST25_4131,31191,Factura,SUKARNE,SUKARNE,2025-12-18,4769.21,0,4769.21,Tarjeta,Adquisición de mercancias,Pagado,,0,No aplíca,,2025-12-18T12:00:00,,,1
HIST25_4132,31193,Factura,SUKARNE,SUKARNE,2025-12-18,4261.02,0,4261.02,Tarjeta,Adquisición de mercancias,Pagado,,0,No aplíca,,2025-12-18T12:00:00,,,1
HIST25_4133,24080,Factura,ADOSA,ADOSA,2025-12-18,214.0,0,214.0,Tarjeta,Gastos en General,Pagado,,0,No aplíca,,2025-12-18T12:00:00,,,1
HIST25_4134,#FACTURA,Factura,Costco,Costco,2025-12-15,449.2,0,449.2,Tarjeta,Adquisición de mercancias,Pagado,,0,No aplíca,,2025-12-15T12:00:00,,,1
HIST25_4135,#FACTURA,Factura,Costco,Costco,2025-12-17,1872.0,0,1872.0,Tarjeta,Adquisición de mercancias,Pagado,,0,No aplíca,,2025-12-17T12:00:00,,,1
HIST25_4136,0492,Remisión,NARANJA Y LIMÓN (7 DÍAS),NARANJA Y LIMÓN (7 DÍAS),2025-12-18,850.0,0,850.0,Transferencia,Adquisición de mercancias,Pagado,2025-12-23,5,Pendiente,,2025-12-18T12:00:00,,,1
HIST25_4137,621617,Remisión,Productos Lácteos Los Pinos (7 DÍAS),Productos Lácteos Los Pinos (7 DÍAS),2025-12-18,560.0,0,560.0,Transferencia,Adquisición de mercancias,Pagado,2025-12-23,5,Pendiente,,2025-12-18T12:00:00,,,1
HIST25_4138,49642,Factura,Papas Santa Fe / Procepap (7 dias),Papas Santa Fe / Procepap (7 dias),2025-12-19,525.0,0,525.0,Transferencia,Adquisición de mercancias,Pagado,2025-12-24,5,Pendiente,,2025-12-19T12:00:00,,,1
HIST25_4139,78050,Factura,DIPACSA (7 días),DIPACSA (7 días),2025-12-19,904.0,0,904.0,Transferencia,Adquisición de mercancias,Pagado,2025-12-24,5,Pendiente,,2025-12-19T12:00:00,,,1
HIST25_4140,127688,Factura,Colesa (7 días),Colesa (7 días),2025-12-19,2973.8,0,2973.8,Transferencia,Adquisición de mercancias,Pagado,2025-12-24,5,Pendiente,,2025-12-19T12:00:00,,,1
HIST25_4141,24370,Factura,Quesos y + Quesos / Armando Villanueva (7 días),Quesos y + Quesos / Armando Villanueva (7 días),2025-12-19,2869.25,0,2869.25,Transferencia,Adquisición de mercancias,Pagado,2025-12-24,5,Pendiente,,2025-12-19T12:00:00,,,1
HIST25_4142,43548,Remisión,"AGYDSA ""Aceite"" (7 días)","AGYDSA ""Aceite"" (7 días)",2025-12-18,2808.0,0,2808.0,Transferencia,Adquisición de mercancias,Pagado,2025-12-23,5,Pendiente,,2025-12-18T12:00:00,,,1
HIST25_4143,2412,Factura,SURTIDORA BOTANAS (7 DÍAS),SURTIDORA BOTANAS (7 DÍAS),2025-12-18,409.64,0,409.64,Transferencia,Adquisición de mercancias,Pagado,2025-12-23,5,Pendiente,,2025-12-18T12:00:00,,,1
HIST25_4144,77986,Factura,DIPACSA (7 días),DIPACSA (7 días),2025-12-18,2643.0,0,2643.0,Transferencia,Adquisición de mercancias,Pagado,2025-12-23,5,Pendiente,,2025-12-18T12:00:00,,,1
HIST25_4145,3946,Factura,Paser / Araceli V. Padilla (14 dias),Paser / Araceli V. Padilla (14 dias),2025-12-18,1750.0,0,1750.0,Transferencia,Adquisición de mercancias,Pagado,2026-01-01,14,Pendiente,,2025-12-18T12:00:00,,,1
HIST25_4146,62029,Factura,EMPAQUES Y ENVASES/JOSE LUIS MORALES GARCIA (7 días),EMPAQUES Y ENVASES/JOSE LUIS MORALES GARCIA (7 días),2025-12-17,722.0,0,722.0,Transferencia,Gastos en General,Pagado,2025-12-22,5,Pendiente,,2025-12-17T12:00:00,,,1
HIST25_4147,145240,Factura,Abarrotes Inst. (7 días),Abarrotes Inst. (7 días),2025-12-17,189.52,0,189.52,Transferencia,Adquisición de mercancias,Pagado,2025-12-22,5,Pendiente,,2025-12-17T12:00:00,,,1
HIST25_4148,127575,Factura,Colesa (7 días),Colesa (7 días),2025-12-17,1097.27,0,1097.27,Transferencia,Adquisición de mercancias,Pagado,2025-12-22,5,Pendiente,,2025-12-17T12:00:00,,,1
HIST25_4149,6772,Remisión,La Cosecha / Guadalupe Caro S. (14 días),La Cosecha / Guadalupe Caro S. (14 días),2025-12-20,1605.0,0,1605.0,Transferencia,Adquisición de mercancias,Pagado,2026-01-04,15,Pendiente,,2025-12-20T12:00:00,,,1
HIST25_4150,72406,Factura,PROMAR DEL NORTE (14 DÍAS),PROMAR DEL NORTE (14 DÍAS),2025-12-20,2445.2,0,2445.2,Transferencia,Adquisición de mercancias,Pagado,2026-01-03,14,Pendiente,,2025-12-20T12:00:00,,,1
HIST25_4151,62090,Factura,EMPAQUES Y ENVASES/JOSE LUIS MORALES GARCIA (7 días),EMPAQUES Y ENVASES/JOSE LUIS MORALES GARCIA (7 días),2025-12-19,696.0,0,696.0,Transferencia,Gastos en General,Pagado,2025-12-24,5,Pendiente,,2025-12-19T12:00:00,,,1
HIST25_4152,2435,Factura,SURTIDORA BOTANAS (7 DÍAS),SURTIDORA BOTANAS (7 DÍAS),2025-12-20,1091.72,0,1091.72,Transferencia,Adquisición de mercancias,Pagado,2025-12-25,5,Pendiente,,2025-12-20T12:00:00,,,1
HIST25_4153,6834,Factura,SUKARNE,SUKARNE,2025-12-19,5941.97,0,5941.97,Tarjeta,Adquisición de mercancias,Pagado,,0,No aplíca,,2025-12-19T12:00:00,,,1
HIST25_4154,31211,Factura,SUKARNE,SUKARNE,2025-12-19,5519.78,0,5519.78,Tarjeta,Adquisición de mercancias,Pagado,,0,No aplíca,,2025-12-19T12:00:00,,,1
HIST25_4155,#FACTURA,Factura,Alsuper,Alsuper,2025-12-19,781.15,0,781.15,Tarjeta,Adquisición de mercancias,Pagado,,0,No aplíca,,2025-12-19T12:00:00,,,1
HIST25_4156,31212,Factura,SUKARNE,SUKARNE,2025-12-19,5394.69,0,5394.69,Tarjeta,Adquisición de mercancias,Pagado,,0,No aplíca,,2025-12-19T12:00:00,,,1
HIST25_4157,#FACTURA,Factura,Costco gas s.a,Costco gas s.a,2025-12-15,1277.63,0,1277.63,Tarjeta,Gastos en General,Pagado,,0,No aplíca,,2025-12-15T12:00:00,,,1
HIST25_4158,31215,Factura,SUKARNE,SUKARNE,2025-12-19,997.17,0,997.17,Tarjeta,Adquisición de mercancias,Pagado,,0,No aplíca,,2025-12-19T12:00:00,,,1
HIST25_4159,39380370,Factura,Bachoco,Bachoco,2025-12-19,22464.96,0,22464.96,Transferencia,Adquisición de mercancias,Pagado,,0,No aplíca,,2025-12-19T12:00:00,,,1
HIST25_4160,#FACTURA,,NOMINA,NOMINA,2025-12-18,7679.4,0,7679.4,Cheque,Gastos en General,Pagado,,0,No aplíca,,2025-12-18T12:00:00,,,1
HIST25_4161,31173,Factura,SUKARNE,SUKARNE,2025-12-17,5386.87,0,5386.87,Tarjeta,Adquisición de mercancias,Pagado,,0,No aplíca,,2025-12-17T12:00:00,,,1
HIST25_4162,31174,Factura,SUKARNE,SUKARNE,2025-12-17,5152.32,0,5152.32,Tarjeta,Adquisición de mercancias,Pagado,,0,No aplíca,,2025-12-17T12:00:00,,,1
HIST25_4163,#FACTURA,Factura,Alsuper,Alsuper,2025-12-17,2934.45,0,2934.45,Tarjeta,Adquisición de mercancias,Pagado,,0,No aplíca,,2025-12-17T12:00:00,,,1
HIST25_4164,14567,Factura,AB Pollo,AB Pollo,2025-12-17,1162.8,0,1162.8,Tarjeta,Adquisición de mercancias,Pagado,,0,No aplíca,,2025-12-17T12:00:00,,,1
HIST25_4165,39363096,Factura,Bachoco,Bachoco,2025-12-17,18878.5,0,18878.5,Tarjeta,Adquisición de mercancias,Pagado,,0,No aplíca,,2025-12-17T12:00:00,,,1
HIST25_4166,#FACTURA,Factura,Corp Arpe Gasolina,Corp Arpe Gasolina,2025-12-19,400.0,0,400.0,Tarjeta,Gastos en General,Pagado,,0,No aplíca,,2025-12-19T12:00:00,,,1
HIST25_4167,0495,Factura,NARANJA Y LIMÓN (7 DÍAS),NARANJA Y LIMÓN (7 DÍAS),2025-12-22,1455.0,0,1455.0,Transferencia,Adquisición de mercancias,Pagado,2025-12-27,5,Pendiente,,2025-12-22T12:00:00,,,1
HIST25_4168,62125,Factura,EMPAQUES Y ENVASES/JOSE LUIS MORALES GARCIA (7 días),EMPAQUES Y ENVASES/JOSE LUIS MORALES GARCIA (7 días),2025-12-22,631.2,0,631.2,Transferencia,Gastos en General,Pagado,2025-12-27,5,Pendiente,,2025-12-22T12:00:00,,,1
HIST25_4169,22122025,Factura,Salsa La Moncha / Janeth Gonzalez (14 días),Salsa La Moncha / Janeth Gonzalez (14 días),2025-12-22,440.0,0,440.0,Transferencia,Adquisición de mercancias,Pagado,2025-12-27,5,Pendiente,,2025-12-22T12:00:00,,,1
HIST25_4170,3978,Factura,Paser / Araceli V. Padilla (14 dias),Paser / Araceli V. Padilla (14 dias),2025-12-22,1750.0,0,1750.0,Transferencia,Adquisición de mercancias,Pagado,2026-01-05,14,Pendiente,,2025-12-22T12:00:00,,,1
HIST25_4171,127913,Factura,Colesa (7 días),Colesa (7 días),2025-12-22,948.76,0,948.76,Transferencia,Adquisición de mercancias,Pagado,2025-12-27,5,Pendiente,,2025-12-22T12:00:00,,,1
HIST25_4172,127833,Factura,Colesa (7 días),Colesa (7 días),2025-12-20,758.1,0,758.1,Transferencia,Adquisición de mercancias,Pagado,2025-12-25,5,Pendiente,,2025-12-20T12:00:00,,,1
HIST25_4173,025744,Factura,INIX COMERCIAL (20 DÍAS),INIX COMERCIAL (20 DÍAS),2025-12-22,6292.11,0,6292.11,Transferencia,Gastos en General,Pagado,2026-01-11,20,Pendiente,,2025-12-22T12:00:00,,,1
HIST25_4174,43576,Remisión,"AGYDSA ""Aceite"" (7 días)","AGYDSA ""Aceite"" (7 días)",2025-12-22,1400.0,0,1400.0,Transferencia,Adquisición de mercancias,Pagado,2025-12-27,5,Pendiente,,2025-12-22T12:00:00,,,1
HIST25_4175,145340,Factura,Abarrotes Inst. (7 días),Abarrotes Inst. (7 días),2025-12-22,2490.09,0,2490.09,Transferencia,Adquisición de mercancias,Pagado,2025-12-27,5,Pendiente,,2025-12-22T12:00:00,,,1
HIST25_4176,2447,Factura,SURTIDORA BOTANAS (7 DÍAS),SURTIDORA BOTANAS (7 DÍAS),2025-12-22,809.48,0,809.48,Transferencia,Adquisición de mercancias,Pagado,2025-12-27,5,Pendiente,,2025-12-22T12:00:00,,,1
HIST25_4177,#FACTURA,Factura,Alsuper,Alsuper,2025-12-18,342.17,0,342.17,Tarjeta,Adquisición de mercancias,Pagado,,0,No aplíca,,2025-12-18T12:00:00,,,1
HIST25_4178,#FACTURA,Factura,Costco gas s.a,Costco gas s.a,2025-12-19,1186.31,0,1186.31,Tarjeta,Gastos en General,Pagado,,0,No aplíca,,2025-12-19T12:00:00,,,1
HIST25_4179,#FACTURA,Factura,City Club,City Club,2025-12-20,305.0,0,305.0,Tarjeta,Gastos en General,Pagado,,0,No aplíca,,2025-12-20T12:00:00,,,1
HIST25_4180,#FACTURA,Factura,Alsuper,Alsuper,2025-12-20,456.11,0,456.11,Tarjeta,Adquisición de mercancias,Pagado,,0,No aplíca,,2025-12-20T12:00:00,,,1
HIST25_4181,31226,Factura,SUKARNE,SUKARNE,2025-12-20,5612.5,0,5612.5,Tarjeta,Adquisición de mercancias,Pagado,,0,No aplíca,,2025-12-20T12:00:00,,,1
HIST25_4182,#FACTURA,Factura,City Club,City Club,2025-12-18,1465.4,0,1465.4,Tarjeta,Adquisición de mercancias,Pagado,,0,No aplíca,,2025-12-18T12:00:00,,,1
HIST25_4183,#FACTURA,Factura,City Club,City Club,2025-12-20,174.0,0,174.0,Tarjeta,Adquisición de mercancias,Pagado,,0,No aplíca,,2025-12-20T12:00:00,,,1
HIST25_4184,#FACTURA,Factura,EMPAQUES Y ENVASES/JOSE LUIS MORALES GARCIA (7 días),EMPAQUES Y ENVASES/JOSE LUIS MORALES GARCIA (7 días),2025-12-20,1096.0,0,1096.0,Tarjeta,Gastos en General,Pagado,,0,No aplíca,,2025-12-20T12:00:00,,,1
HIST25_4185,394000065,Factura,Bachoco,Bachoco,2025-12-22,20462.65,0,20462.65,Transferencia,Adquisición de mercancias,Pagado,,0,No aplíca,,2025-12-22T12:00:00,,,1
HIST25_4186,,,NOMINA,NOMINA,2025-12-24,19371.2,0,19371.2,Transferencia,Gastos en General,Pagado,,0,Pendiente,,2025-12-24T12:00:00,,,1
HIST25_4187,#FACTURA,,SODEXO,SODEXO,2025-12-24,2291.35,0,2291.35,Transferencia,,Pagado,,0,Pendiente,,2025-12-24T12:00:00,,,1
HIST25_4188,1077,Factura,RAMON MANUEL FRIAS RUIZ,RAMON MANUEL FRIAS RUIZ,2025-12-26,1392.0,0,1392.0,Transferencia,Gastos en General,Pagado,2025-12-27,1,Pendiente,,2025-12-26T12:00:00,,,1
HIST25_4189,112760,Factura,Diplas / Hector A Portillo (20 días),Diplas / Hector A Portillo (20 días),2025-12-23,2843.63,0,2843.63,Transferencia,Gastos en General,Pagado,2026-01-06,14,Pendiente,,2025-12-23T12:00:00,,,1
HIST25_4190,78087,Factura,DIPACSA (7 días),DIPACSA (7 días),2025-12-22,1038.0,0,1038.0,Transferencia,Adquisición de mercancias,Pagado,2025-12-27,5,Pendiente,,2025-12-22T12:00:00,,,1
HIST25_4191,128053,Factura,Colesa (7 días),Colesa (7 días),2025-12-24,4254.8,0,4254.8,Transferencia,Adquisición de mercancias,Pagado,2025-12-29,5,Pendiente,,2025-12-24T12:00:00,,,1
HIST25_4192,3999,Factura,Paser / Araceli V. Padilla (14 dias),Paser / Araceli V. Padilla (14 dias),2025-12-24,1750.0,0,1750.0,Transferencia,Adquisición de mercancias,Pagado,2026-01-07,14,Pendiente,,2025-12-24T12:00:00,,,1
HIST25_4193,623016,Factura,Productos Lácteos Los Pinos (7 DÍAS),Productos Lácteos Los Pinos (7 DÍAS),2025-12-24,400.0,0,400.0,Transferencia,Adquisición de mercancias,Pagado,2025-12-29,5,Pendiente,,2025-12-24T12:00:00,,,1
HIST25_4194,114977,Factura,Abarrotes Inst. (7 días),Abarrotes Inst. (7 días),2025-12-26,1741.02,0,1741.02,Transferencia,Adquisición de mercancias,Pagado,2025-12-31,5,Pendiente,,2025-12-26T12:00:00,,,1
HIST25_4195,62203,Factura,EMPAQUES Y ENVASES/JOSE LUIS MORALES GARCIA (7 días),EMPAQUES Y ENVASES/JOSE LUIS MORALES GARCIA (7 días),2025-12-24,2230.2,0,2230.2,Transferencia,Gastos en General,Pagado,2025-12-28,4,Pendiente,,2025-12-24T12:00:00,,,1
HIST25_4196,2472,Factura,SURTIDORA BOTANAS (7 DÍAS),SURTIDORA BOTANAS (7 DÍAS),2025-12-26,437.08,0,437.08,Transferencia,Adquisición de mercancias,Pagado,2025-12-31,5,Pendiente,,2025-12-26T12:00:00,,,1
HIST25_4197,22122025,Factura,La Espiga Dorada  / JUAN MANUEL CASTRO (7 días),La Espiga Dorada  / JUAN MANUEL CASTRO (7 días),2025-12-22,1200.0,0,1200.0,Transferencia,Adquisición de mercancias,Pagado,,0,Pendiente,,2025-12-22T12:00:00,,,1
HIST25_4198,72478,Factura,PROMAR DEL NORTE (14 DÍAS),PROMAR DEL NORTE (14 DÍAS),2025-12-26,3019.1,0,3019.1,Transferencia,Adquisición de mercancias,Pagado,2026-01-09,14,Pendiente,,2025-12-26T12:00:00,,,1
HIST25_4199,49925,Factura,Papas Santa Fe / Procepap (7 dias),Papas Santa Fe / Procepap (7 dias),2025-12-26,483.0,0,483.0,Transferencia,Adquisición de mercancias,Pagado,2025-12-31,5,Pendiente,,2025-12-26T12:00:00,,,1
HIST25_4200,78176,Factura,DIPACSA (7 días),DIPACSA (7 días),2025-12-26,2643.0,0,2643.0,Transferencia,Adquisición de mercancias,Pagado,2025-12-29,3,Pendiente,,2025-12-26T12:00:00,,,1
HIST25_4201,8719,Factura,Combustibles del Bosque,Combustibles del Bosque,2025-12-22,479.8,0,479.8,Tarjeta,Gastos en General,Pagado,,0,No aplíca,,2025-12-22T12:00:00,,,1
HIST25_4202,#FACTURA,Factura,Alsuper,Alsuper,2025-12-23,472.38,0,472.38,Tarjeta,Adquisición de mercancias,Pagado,,0,No aplíca,,2025-12-23T12:00:00,,,1
HIST25_4203,#FACTURA,Factura,Alsuper,Alsuper,2025-12-21,2147.21,0,2147.21,Tarjeta,Adquisición de mercancias,Pagado,,0,No aplíca,,2025-12-21T12:00:00,,,1
HIST25_4204,#FACTURA,Factura,Sam's Club,Sam's Club,2025-12-20,457.01,0,457.01,Tarjeta,Gastos en General,Pagado,,0,No aplíca,,2025-12-20T12:00:00,,,1
HIST25_4205,#FACTURA,Factura,Sam's Club,Sam's Club,2025-12-20,1750.5,0,1750.5,Tarjeta,Adquisición de mercancias,Pagado,,0,No aplíca,,2025-12-20T12:00:00,,,1
HIST25_4206,#FACTURA,Factura,Sam's Club,Sam's Club,2025-12-19,1527.0,0,1527.0,Tarjeta,Adquisición de mercancias,Pagado,,0,No aplíca,,2025-12-19T12:00:00,,,1
HIST25_4207,#FACTURA,Factura,Sam's Club,Sam's Club,2025-12-16,1566.0,0,1566.0,Tarjeta,Adquisición de mercancias,Pagado,,0,No aplíca,,2025-12-16T12:00:00,,,1
HIST25_4208,#FACTURA,Factura,Sam's Club,Sam's Club,2025-12-18,230.0,0,230.0,Tarjeta,Adquisición de mercancias,Pagado,,0,No aplíca,,2025-12-18T12:00:00,,,1
HIST25_4209,#FACTURA,Factura,Sam's Club,Sam's Club,2025-12-17,2362.0,0,2362.0,Tarjeta,Adquisición de mercancias,Pagado,,0,No aplíca,,2025-12-17T12:00:00,,,1
HIST25_4210,#FACTURA,Factura,Sam's Club,Sam's Club,2025-12-18,2311.5,0,2311.5,Tarjeta,Adquisición de mercancias,Pagado,,0,No aplíca,,2025-12-18T12:00:00,,,1
HIST25_4211,#FACTURA,Factura,Alsuper,Alsuper,2025-12-20,1381.44,0,1381.44,Tarjeta,Adquisición de mercancias,Pagado,,0,No aplíca,,2025-12-20T12:00:00,,,1
HIST25_4212,#FACTURA,Factura,Alsuper,Alsuper,2025-12-22,121.6,0,121.6,Tarjeta,Adquisición de mercancias,Pagado,,0,No aplíca,,2025-12-22T12:00:00,,,1
HIST25_4213,#FACTURA,Factura,SUKARNE,SUKARNE,2025-12-22,5003.7,0,5003.7,Tarjeta,Adquisición de mercancias,Pagado,,0,No aplíca,,2025-12-22T12:00:00,,,1
HIST25_4214,#FACTURA,Factura,SUKARNE,SUKARNE,2025-12-22,4972.49,0,4972.49,Tarjeta,Adquisición de mercancias,Pagado,,0,No aplíca,,2025-12-22T12:00:00,,,1
HIST25_4215,#FACTURA,Factura,SUKARNE,SUKARNE,2025-12-22,3956.1,0,3956.1,Tarjeta,Adquisición de mercancias,Pagado,,0,No aplíca,,2025-12-22T12:00:00,,,1
HIST25_4216,#FACTURA,Factura,Alsuper,Alsuper,2025-12-23,943.55,0,943.55,Tarjeta,Adquisición de mercancias,Pagado,,0,No aplíca,,2025-12-23T12:00:00,,,1
HIST25_4217,#FACTURA,Factura,SUKARNE,SUKARNE,2025-12-23,4980.32,0,4980.32,Tarjeta,Adquisición de mercancias,Pagado,,0,No aplíca,,2025-12-23T12:00:00,,,1
HIST25_4218,#FACTURA,Factura,SUKARNE,SUKARNE,2025-12-23,3268.08,0,3268.08,Tarjeta,Adquisición de mercancias,Pagado,,0,No aplíca,,2025-12-23T12:00:00,,,1
HIST25_4219,#FACTURA,Factura,Alsuper,Alsuper,2025-12-24,263.9,0,263.9,Tarjeta,Adquisición de mercancias,Pagado,,0,No aplíca,,2025-12-24T12:00:00,,,1
HIST25_4220,#FACTURA,Factura,SUKARNE,SUKARNE,2025-12-24,871.15,0,871.15,Tarjeta,Adquisición de mercancias,Pagado,,0,No aplíca,,2025-12-24T12:00:00,,,1
HIST25_4221,#FACTURA,Factura,SUKARNE,SUKARNE,2025-12-24,5809.07,0,5809.07,Tarjeta,Adquisición de mercancias,Pagado,,0,No aplíca,,2025-12-24T12:00:00,,,1
HIST25_4222,#FACTURA,Factura,SUKARNE,SUKARNE,2025-12-26,4268.84,0,4268.84,Tarjeta,Adquisición de mercancias,Pagado,,0,No aplíca,,2025-12-26T12:00:00,,,1
HIST25_4223,#FACTURA,Factura,SUKARNE,SUKARNE,2025-12-26,5535.42,0,5535.42,Tarjeta,Adquisición de mercancias,Pagado,,0,No aplíca,,2025-12-26T12:00:00,,,1
HIST25_4224,#FACTURA,Factura,Alsuper,Alsuper,2025-12-26,439.25,0,439.25,Tarjeta,Adquisición de mercancias,Pagado,,0,No aplíca,,2025-12-26T12:00:00,,,1
HIST25_4225,6450,Factura,Que Pescados!,Que Pescados!,2025-12-26,1350.0,0,1350.0,Tarjeta,Adquisición de mercancias,Pagado,,0,No aplíca,,2025-12-26T12:00:00,,,1
HIST25_4226,199672,Factura,Super Moto,Super Moto,2025-09-05,1872.01,0,1872.01,Tarjeta,Gastos en General,Pagado,,0,No aplíca,,2025-09-05T12:00:00,,,1
HIST25_4227,39418861,Factura,Bachoco,Bachoco,2025-12-24,3113.25,0,3113.25,Tarjeta,Adquisición de mercancias,Pagado,,0,No aplíca,,2025-12-24T12:00:00,,,1
HIST25_4228,13394,Factura,CILINDROS Y EQUIPOS PARA GAS DE CHIHUAHUA,CILINDROS Y EQUIPOS PARA GAS DE CHIHUAHUA,2025-12-22,600.0,0,600.0,Tarjeta,Gastos en General,Pagado,,0,No aplíca,,2025-12-22T12:00:00,,,1
HIST25_4229,#FACTURA,,NOMINA,NOMINA,2025-12-26,7856.4,0,7856.4,Cheque,Gastos en General,Pagado,,0,No aplíca,,2025-12-26T12:00:00,,,1
HIST25_4230,39428261,Factura,Bachoco,Bachoco,2025-12-26,12029.0,0,12029.0,Tarjeta,Adquisición de mercancias,Pagado,,0,No aplíca,,2025-12-26T12:00:00,,,1
HIST25_4231,#FACTURA,,NOMINA,NOMINA,2025-12-26,3772.43,0,3772.43,Cheque,Gastos en General,Pagado,,0,No aplíca,,2025-12-26T12:00:00,,,1
HIST25_4232,#FACTURA,Factura,Alsuper,Alsuper,2025-12-28,599.03,0,599.03,Tarjeta,Adquisición de mercancias,Pagado,,0,No aplíca,,2025-12-28T12:00:00,,,1
HIST25_4233,#FACTURA,Factura,Alsuper,Alsuper,2025-12-25,168.4,0,168.4,Tarjeta,Adquisición de mercancias,Pagado,,0,No aplíca,,2025-12-25T12:00:00,,,1
HIST25_4234,#FACTURA,Factura,Alsuper,Alsuper,2025-12-23,179.7,0,179.7,Tarjeta,Adquisición de mercancias,Pagado,,0,No aplíca,,2025-12-23T12:00:00,,,1
HIST25_4235,#FACTURA,,JUNTA MUNICIPAL DE AGUA (JMAS),JUNTA MUNICIPAL DE AGUA (JMAS),2025-12-29,3043.0,0,3043.0,Transferencia,Gastos en General,Pagado,2026-01-06,8,Pendiente,,2025-12-29T12:00:00,,,1
HIST25_4236,128194,Factura,Colesa (7 días),Colesa (7 días),2025-12-27,711.46,0,711.46,Transferencia,Adquisición de mercancias,Pagado,2026-01-01,5,Pendiente,,2025-12-27T12:00:00,,,1
HIST25_4237,62257,Factura,EMPAQUES Y ENVASES/JOSE LUIS MORALES GARCIA (7 días),EMPAQUES Y ENVASES/JOSE LUIS MORALES GARCIA (7 días),2025-12-27,466.0,0,466.0,Transferencia,Gastos en General,Pagado,2026-01-04,8,Pendiente,,2025-12-27T12:00:00,,,1
HIST25_4238,24481,Factura,Quesos y + Quesos / Armando Villanueva (7 días),Quesos y + Quesos / Armando Villanueva (7 días),2025-12-27,2451.25,0,2451.25,Transferencia,Adquisición de mercancias,Pagado,2026-01-01,5,Pendiente,,2025-12-27T12:00:00,,,1
HIST25_4239,31286,Factura,SUKARNE,SUKARNE,2025-12-27,3979.56,0,3979.56,Tarjeta,Adquisición de mercancias,Pagado,,0,No aplíca,,2025-12-27T12:00:00,,,1
HIST25_4240,31287,Factura,SUKARNE,SUKARNE,2025-12-27,5207.04,0,5207.04,Tarjeta,Adquisición de mercancias,Pagado,,0,No aplíca,,2025-12-27T12:00:00,,,1
HIST25_4241,#FACTURA,Factura,Alsuper,Alsuper,2025-12-27,384.83,0,384.83,Tarjeta,Adquisición de mercancias,Pagado,,0,No aplíca,,2025-12-27T12:00:00,,,1
HIST25_4242,#FACTURA,Factura,Gelos Market,Gelos Market,2025-12-19,63.84,0,63.84,Tarjeta,Adquisición de mercancias,Pagado,,0,No aplíca,,2025-12-19T12:00:00,,,1
HIST25_4243,#FACTURA,Factura,Gelos Market,Gelos Market,2025-12-19,165.1,0,165.1,Tarjeta,Adquisición de mercancias,Pagado,,0,No aplíca,,2025-12-19T12:00:00,,,1
HIST25_4244,#FACTURA,Factura,Gelos Market,Gelos Market,2025-12-17,53.55,0,53.55,Tarjeta,Adquisición de mercancias,Pagado,,0,No aplíca,,2025-12-17T12:00:00,,,1
HIST25_4245,#FACTURA,Factura,Costco gas s.a,Costco gas s.a,2025-12-26,620.46,0,620.46,Tarjeta,Gastos en General,Pagado,,0,No aplíca,,2025-12-26T12:00:00,,,1
HIST25_4246,#FACTURA,Factura,Costco gas s.a,Costco gas s.a,2025-12-21,2878.8,0,2878.8,Tarjeta,Gastos en General,Pagado,,0,No aplíca,,2025-12-21T12:00:00,,,1
HIST25_4247,#FACTURA,Factura,SORIANA,SORIANA,2025-12-23,156.23,0,156.23,Tarjeta,Adquisición de mercancias,Pagado,,0,No aplíca,,2025-12-23T12:00:00,,,1
HIST25_4248,#FACTURA,Factura,SORIANA,SORIANA,2025-12-23,33.84,0,33.84,Tarjeta,Adquisición de mercancias,Pagado,,0,No aplíca,,2025-12-23T12:00:00,,,1
HIST25_4249,#FACTURA,Factura,Sam's Club,Sam's Club,2025-12-24,758.0,0,758.0,Tarjeta,Adquisición de mercancias,Pagado,,0,No aplíca,,2025-12-24T12:00:00,,,1
HIST25_4250,#FACTURA,Factura,Costco,Costco,2025-12-26,676.0,0,676.0,Tarjeta,Adquisición de mercancias,Pagado,,0,No aplíca,,2025-12-26T12:00:00,,,1
HIST25_4251,#FACTURA,Factura,Sam's Club,Sam's Club,2025-12-27,2401.4,0,2401.4,Tarjeta,Adquisición de mercancias,Pagado,,0,No aplíca,,2025-12-27T12:00:00,,,1
HIST25_4252,#FACTURA,Factura,Sam's Club,Sam's Club,2025-12-22,2228.97,0,2228.97,Tarjeta,Adquisición de mercancias,Pagado,,0,No aplíca,,2025-12-22T12:00:00,,,1
HIST25_4253,#FACTURA,Factura,Sam's Club,Sam's Club,2025-12-15,1340.92,0,1340.92,Tarjeta,Adquisición de mercancias,Pagado,,0,No aplíca,,2025-12-15T12:00:00,,,1
HIST25_4254,#FACTURA,Factura,Sam's Club,Sam's Club,2025-12-12,2247.42,0,2247.42,Tarjeta,Adquisición de mercancias,Pagado,,0,No aplíca,,2025-12-12T12:00:00,,,1
HIST25_4255,#FACTURA,Factura,Sam's Club,Sam's Club,2025-12-09,2862.45,0,2862.45,Tarjeta,Adquisición de mercancias,Pagado,,0,No aplíca,,2025-12-09T12:00:00,,,1
HIST25_4256,#FACTURA,Factura,Sam's Club,Sam's Club,2025-12-04,2263.47,0,2263.47,Tarjeta,Adquisición de mercancias,Pagado,,0,No aplíca,,2025-12-04T12:00:00,,,1
HIST25_4257,#FACTURA,Factura,Sam's Club,Sam's Club,2025-12-02,1522.91,0,1522.91,Tarjeta,Adquisición de mercancias,Pagado,,0,No aplíca,,2025-12-02T12:00:00,,,1
HIST25_4258,4242,Factura,Ma Eugenia Payan / Tortillas (14 días),Ma Eugenia Payan / Tortillas (14 días),2025-12-29,6270.0,0,6270.0,Transferencia,Adquisición de mercancias,Pagado,2026-01-12,14,Pendiente,,2025-12-29T12:00:00,,,1
HIST25_4259,78272,Factura,DIPACSA (7 días),DIPACSA (7 días),2025-12-30,1808.0,0,1808.0,Transferencia,Adquisición de mercancias,Pagado,2026-01-04,5,Pendiente,,2025-12-30T12:00:00,,,1
HIST25_4260,78280,Factura,DIPACSA (7 días),DIPACSA (7 días),2025-12-30,904.0,0,904.0,Transferencia,Adquisición de mercancias,Pagado,2026-01-04,5,Pendiente,,2025-12-30T12:00:00,,,1
HIST25_4261,FSBA-39464497,Factura,Bachoco,Bachoco,2025-12-31,5976.75,0,5976.75,Tarjeta,Adquisición de mercancias,Pagado,2025-12-31,0,No aplíca,,2025-12-31T12:00:00,,,1
HIST25_4262,4023,Factura,Paser / Araceli V. Padilla (14 dias),Paser / Araceli V. Padilla (14 dias),2025-12-31,1750.0,0,1750.0,Transferencia,Adquisición de mercancias,Pagado,2026-01-13,13,Pendiente,,2025-12-31T12:00:00,,,1
HIST25_4263,43597,Remisión,"AGYDSA ""Aceite"" (7 días)","AGYDSA ""Aceite"" (7 días)",2025-12-31,2800.0,0,2800.0,Transferencia,Adquisición de mercancias,Pagado,2026-01-04,4,Pendiente,,2025-12-31T12:00:00,,,1
HIST25_4264,NOTA,Remisión,Sal de mar/ Celia i. Germes,Sal de mar/ Celia i. Germes,2025-12-31,400.0,0,400.0,Transferencia,Adquisición de mercancias,Pagado,2026-01-04,4,Pendiente,,2025-12-31T12:00:00,,,1
HIST25_4265,7804,Remisión,La Cosecha / Guadalupe Caro S. (14 días),La Cosecha / Guadalupe Caro S. (14 días),2025-12-31,1060.0,0,1060.0,Transferencia,Adquisición de mercancias,Pagado,2026-01-14,14,Pendiente,,2025-12-31T12:00:00,,,1
HIST25_4266,REMISION,Remisión,Productos Lácteos Los Pinos (7 DÍAS),Productos Lácteos Los Pinos (7 DÍAS),2025-12-31,400.0,0,400.0,Transferencia,Adquisición de mercancias,Pagado,2026-01-05,5,Pendiente,,2025-12-31T12:00:00,,,1
HIST25_4267,,,NOMINA,NOMINA,2025-12-31,0,0,0,,,Pendiente,,0,Pendiente,,2025-12-31T12:00:00,,,1
HIST25_4268,#FACTURA,,SODEXO,SODEXO,2026-01-02,2696.78,0,2696.78,Transferencia,Gastos en General,Pagado,2026-01-02,0,Pendiente,,2026-01-02T12:00:00,,,1
HIST25_4269,128292,Factura,Colesa (7 días),Colesa (7 días),2025-12-30,1348.77,0,1348.77,Transferencia,Adquisición de mercancias,Pagado,2026-01-04,5,Pendiente,,2025-12-30T12:00:00,,,1
HIST25_4270,fsba-3944978,Factura,Bachoco,Bachoco,2025-12-31,5976.75,0,5976.75,,,Pagado,,0,Pendiente,,2025-12-31T12:00:00,,,1
HIST25_4271,FSBA-39473174,Factura,Bachoco,Bachoco,2026-01-02,13271.84,0,13271.84,Tarjeta,Adquisición de mercancias,Pagado,,0,No aplíca,,2026-01-02T12:00:00,,,1
HIST25_4272,140945,Factura,EMPAQUES Y ENVASES/JOSE LUIS MORALES GARCIA (7 días),EMPAQUES Y ENVASES/JOSE LUIS MORALES GARCIA (7 días),2025-12-31,140.0,0,140.0,Tarjeta,Adquisición de mercancias,Pagado,,0,No aplíca,,2025-12-31T12:00:00,,,1
HIST25_4273,27944,Factura,RAFAEL CHAVEZ RODRI,RAFAEL CHAVEZ RODRI,2025-12-30,450.0,0,450.0,Tarjeta,Gastos en General,Pagado,,0,No aplíca,,2025-12-30T12:00:00,,,1
HIST25_4274,9264,Factura,NACIMA ELENA DAVID,NACIMA ELENA DAVID,2026-01-03,88.76,0,88.76,Efectivo,Adquisición de mercancias,Pagado,,0,No aplíca,,2026-01-03T12:00:00,,,1
HIST25_4275,remision,Remisión,Sal de mar/ Celia i. Germes,Sal de mar/ Celia i. Germes,2025-12-24,400.0,0,400.0,Transferencia,Adquisición de mercancias,Pagado,2026-01-05,12,Pendiente,,2025-12-24T12:00:00,,,1
HIST25_4276,709,Factura,Dumbo / Diana Silva Ponce (12 días),Dumbo / Diana Silva Ponce (12 días),2025-12-26,870.0,0,870.0,Transferencia,Adquisición de mercancias,Pagado,2026-01-05,10,Pendiente,,2025-12-26T12:00:00,,,1
HIST25_4277,714106,Factura,Casa Reza (7 días),Casa Reza (7 días),2025-12-29,3880.0,0,3880.0,Transferencia,Adquisición de mercancias,Pagado,2026-01-03,5,Pendiente,,2025-12-29T12:00:00,,,1
HIST25_4278,28966,Factura,HOME DEPOT,HOME DEPOT,2025-12-29,21230.0,0,21230.0,Tarjeta,Gastos en General,Pagado,,0,No aplíca,,2025-12-29T12:00:00,,,1
HIST25_4279,31330,Factura,SUKARNE,SUKARNE,2025-12-31,4478.0,0,4478.0,Tarjeta,Adquisición de mercancias,Pagado,,0,No aplíca,,2025-12-31T12:00:00,,,1
HIST25_4280,#FACTURA,Factura,Gelos Market,Gelos Market,2025-12-31,24.0,0,24.0,Tarjeta,Adquisición de mercancias,Pagado,,0,No aplíca,,2025-12-31T12:00:00,,,1
HIST25_4281,#FACTURA,Factura,SORIANA,SORIANA,2025-12-30,199.1,0,199.1,Tarjeta,Adquisición de mercancias,Pagado,,0,No aplíca,,2025-12-30T12:00:00,,,1
HIST25_4282,#FACTURA,Factura,City Club,City Club,2025-12-31,178.0,0,178.0,Tarjeta,Adquisición de mercancias,Pagado,,0,No aplíca,,2025-12-31T12:00:00,,,1
HIST25_4283,#FACTURA,Factura,Costco,Costco,2025-12-31,2734.86,0,2734.86,Tarjeta,Gastos en General,Pagado,,0,No aplíca,,2025-12-31T12:00:00,,,1
HIST25_4284,#FACTURA,Factura,Costco gas s.a,Costco gas s.a,2025-12-30,911.6,0,911.6,Tarjeta,Gastos en General,Pagado,,0,No aplíca,,2025-12-30T12:00:00,,,1
HIST25_4285,#FACTURA,Factura,Costco gas s.a,Costco gas s.a,2025-12-30,1321.99,0,1321.99,Tarjeta,Gastos en General,Pagado,,0,No aplíca,,2025-12-30T12:00:00,,,1
HIST25_4286,#FACTURA,Factura,Costco,Costco,2025-12-29,468.8,0,468.8,Tarjeta,Adquisición de mercancias,Pagado,,0,No aplíca,,2025-12-29T12:00:00,,,1
HIST25_4287,#FACTURA,Factura,Sam's Club,Sam's Club,2025-12-29,205.0,0,205.0,Tarjeta,Adquisición de mercancias,Pagado,,0,No aplíca,,2025-12-29T12:00:00,,,1
HIST25_4288,#FACTURA,Factura,Sam's Club,Sam's Club,2025-12-30,313.01,0,313.01,Tarjeta,Gastos en General,Pagado,,0,No aplíca,,2025-12-30T12:00:00,,,1
HIST25_4289,#FACTURA,Factura,Sam's Club,Sam's Club,2025-12-30,1062.5,0,1062.5,Tarjeta,Adquisición de mercancias,Pagado,,0,No aplíca,,2025-12-30T12:00:00,,,1
HIST25_4290,#FACTURA,Factura,Sam's Club,Sam's Club,2025-12-29,1666.0,0,1666.0,Tarjeta,Adquisición de mercancias,Pagado,,0,No aplíca,,2025-12-29T12:00:00,,,1
HIST25_4291,#FACTURA,Factura,Alsuper,Alsuper,2025-12-31,71.4,0,71.4,Tarjeta,Adquisición de mercancias,Pagado,,0,No aplíca,,2025-12-31T12:00:00,,,1
HIST25_4292,#FACTURA,Factura,SUKARNE,SUKARNE,2025-12-29,5715.24,0,5715.24,Tarjeta,Adquisición de mercancias,Pagado,,0,No aplíca,,2025-12-29T12:00:00,,,1
HIST25_4293,#FACTURA,Factura,SUKARNE,SUKARNE,2025-12-30,4260.38,0,4260.38,Tarjeta,Adquisición de mercancias,Pagado,,0,No aplíca,,2025-12-30T12:00:00,,,1
HIST25_4294,#FACTURA,Factura,SUKARNE,SUKARNE,2025-12-30,4079.78,0,4079.78,Tarjeta,Adquisición de mercancias,Pagado,,0,No aplíca,,2025-12-30T12:00:00,,,1
HIST25_4295,#FACTURA,Factura,SUKARNE,SUKARNE,2025-12-30,3953.2,0,3953.2,Tarjeta,Adquisición de mercancias,Pagado,,0,No aplíca,,2025-12-30T12:00:00,,,1
HIST25_4296,#FACTURA,Factura,Alsuper,Alsuper,2025-12-30,1499.44,0,1499.44,Tarjeta,Adquisición de mercancias,Pagado,,0,No aplíca,,2025-12-30T12:00:00,,,1
HIST25_4297,#FACTURA,Factura,Alsuper,Alsuper,2025-12-30,124.0,0,124.0,Tarjeta,Adquisición de mercancias,Pagado,,0,No aplíca,,2025-12-30T12:00:00,,,1
HIST25_4298,#FACTURA,Factura,Alsuper,Alsuper,2025-12-24,274.73,0,274.73,Tarjeta,Adquisición de mercancias,Pagado,,0,No aplíca,,2025-12-24T12:00:00,,,1
HIST25_4299,#FACTURA,Factura,Alsuper,Alsuper,2025-12-29,460.3,0,460.3,OTRO (REPONER),Adquisición de mercancias,Pagado,,0,No aplíca,,2025-12-29T12:00:00,,,1
HIST25_4300,5659,Factura,Interceramic,Interceramic,2025-12-26,379.99,0,379.99,Tarjeta,Adquisición de mercancias,Pagado,,0,No aplíca,,2025-12-26T12:00:00,,,1
HIST26_1,39473174,Factura,Bachoco,Bachoco,2026-01-02,13271.84,0,13271.84,Tarjeta,Adquisición de mercancias,Pagado,,0,No aplíca,,2026-01-02T12:00:00,,,1
HIST26_2,03012026,Remisión,Sal de mar/ Celia i. Germes,Sal de mar/ Celia i. Germes,2026-01-03,400.0,0,400.0,Transferencia,Adquisición de mercancias,Pagado,2026-01-08,5,Pendiente,,2026-01-03T12:00:00,,,1
HIST26_3,62557,Factura,KEY QUÍMICA (14 DÍAS),KEY QUÍMICA (14 DÍAS),2026-01-03,2219.08,0,2219.08,Transferencia,Gastos en General,Pagado,2026-01-17,14,Pendiente,,2026-01-03T12:00:00,,,1
HIST26_4,24584,Factura,Quesos y + Quesos / Armando Villanueva (7 días),Quesos y + Quesos / Armando Villanueva (7 días),2026-01-03,2419.45,0,2419.45,Transferencia,Adquisición de mercancias,Pagado,2026-01-08,5,Pendiente,,2026-01-03T12:00:00,,,1
HIST26_5,4028,Factura,Paser / Araceli V. Padilla (14 dias),Paser / Araceli V. Padilla (14 dias),2026-01-03,1750.0,0,1750.0,Transferencia,Adquisición de mercancias,Pagado,2026-01-17,14,Pendiente,,2026-01-03T12:00:00,,,1
HIST26_6,128385,Factura,Colesa (7 días),Colesa (7 días),2026-01-02,460.0,0,460.0,Transferencia,Adquisición de mercancias,Pagado,2026-01-07,5,Pendiente,,2026-01-02T12:00:00,,,1
HIST26_7,128389,Factura,Colesa (7 días),Colesa (7 días),2026-01-02,300.0,0,300.0,Transferencia,Adquisición de mercancias,Pagado,2026-01-07,5,Pendiente,,2026-01-02T12:00:00,,,1
HIST26_8,72596,Factura,PROMAR DEL NORTE (14 DÍAS),PROMAR DEL NORTE (14 DÍAS),2026-01-03,3019.1,0,3019.1,Transferencia,Adquisición de mercancias,Pagado,2026-01-17,14,Pendiente,,2026-01-03T12:00:00,,,1
HIST26_9,62386,Factura,EMPAQUES Y ENVASES/JOSE LUIS MORALES GARCIA (7 días),EMPAQUES Y ENVASES/JOSE LUIS MORALES GARCIA (7 días),2026-01-03,663.3,0,663.3,Transferencia,Gastos en General,Pagado,2026-01-08,5,Pendiente,,2026-01-03T12:00:00,,,1
HIST26_10,2102,Factura,Frijol / Gozalo Gallegos /Empacadora Chih  (7 días),Frijol / Gozalo Gallegos /Empacadora Chih  (7 días),2026-01-03,855.0,0,855.0,Transferencia,Adquisición de mercancias,Pagado,2026-01-08,5,Pendiente,,2026-01-03T12:00:00,,,1
HIST26_11,115055,Factura,Abarrotes Inst. (7 días),Abarrotes Inst. (7 días),2026-01-05,1805.77,0,1805.77,Transferencia,Adquisición de mercancias,Pagado,2026-01-10,5,Pendiente,,2026-01-05T12:00:00,,,1
HIST26_12,025861,Factura,INIX COMERCIAL (20 DÍAS),INIX COMERCIAL (20 DÍAS),2026-01-05,5107.63,0,5107.63,Transferencia,Gastos en General,Pagado,2026-01-25,20,Pendiente,,2026-01-05T12:00:00,,,1
HIST26_13,2529,Factura,SURTIDORA BOTANAS (7 DÍAS),SURTIDORA BOTANAS (7 DÍAS),2026-01-05,1189.72,0,1189.72,Transferencia,Adquisición de mercancias,Pagado,2026-01-10,5,Pendiente,,2026-01-05T12:00:00,,,1
HIST26_14,78357,Factura,DIPACSA (7 días),DIPACSA (7 días),2026-01-05,2533.0,0,2533.0,Transferencia,Adquisición de mercancias,Pagado,2026-01-10,5,Pendiente,,2026-01-05T12:00:00,,,1
HIST26_15,9264,Factura,SuperPlastics / NACIMA ELENA DAVID MARTINEZ,SuperPlastics / NACIMA ELENA DAVID MARTINEZ,2026-01-03,88.76,0,88.76,Reponer,Gastos en General,Pagado,2026-01-25,22,No aplíca,,2026-01-03T12:00:00,,,1
HIST26_16,39490787,Factura,Bachoco,Bachoco,2026-01-05,14039.0,0,14039.0,Tarjeta,Adquisición de mercancias,Pagado,,0,No aplíca,,2026-01-05T12:00:00,,,1
HIST26_17,,Factura,Alsuper,Alsuper,2026-01-02,2364.32,0,2364.32,Tarjeta,Adquisición de mercancias,Pagado,,0,No aplíca,,2026-01-02T12:00:00,,,1
HIST26_18,,Factura,Alsuper,Alsuper,2026-01-02,102.41,0,102.41,Tarjeta,Adquisición de mercancias,Pagado,,0,No aplíca,,2026-01-02T12:00:00,,,1
HIST26_19,,Factura,Alsuper,Alsuper,2026-01-02,234.7,0,234.7,Tarjeta,Adquisición de mercancias,Pagado,,0,No aplíca,,2026-01-02T12:00:00,,,1
HIST26_20,,Factura,Alsuper,Alsuper,2026-01-03,101.9,0,101.9,Tarjeta,Adquisición de mercancias,Pagado,,0,No aplíca,,2026-01-03T12:00:00,,,1
HIST26_21,31355,Factura,SUKARNE,SUKARNE,2026-01-03,5027.74,0,5027.74,Tarjeta,Adquisición de mercancias,Pagado,,0,No aplíca,,2026-01-03T12:00:00,,,1
HIST26_22,,Factura,Alsuper,Alsuper,2026-01-03,365.0,0,365.0,Tarjeta,Adquisición de mercancias,Pagado,,0,No aplíca,,2026-01-03T12:00:00,,,1
HIST26_23,,Factura,Alsuper,Alsuper,2026-01-03,275.74,0,275.74,Tarjeta,Adquisición de mercancias,Pagado,,0,No aplíca,,2026-01-03T12:00:00,,,1
HIST26_24,115468,Factura,SUKARNE,SUKARNE,2026-01-02,5562.22,0,5562.22,Tarjeta,Adquisición de mercancias,Pagado,,0,No aplíca,,2026-01-02T12:00:00,,,1
HIST26_25,6504,Factura,Que Pescados! / MAYNEZ SEGURA ALIMENTOS DEL MAR,Que Pescados! / MAYNEZ SEGURA ALIMENTOS DEL MAR,2026-01-03,1350.0,0,1350.0,Tarjeta,Adquisición de mercancias,Pagado,,0,No aplíca,,2026-01-03T12:00:00,,,1
HIST26_26,31343,Factura,SUKARNE,SUKARNE,2026-01-02,5140.24,0,5140.24,Tarjeta,Adquisición de mercancias,Pagado,,0,No aplíca,,2026-01-02T12:00:00,,,1
HIST26_27,31356,Factura,SUKARNE,SUKARNE,2026-01-03,4387.8,0,4387.8,Tarjeta,Adquisición de mercancias,Pagado,,0,No aplíca,,2026-01-03T12:00:00,,,1
HIST26_28,,Remisión,Sal de mar/ Celia i. Germes,Sal de mar/ Celia i. Germes,2026-01-03,400.0,0,400.0,Transferencia,Adquisición de mercancias,Pagado,2026-01-08,5,Pendiente,,2026-01-03T12:00:00,,,1
HIST26_29,128570,Factura,Colesa (7 días),Colesa (7 días),2026-01-05,2679.72,0,2679.72,Transferencia,Adquisición de mercancias,Pagado,2026-01-10,5,Pendiente,,2026-01-05T12:00:00,,,1
HIST26_30,128655,Factura,Colesa (7 días),Colesa (7 días),2026-01-06,1297.26,0,1297.26,Transferencia,Adquisición de mercancias,Pagado,2026-01-11,5,Pendiente,,2026-01-06T12:00:00,,,1
HIST26_31,50398,Factura,Papas Santa Fe / Procepap (7 dias),Papas Santa Fe / Procepap (7 dias),2026-01-06,502.4,0,502.4,Transferencia,Adquisición de mercancias,Pagado,2026-01-11,5,Pendiente,,2026-01-06T12:00:00,,,1
HIST26_32,4243,Factura,Ma Eugenia Payan / Tortillas (14 días),Ma Eugenia Payan / Tortillas (14 días),2026-01-05,1848.0,0,1848.0,Transferencia,Adquisición de mercancias,Pagado,2026-01-19,14,Pendiente,,2026-01-05T12:00:00,,,1
HIST26_33,,Factura,Sam's Club,Sam's Club,2026-01-03,758.0,0,758.0,Tarjeta,Adquisición de mercancias,Pagado,,0,No aplíca,,2026-01-03T12:00:00,,,1
HIST26_34,,Factura,Alsuper,Alsuper,2026-01-05,2060.91,0,2060.91,Tarjeta,Adquisición de mercancias,Pagado,,0,No aplíca,,2026-01-05T12:00:00,,,1
HIST26_35,,Factura,Costco Gas,Costco Gas,2026-01-05,911.6,0,911.6,Tarjeta,Gastos en General,Pagado,,0,No aplíca,,2026-01-05T12:00:00,,,1
HIST26_36,31370,Factura,SUKARNE,SUKARNE,2026-01-05,3976.48,0,3976.48,Tarjeta,Adquisición de mercancias,Pagado,,0,,,2026-01-05T12:00:00,,,1
HIST26_37,,Factura,Farmacias del Ahorro,Farmacias del Ahorro,2026-01-05,150.0,0,150.0,Tarjeta,Gastos en General,Pagado,,0,No aplíca,,2026-01-05T12:00:00,,,1
HIST26_38,31371,Factura,SUKARNE,SUKARNE,2026-01-05,4121.23,0,4121.23,Tarjeta,Adquisición de mercancias,Pagado,,0,No aplíca,,2026-01-05T12:00:00,,,1
HIST26_39,,Factura,Costco,Costco,2026-01-03,529.68,0,529.68,Tarjeta,Adquisición de mercancias,Pagado,,0,No aplíca,,2026-01-03T12:00:00,,,1
HIST26_40,,Factura,Costco,Costco,2026-01-03,269.4,0,269.4,Tarjeta,Adquisición de mercancias,Pagado,,0,No aplíca,,2026-01-03T12:00:00,,,1
HIST26_41,,Factura,Costco,Costco,2026-01-02,926.0,0,926.0,Tarjeta,Adquisición de mercancias,Pagado,,0,No aplíca,,2026-01-02T12:00:00,,,1
HIST26_42,,,Nomina / Nómina,Nomina / Nómina,2026-01-06,6570.0,0,6570.0,Cheque,Gastos en General,Pagado,,0,No aplíca,,2026-01-06T12:00:00,,,1
HIST26_43,16624,Factura,Sazonico / Aromata,Sazonico / Aromata,2026-01-05,1500.0,0,1500.0,Tarjeta,Adquisición de mercancias,Pagado,,0,No aplíca,,2026-01-05T12:00:00,,,1
HIST26_44,,Remisión,CARNES JUREK,CARNES JUREK,2026-01-06,2175.0,0,2175.0,Transferencia,Adquisición de mercancias,Pagado,2026-01-11,5,Pendiente,,2026-01-06T12:00:00,,,1
HIST26_45,,Factura,Sam's Club,Sam's Club,2026-01-03,3644.96,0,3644.96,Tarjeta,Adquisición de mercancias,Pagado,,0,No aplíca,,2026-01-03T12:00:00,,,1
HIST26_46,T,Factura,Alsuper,Alsuper,2026-01-06,273.44,0,273.44,Tarjeta,Adquisición de mercancias,Pagado,2026-01-06,0,No aplíca,,2026-01-06T12:00:00,,,1
HIST26_47,Shopify,Factura,Shopify,Shopify,2026-01-07,2142.0,0,2142.0,Tarjeta,Gastos en General,Pagado,,0,No aplíca,,2026-01-07T12:00:00,,,1
HIST26_48,128704,Factura,Colesa (7 días),Colesa (7 días),2026-01-07,1846.2,0,1846.2,Transferencia,Adquisición de mercancias,Pagado,2026-01-12,5,Pendiente,,2026-01-07T12:00:00,,,1
HIST26_49,06012025,Factura,La Espiga Dorada / JUAN MANUEL CASTRO BOTELLO,La Espiga Dorada / JUAN MANUEL CASTRO BOTELLO,2026-01-06,1200.0,0,1200.0,Transferencia,Adquisición de mercancias,Pagado,2026-01-12,6,Pendiente,,2026-01-06T12:00:00,,,1
HIST26_50,43632,Remisión,"AGYDSA ""Aceite"" (7 días)","AGYDSA ""Aceite"" (7 días)",2026-01-07,2800.0,0,2800.0,Transferencia,Adquisición de mercancias,Pagado,2026-01-12,5,Pendiente,,2026-01-07T12:00:00,,,1
HIST26_51,31415,Factura,SUKARNE,SUKARNE,2026-01-08,4895.57,0,4895.57,Tarjeta,Adquisición de mercancias,Pagado,,0,No aplíca,,2026-01-08T12:00:00,,,1
HIST26_52,31414,Factura,SUKARNE,SUKARNE,2026-01-08,4067.9,0,4067.9,Tarjeta,Adquisición de mercancias,Pagado,,0,No aplíca,,2026-01-08T12:00:00,,,1
HIST26_53,,Factura,Alsuper,Alsuper,2026-01-08,2431.43,0,2431.43,Tarjeta,Adquisición de mercancias,Pagado,,0,No aplíca,,2026-01-08T12:00:00,,,1
HIST26_54,,Factura,City Club,City Club,2026-01-06,663.0,0,663.0,Tarjeta,Adquisición de mercancias,Pagado,,0,No aplíca,,2026-01-06T12:00:00,,,1
HIST26_55,,Factura,GELOS MARKET,GELOS MARKET,2026-01-06,12.0,0,12.0,Tarjeta,Adquisición de mercancias,Pagado,,0,No aplíca,,2026-01-06T12:00:00,,,1
HIST26_56,,Factura,Sam's Club,Sam's Club,2026-01-06,399.0,0,399.0,Tarjeta,Adquisición de mercancias,Pagado,,0,No aplíca,,2026-01-06T12:00:00,,,1
HIST26_57,,Factura,Alsuper,Alsuper,2026-01-06,125.49,0,125.49,Tarjeta,Adquisición de mercancias,Pagado,,0,No aplíca,,2026-01-06T12:00:00,,,1
HIST26_58,31380,Factura,SUKARNE,SUKARNE,2026-01-06,4608.22,0,4608.22,Tarjeta,Adquisición de mercancias,Pagado,,0,No aplíca,,2026-01-06T12:00:00,,,1
HIST26_59,,Factura,Costco,Costco,2026-01-06,618.1,0,618.1,Tarjeta,Adquisición de mercancias,Pagado,,0,No aplíca,,2026-01-06T12:00:00,,,1
HIST26_60,31381,Factura,SUKARNE,SUKARNE,2026-01-06,3473.08,0,3473.08,Tarjeta,Adquisición de mercancias,Pagado,,0,No aplíca,,2026-01-06T12:00:00,,,1
HIST26_61,39507760,Factura,Bachoco,Bachoco,2026-01-07,16251.67,0,16251.67,Tarjeta,Adquisición de mercancias,Pagado,,0,No aplíca,,2026-01-07T12:00:00,,,1
HIST26_62,01012026,Recibo,Notion Labs,Notion Labs,2026-01-01,460.0,0,460.0,Tarjeta,Gastos en General,Pagado,,0,No aplíca,,2026-01-01T12:00:00,,,1
HIST26_63,128927,Factura,Colesa (7 días),Colesa (7 días),2026-01-09,550.0,0,550.0,Transferencia,Adquisición de mercancias,Pagado,2026-01-14,5,Pendiente,,2026-01-09T12:00:00,,,1
HIST26_64,128919,Factura,Colesa (7 días),Colesa (7 días),2026-01-09,1582.0,0,1582.0,Transferencia,Adquisición de mercancias,Pagado,2026-01-14,5,Pendiente,,2026-01-09T12:00:00,,,1
HIST26_65,39524849,Factura,Bachoco,Bachoco,2026-01-09,17597.97,0,17597.97,Tarjeta,Adquisición de mercancias,Pagado,,0,No aplíca,,2026-01-09T12:00:00,,,1
HIST26_66,113371,Factura,Diplas / Hector A Portillo (20 días),Diplas / Hector A Portillo (20 días),2026-01-09,2944.23,0,2944.23,Transferencia,Gastos en General,Pagado,2026-01-23,14,Pendiente,,2026-01-09T12:00:00,,,1
HIST26_67,39473174,Factura,Bachoco,Bachoco,2026-01-02,13271.84,0,13271.84,Tarjeta,Adquisición de mercancias,Pagado,,0,No aplíca,,2026-01-02T12:00:00,,,1
HIST26_68,96,Factura,Salsa La Moncha / Janeth Gonzalez (14 días),Salsa La Moncha / Janeth Gonzalez (14 días),2026-01-09,945.0,0,945.0,Transferencia,Adquisición de mercancias,Pagado,2026-01-14,5,Pendiente,,2026-01-09T12:00:00,,,1
HIST26_69,2564,Factura,SURTIDORA BOTANAS (7 DÍAS),SURTIDORA BOTANAS (7 DÍAS),2026-01-09,1668.94,0,1668.94,Transferencia,Adquisición de mercancias,Pagado,2026-01-14,5,Pendiente,,2026-01-09T12:00:00,,,1
HIST26_70,62536,Factura,EMPAQUES Y ENVASES/JOSE LUIS MORALES GARCIA (7 días),EMPAQUES Y ENVASES/JOSE LUIS MORALES GARCIA (7 días),2026-01-09,1791.25,0,1791.25,Transferencia,Gastos en General,Pagado,2026-01-14,5,Pendiente,,2026-01-09T12:00:00,,,1
HIST26_71,Sem 2,,Nomina / Nómina,Nomina / Nómina,2026-01-09,2397.0,0,2397.0,Cheque,Gastos en General,Pagado,,0,No aplíca,,2026-01-09T12:00:00,,,1
HIST26_72,0497,Remisión,NARANJA Y LIMÓN / Maria Guadalupe Fierro (7 DÍAS),NARANJA Y LIMÓN / Maria Guadalupe Fierro (7 DÍAS),2026-01-06,1030.0,0,1030.0,Transferencia,Adquisición de mercancias,Pagado,2026-01-12,6,Pendiente,,2026-01-06T12:00:00,,,1
HIST26_73,7841,Remisión,La Cosecha / Guadalupe Caro S. (14 días),La Cosecha / Guadalupe Caro S. (14 días),2026-01-07,1365.0,0,1365.0,Transferencia,Adquisición de mercancias,Pagado,2026-01-23,16,Pendiente,,2026-01-07T12:00:00,,,1
HIST26_74,622617,Remisión,Productos lácteos Los Pinos (7 DÍAS),Productos lácteos Los Pinos (7 DÍAS),2026-01-08,480.0,0,480.0,Transferencia,Adquisición de mercancias,Pagado,2026-01-13,5,Pendiente,,2026-01-08T12:00:00,,,1
HIST26_75,62502,Factura,EMPAQUES Y ENVASES/JOSE LUIS MORALES GARCIA (7 días),EMPAQUES Y ENVASES/JOSE LUIS MORALES GARCIA (7 días),2026-01-08,3170.2,0,3170.2,Transferencia,Gastos en General,Pagado,2026-01-13,5,Pendiente,,2026-01-08T12:00:00,,,1
HIST26_76,07012026,Factura,Carmen Ortega P. / Salsa Macha (14 días),Carmen Ortega P. / Salsa Macha (14 días),2026-01-07,1440.0,0,1440.0,Transferencia,Adquisición de mercancias,Pagado,2026-01-21,14,Pendiente,,2026-01-07T12:00:00,,,1
HIST26_77,4045,Factura,Paser / Araceli V. Padilla (14 dias),Paser / Araceli V. Padilla (14 dias),2026-01-08,1750.0,0,1750.0,Transferencia,Adquisición de mercancias,Pagado,2026-01-22,14,Pendiente,,2026-01-08T12:00:00,,,1
HIST26_78,128840,Factura,Colesa (7 días),Colesa (7 días),2026-01-08,374.2,0,374.2,Transferencia,Adquisición de mercancias,Pagado,2026-01-13,5,Pendiente,,2026-01-08T12:00:00,,,1
HIST26_79,1391,Factura,CHILTEPIN / JORGE CRUZ RAMOS JUAREZ,CHILTEPIN / JORGE CRUZ RAMOS JUAREZ,2026-01-08,810.0,0,810.0,Transferencia,Adquisición de mercancias,Pagado,2026-01-20,12,Pendiente,,2026-01-08T12:00:00,,,1
HIST26_80,78460,Factura,DIPACSA (7 días),DIPACSA (7 días),2026-01-08,4353.0,0,4353.0,Transferencia,Adquisición de mercancias,Pagado,2026-01-13,5,Pendiente,,2026-01-08T12:00:00,,,1
HIST26_81,32928,Factura,Home Depot,Home Depot,2026-01-11,438.06,0,438.06,Tarjeta,Gastos en General,Pagado,,0,No aplíca,,2026-01-11T12:00:00,,,1
HIST26_82,,Factura,Alsuper,Alsuper,2026-01-09,1524.23,0,1524.23,Tarjeta,Adquisición de mercancias,Pagado,,0,No aplíca,,2026-01-09T12:00:00,,,1
HIST26_83,025940,Factura,INIX COMERCIAL (20 DÍAS),INIX COMERCIAL (20 DÍAS),2026-01-10,5923.83,0,5923.83,Transferencia,Gastos en General,Pagado,2026-01-30,20,Pendiente,,2026-01-10T12:00:00,,,1
HIST26_84,50416,Factura,TORREY / IRMA OLIVIA VALVERDE  FLORES,TORREY / IRMA OLIVIA VALVERDE  FLORES,2026-01-08,1000.0,0,1000.0,Tarjeta,Gastos en General,Pagado,,0,No aplíca,,2026-01-08T12:00:00,,,1
HIST26_85,141301,Factura,EMPAQUES Y ENVASES/JOSE LUIS MORALES GARCIA (7 días),EMPAQUES Y ENVASES/JOSE LUIS MORALES GARCIA (7 días),2026-01-09,114.0,0,114.0,Tarjeta,Adquisición de mercancias,Pagado,,0,No aplíca,,2026-01-09T12:00:00,,,1
HIST26_86,32297,Factura,Home Depot,Home Depot,2026-01-09,2110.92,0,2110.92,Tarjeta,Gastos en General,Pagado,,0,No aplíca,,2026-01-09T12:00:00,,,1
HIST26_87,,Remisión,DIEZ DIEZ EXPRESS,DIEZ DIEZ EXPRESS,2026-01-09,1520.0,0,1520.0,Tarjeta,Gastos en General,Pagado,,0,No aplíca,,2026-01-09T12:00:00,,,1
HIST26_88,,Factura,Sam's Club,Sam's Club,2026-01-07,577.0,0,577.0,Tarjeta,Adquisición de mercancias,Pagado,,0,No aplíca,,2026-01-07T12:00:00,,,1
HIST26_89,,Factura,Alsuper,Alsuper,2026-01-07,234.52,0,234.52,Tarjeta,Adquisición de mercancias,Pagado,,0,No aplíca,,2026-01-07T12:00:00,,,1
HIST26_90,,Factura,Alsuper,Alsuper,2026-01-06,273.44,0,273.44,Tarjeta,Adquisición de mercancias,Pagado,,0,No aplíca,,2026-01-06T12:00:00,,,1
HIST26_91,,Factura,Alsuper,Alsuper,2026-01-07,1601.67,0,1601.67,Tarjeta,Adquisición de mercancias,Pagado,,0,No aplíca,,2026-01-07T12:00:00,,,1
HIST26_92,,Factura,Alsuper,Alsuper,2026-01-09,232.22,0,232.22,Tarjeta,Adquisición de mercancias,Pagado,,0,No aplíca,,2026-01-09T12:00:00,,,1
HIST26_93,,Factura,SUKARNE,SUKARNE,2026-01-09,5279.13,0,5279.13,Tarjeta,Adquisición de mercancias,Pagado,,0,No aplíca,,2026-01-09T12:00:00,,,1
HIST26_94,,Factura,Costco,Costco,2026-01-07,3187.53,0,3187.53,Tarjeta,Adquisición de mercancias,Pagado,,0,No aplíca,,2026-01-07T12:00:00,,,1
HIST26_95,31397,Factura,SUKARNE,SUKARNE,2026-01-07,4149.65,0,4149.65,Tarjeta,Adquisición de mercancias,Pagado,,0,No aplíca,,2026-01-07T12:00:00,,,1
HIST26_96,31398,Factura,SUKARNE,SUKARNE,2026-01-07,3495.64,0,3495.64,Tarjeta,Adquisición de mercancias,Pagado,,0,No aplíca,,2026-01-07T12:00:00,,,1
HIST26_97,62624,Factura,EMPAQUES Y ENVASES/JOSE LUIS MORALES GARCIA (7 días),EMPAQUES Y ENVASES/JOSE LUIS MORALES GARCIA (7 días),2026-01-13,828.99,0,828.99,Transferencia,Gastos en General,Pagado,2026-01-18,5,Pendiente,,2026-01-13T12:00:00,,,1
HIST26_98,714704,Factura,Casa Reza (7 días),Casa Reza (7 días),2026-01-13,3880.0,0,3880.0,Transferencia,Adquisición de mercancias,Pagado,2026-01-18,5,Pendiente,,2026-01-13T12:00:00,,,1
HIST26_99,129199,Factura,Colesa (7 días),Colesa (7 días),2026-01-13,2450.0,0,2450.0,Transferencia,Adquisición de mercancias,Pagado,2026-01-18,5,Pendiente,,2026-01-13T12:00:00,,,1
HIST26_100,22119,Factura,Productos Joe / Ernesto Jacquez Ochoa (14 días),Productos Joe / Ernesto Jacquez Ochoa (14 días),2026-01-13,4980.0,0,4980.0,Transferencia,Adquisición de mercancias,Pagado,2026-01-27,14,Pendiente,,2026-01-13T12:00:00,,,1
HIST26_101,6130,Factura,PIINCA (14 DÍAS),PIINCA (14 DÍAS),2026-01-13,1247.0,0,1247.0,Transferencia,Adquisición de mercancias,Pagado,2026-01-27,14,Pendiente,,2026-01-13T12:00:00,,,1
HIST26_102,10012026,Remisión,Laura Alvidrez/ Nuez,Laura Alvidrez/ Nuez,2026-01-10,7220.0,0,7220.0,Transferencia,Adquisición de mercancias,Pagado,2026-01-15,5,Pendiente,,2026-01-10T12:00:00,,,1
HIST26_103,24687,Factura,Quesos y + Quesos / Armando Villanueva (7 días),Quesos y + Quesos / Armando Villanueva (7 días),2026-01-12,2477.75,0,2477.75,Transferencia,Adquisición de mercancias,Pagado,2026-01-17,5,Pendiente,,2026-01-12T12:00:00,,,1
HIST26_104,115154,Factura,Abarrotes Inst. (7 días),Abarrotes Inst. (7 días),2026-01-12,3013.17,0,3013.17,Transferencia,Adquisición de mercancias,Pagado,2026-01-17,5,Pendiente,,2026-01-12T12:00:00,,,1
HIST26_105,31384,Factura,Papas Santa Fe / Procepap (7 dias),Papas Santa Fe / Procepap (7 dias),2026-01-12,480.0,0,480.0,Transferencia,Adquisición de mercancias,Pagado,2026-01-17,5,Pendiente,,2026-01-12T12:00:00,,,1
HIST26_106,72692,Factura,PROMAR DEL NORTE (14 DÍAS),PROMAR DEL NORTE (14 DÍAS),2026-01-12,3739.1,0,3739.1,Transferencia,Adquisición de mercancias,Pagado,2026-01-26,14,Pendiente,,2026-01-12T12:00:00,,,1
HIST26_107,78547,Factura,DIPACSA (7 días),DIPACSA (7 días),2026-01-12,1808.0,0,1808.0,Transferencia,Adquisición de mercancias,Pagado,2026-01-17,5,Pendiente,,2026-01-12T12:00:00,,,1
HIST26_108,10020,Factura,Ferreteria Los Angeles / Regino Alberto Ramos Breach,Ferreteria Los Angeles / Regino Alberto Ramos Breach,2026-01-13,103.0,0,103.0,Tarjeta,Gastos en General,Pagado,,0,No aplíca,,2026-01-13T12:00:00,,,1
HIST26_109,6551,Factura,Que Pescados! / MAYNEZ SEGURA ALIMENTOS DEL MAR,Que Pescados! / MAYNEZ SEGURA ALIMENTOS DEL MAR,2026-01-12,1350.0,0,1350.0,Tarjeta,Adquisición de mercancias,Pagado,,0,No aplíca,,2026-01-12T12:00:00,,,1
HIST26_110,,Factura,Alsuper,Alsuper,2026-01-12,2433.76,0,2433.76,Tarjeta,Adquisición de mercancias,Pagado,,0,No aplíca,,2026-01-12T12:00:00,,,1
HIST26_111,,Factura,City Club,City Club,2026-01-10,730.0,0,730.0,Tarjeta,Adquisición de mercancias,Pagado,,0,No aplíca,,2026-01-10T12:00:00,,,1
HIST26_112,,Factura,Costco Gas,Costco Gas,2026-01-09,879.6,0,879.6,Tarjeta,Gastos en General,Pagado,,0,No aplíca,,2026-01-09T12:00:00,,,1
HIST26_113,,Factura,Costco,Costco,2026-01-09,1132.4,0,1132.4,Tarjeta,Adquisición de mercancias,Pagado,,0,No aplíca,,2026-01-09T12:00:00,,,1
HIST26_114,,Factura,Sam's Club,Sam's Club,2026-01-10,713.0,0,713.0,Tarjeta,Adquisición de mercancias,Pagado,,0,No aplíca,,2026-01-10T12:00:00,,,1
HIST26_115,,Factura,Sam's Club,Sam's Club,2026-01-10,398.0,0,398.0,Tarjeta,Gastos en General,Pagado,,0,No aplíca,,2026-01-10T12:00:00,,,1
HIST26_116,6905,Factura,SUKARNE,SUKARNE,2026-01-12,837.0,0,837.0,Tarjeta,Adquisición de mercancias,Pagado,,0,No aplíca,,2026-01-12T12:00:00,,,1
HIST26_117,31458,Factura,SUKARNE,SUKARNE,2026-01-12,5172.48,0,5172.48,Tarjeta,Adquisición de mercancias,Pagado,,0,No aplíca,,2026-01-12T12:00:00,,,1
HIST26_118,,Factura,Alsuper,Alsuper,2026-01-12,496.21,0,496.21,Tarjeta,Adquisición de mercancias,Pagado,,0,No aplíca,,2026-01-12T12:00:00,,,1
HIST26_119,31447,Factura,SUKARNE,SUKARNE,2026-01-10,3930.78,0,3930.78,Tarjeta,Adquisición de mercancias,Pagado,,0,No aplíca,,2026-01-10T12:00:00,,,1
HIST26_120,31446,Factura,SUKARNE,SUKARNE,2026-01-10,4837.3,0,4837.3,Tarjeta,Adquisición de mercancias,Pagado,,0,No aplíca,,2026-01-10T12:00:00,,,1
HIST26_121,39543845,Factura,Bachoco,Bachoco,2026-01-12,16902.78,0,16902.78,Tarjeta,Adquisición de mercancias,Pagado,,0,No aplíca,,2026-01-12T12:00:00,,,1
HIST26_122,91318194,Factura,Tiendas CUPRUM,Tiendas CUPRUM,2026-01-12,622.73,0,622.73,Tarjeta,Gastos en General,Pagado,,0,No aplíca,,2026-01-12T12:00:00,,,1
HIST26_123,129086,Factura,Colesa (7 días),Colesa (7 días),2026-01-12,1169.55,0,1169.55,Transferencia,Adquisición de mercancias,Pagado,2026-01-17,5,Pendiente,,2026-01-12T12:00:00,,,1
HIST26_124,ANTICIPO,,JAVIER ALBERTO RODRIGUEZ HERNANDEZ,JAVIER ALBERTO RODRIGUEZ HERNANDEZ,2026-01-13,11310.0,0,11310.0,Transferencia,Gastos en General,Pagado,2026-01-13,0,Pendiente,,2026-01-13T12:00:00,,,1
HIST26_125,,,IMPUESTO SOBRE NOMINA,IMPUESTO SOBRE NOMINA,2026-01-12,5469.0,0,5469.0,Transferencia,Gastos en General,Pagado,2026-01-12,0,Pendiente,,2026-01-12T12:00:00,,,1
HIST26_126,,,IMSS,IMSS,2026-01-12,63078.84,0,63078.84,Transferencia,Gastos en General,Pagado,2026-01-12,0,Pendiente,,2026-01-12T12:00:00,,,1
HIST26_127,,,IMPUESTOS FEDERALES,IMPUESTOS FEDERALES,2026-01-15,110.0,0,110.0,Transferencia,Gastos en General,Pagado,2026-01-15,0,Pendiente,,2026-01-15T12:00:00,,,1
HIST26_128,,,IMPUESTOS FEDERALES,IMPUESTOS FEDERALES,2026-01-15,24642.0,0,24642.0,Transferencia,Gastos en General,Pagado,2026-01-15,0,Pendiente,,2026-01-15T12:00:00,,,1
HIST26_129,,,TARJETA CRÉDITO LEC,TARJETA CRÉDITO LEC,2026-01-06,50979.23,0,50979.23,Transferencia,Gastos en General,Pagado,2026-01-06,0,Pendiente,,2026-01-06T12:00:00,,,1
HIST26_130,,,Nomina / Nómina,Nomina / Nómina,2026-01-01,25093.6,0,25093.6,Transferencia,Gastos en General,Pagado,2026-01-01,0,Pendiente,,2026-01-01T12:00:00,,,1
HIST26_131,,,SODEXO,SODEXO,2026-01-01,2696.78,0,2696.78,Transferencia,Gastos en General,Pagado,2026-01-01,0,Pendiente,,2026-01-01T12:00:00,,,1
HIST26_132,,,Nomina / Nómina,Nomina / Nómina,2026-01-08,26715.4,0,26715.4,Transferencia,Gastos en General,Pagado,2026-01-08,0,Pendiente,,2026-01-08T12:00:00,,,1
HIST26_133,,,SODEXO,SODEXO,2026-01-08,3187.18,0,3187.18,Transferencia,Gastos en General,Pagado,2026-01-08,0,Pendiente,,2026-01-08T12:00:00,,,1
HIST26_134,,,Nomina / Nómina,Nomina / Nómina,2026-01-15,26178.4,0,26178.4,Transferencia,Gastos en General,Pagado,2026-01-15,0,Pendiente,,2026-01-15T12:00:00,,,1
HIST26_135,,,SODEXO,SODEXO,2026-01-15,3352.75,0,3352.75,Transferencia,Gastos en General,Pagado,2026-01-15,0,Pendiente,,2026-01-15T12:00:00,,,1
HIST26_136,0498,Remisión,NARANJA Y LIMÓN / Maria Guadalupe Fierro (7 DÍAS),NARANJA Y LIMÓN / Maria Guadalupe Fierro (7 DÍAS),2026-01-14,1455.0,0,1455.0,Transferencia,Adquisición de mercancias,Pagado,2026-01-19,5,Pendiente,,2026-01-14T12:00:00,,,1
HIST26_137,7892,Remisión,La Cosecha / Guadalupe Caro S. (14 días),La Cosecha / Guadalupe Caro S. (14 días),2026-01-14,820.0,0,820.0,Transferencia,Adquisición de mercancias,Pagado,2026-01-30,16,Pendiente,,2026-01-14T12:00:00,,,1
HIST26_138,72749,Factura,PROMAR DEL NORTE (14 DÍAS),PROMAR DEL NORTE (14 DÍAS),2026-01-16,3019.1,0,3019.1,Transferencia,Adquisición de mercancias,Pagado,2026-01-30,14,Pendiente,,2026-01-16T12:00:00,,,1
HIST26_139,129359,Factura,Colesa (7 días),Colesa (7 días),2026-01-15,876.5,0,876.5,Transferencia,Adquisición de mercancias,Pagado,2026-01-20,5,Pendiente,,2026-01-15T12:00:00,,,1
HIST26_140,115193,Factura,Abarrotes Inst. (7 días),Abarrotes Inst. (7 días),2026-01-14,1598.4,0,1598.4,Transferencia,Adquisición de mercancias,Pagado,2026-01-19,5,Pendiente,,2026-01-14T12:00:00,,,1
HIST26_141,43696,Remisión,"AGYDSA ""Aceite"" (7 días)","AGYDSA ""Aceite"" (7 días)",2026-01-14,2800.0,0,2800.0,Transferencia,Adquisición de mercancias,Pagado,2026-01-19,5,Pendiente,,2026-01-14T12:00:00,,,1
HIST26_142,719,Factura,Dumbo / Diana Silva Ponce (12 días),Dumbo / Diana Silva Ponce (12 días),2026-01-13,1630.0,0,1630.0,Transferencia,Adquisición de mercancias,Pagado,2026-01-18,5,Pendiente,,2026-01-13T12:00:00,,,1
HIST26_143,24733,Factura,Quesos y + Quesos / Armando Villanueva (7 días),Quesos y + Quesos / Armando Villanueva (7 días),2026-01-15,1834.5,0,1834.5,Transferencia,Adquisición de mercancias,Pagado,2026-01-20,5,Pendiente,,2026-01-15T12:00:00,,,1
HIST26_144,661993,Factura,STEREN,STEREN,2026-01-15,57.0,0,57.0,Tarjeta,Gastos en General,Pagado,,0,No aplíca,,2026-01-15T12:00:00,,,1
HIST26_145,31497,Factura,SUKARNE,SUKARNE,2026-01-15,3658.84,0,3658.84,Tarjeta,Adquisición de mercancias,Pagado,,0,No aplíca,,2026-01-15T12:00:00,,,1
HIST26_146,34143,Factura,Home Depot,Home Depot,2026-01-15,69.58,0,69.58,Tarjeta,Gastos en General,Pagado,,0,No aplíca,,2026-01-15T12:00:00,,,1
HIST26_147,,Factura,Alsuper,Alsuper,2026-01-15,199.0,0,199.0,Tarjeta,Adquisición de mercancias,Pagado,,0,No aplíca,,2026-01-15T12:00:00,,,1
HIST26_148,,,Nomina / Nómina,Nomina / Nómina,2026-01-23,6365.5,0,6365.5,Cheque,Gastos en General,Pagado,,0,No aplíca,,2026-01-23T12:00:00,,,1
HIST26_149,,Factura,CopyMartz,CopyMartz,2026-01-14,708.25,0,708.25,Tarjeta,Adquisición de mercancias,Pagado,,0,No aplíca,,2026-01-14T12:00:00,,,1
HIST26_150,,Factura,City Club,City Club,2026-01-13,270.8,0,270.8,Tarjeta,Gastos en General,Pagado,,0,No aplíca,,2026-01-13T12:00:00,,,1
HIST26_151,29837,Factura,ADOSA,ADOSA,2026-01-14,214.0,0,214.0,Tarjeta,Gastos en General,Pagado,,0,No aplíca,,2026-01-14T12:00:00,,,1
HIST26_152,,Factura,City Club,City Club,2026-01-13,1227.0,0,1227.0,Tarjeta,Adquisición de mercancias,Pagado,,0,No aplíca,,2026-01-13T12:00:00,,,1
HIST26_153,31468,Factura,SUKARNE,SUKARNE,2026-01-13,4151.7,0,4151.7,Tarjeta,Adquisición de mercancias,Pagado,,0,No aplíca,,2026-01-13T12:00:00,,,1
HIST26_154,31467,Factura,SUKARNE,SUKARNE,2026-01-13,4075.52,0,4075.52,Tarjeta,Adquisición de mercancias,Pagado,,0,No aplíca,,2026-01-13T12:00:00,,,1
HIST26_155,,Factura,Alsuper,Alsuper,2026-01-15,160.69,0,160.69,Tarjeta,Adquisición de mercancias,Pagado,,0,No aplíca,,2026-01-15T12:00:00,,,1
HIST26_156,6912,Factura,SUKARNE,SUKARNE,2026-01-14,4676.48,0,4676.48,Tarjeta,Adquisición de mercancias,Pagado,,0,No aplíca,,2026-01-14T12:00:00,,,1
HIST26_157,31481,Factura,SUKARNE,SUKARNE,2026-01-14,4536.11,0,4536.11,Tarjeta,Adquisición de mercancias,Pagado,,0,No aplíca,,2026-01-14T12:00:00,,,1
HIST26_158,50474,Factura,TORREY / IRMA OLIVIA VALVERDE  FLORES,TORREY / IRMA OLIVIA VALVERDE  FLORES,2026-01-14,550.0,0,550.0,Tarjeta,Gastos en General,Pagado,,0,No aplíca,,2026-01-14T12:00:00,,,1
HIST26_159,2985,Factura,CRIOTEC / FELIPE MORENO / EQUIPAMIENTO INDUSTRIAL,CRIOTEC / FELIPE MORENO / EQUIPAMIENTO INDUSTRIAL,2026-01-14,390.0,0,390.0,Tarjeta,Gastos en General,Pagado,,0,No aplíca,,2026-01-14T12:00:00,,,1
HIST26_160,2984,Factura,CRIOTEC / FELIPE MORENO / EQUIPAMIENTO INDUSTRIAL,CRIOTEC / FELIPE MORENO / EQUIPAMIENTO INDUSTRIAL,2026-01-14,260.0,0,260.0,Tarjeta,Gastos en General,Pagado,,0,No aplíca,,2026-01-14T12:00:00,,,1
HIST26_161,39563687,Factura,Bachoco,Bachoco,2026-01-14,14434.67,0,14434.67,Tarjeta,Adquisición de mercancias,Pagado,,0,No aplíca,,2026-01-14T12:00:00,,,1
HIST26_162,51563,Factura,Bodega Eléctrica,Bodega Eléctrica,2026-01-15,638.0,0,638.0,Tarjeta,Gastos en General,Pagado,,0,No aplíca,,2026-01-15T12:00:00,,,1
HIST26_163,4074,Factura,Paser / Araceli V. Padilla (14 dias),Paser / Araceli V. Padilla (14 dias),2026-01-13,1750.0,0,1750.0,Transferencia,Adquisición de mercancias,Pagado,2026-01-27,14,Pendiente,,2026-01-13T12:00:00,,,1
HIST26_164,16589,Factura,AB Pollo,AB Pollo,2026-01-14,1162.8,0,1162.8,Tarjeta,Adquisición de mercancias,Pagado,,0,No aplíca,,2026-01-14T12:00:00,,,1
HIST26_165,,Recibo,CFE,CFE,2026-01-16,13267.0,0,13267.0,Tarjeta,Gastos en General,Pagado,,0,No aplíca,,2026-01-16T12:00:00,,,1
HIST26_166,Predial,Recibo,Gobierno municipal,Gobierno municipal,2026-01-19,8535.0,0,8535.0,Transferencia,Gastos en General,Pagado,2026-01-31,12,Pendiente,,2026-01-19T12:00:00,,,1
HIST26_167,78701,Factura,DIPACSA (7 días),DIPACSA (7 días),2026-01-16,862.0,0,862.0,Transferencia,Adquisición de mercancias,Pagado,2026-01-21,5,Pendiente,,2026-01-16T12:00:00,,,1
HIST26_168,78697,Factura,DIPACSA (7 días),DIPACSA (7 días),2026-01-16,2578.0,0,2578.0,Transferencia,Adquisición de mercancias,Pagado,2026-01-21,5,Pendiente,,2026-01-16T12:00:00,,,1
HIST26_169,115261,Factura,Abarrotes Inst. (7 días),Abarrotes Inst. (7 días),2026-01-17,1871.13,0,1871.13,Transferencia,Adquisición de mercancias,Pagado,2026-01-22,5,Pendiente,,2026-01-17T12:00:00,,,1
HIST26_170,62742,Factura,EMPAQUES Y ENVASES/JOSE LUIS MORALES GARCIA (7 días),EMPAQUES Y ENVASES/JOSE LUIS MORALES GARCIA (7 días),2026-01-17,3080.99,0,3080.99,Transferencia,Gastos en General,Pagado,2026-01-22,5,Pendiente,,2026-01-17T12:00:00,,,1
HIST26_171,97,Factura,Salsa La Moncha / Janeth Gonzalez (14 días),Salsa La Moncha / Janeth Gonzalez (14 días),2026-01-16,905.0,0,905.0,Transferencia,Adquisición de mercancias,Pagado,2026-01-21,5,Pendiente,,2026-01-16T12:00:00,,,1
HIST26_172,140125,Factura,La Espiga Dorada / JUAN MANUEL CASTRO BOTELLO,La Espiga Dorada / JUAN MANUEL CASTRO BOTELLO,2026-01-14,1200.0,0,1200.0,Transferencia,Adquisición de mercancias,Pagado,2026-01-20,6,Pendiente,,2026-01-14T12:00:00,,,1
HIST26_173,22142,Factura,Productos Joe / Ernesto Jacquez Ochoa (14 días),Productos Joe / Ernesto Jacquez Ochoa (14 días),2026-01-16,6240.0,0,6240.0,Transferencia,Adquisición de mercancias,Pagado,2026-01-30,14,Pendiente,,2026-01-16T12:00:00,,,1
HIST26_174,4084,Factura,Paser / Araceli V. Padilla (14 dias),Paser / Araceli V. Padilla (14 dias),2026-01-16,1750.0,0,1750.0,Transferencia,Adquisición de mercancias,Pagado,2026-01-30,14,Pendiente,,2026-01-16T12:00:00,,,1
HIST26_175,129420,Factura,Colesa (7 días),Colesa (7 días),2026-01-16,1137.05,0,1137.05,Transferencia,Adquisición de mercancias,Pagado,2026-01-21,5,Pendiente,,2026-01-16T12:00:00,,,1
HIST26_176,,Factura,Nomina / Nómina,Nomina / Nómina,2026-01-16,2083.0,0,2083.0,Cheque,Gastos en General,Pagado,,0,No aplíca,,2026-01-16T12:00:00,,,1
HIST26_177,51006,Factura,Papas Santa Fe / Procepap (7 dias),Papas Santa Fe / Procepap (7 dias),2026-01-19,1011.6,0,1011.6,Transferencia,Adquisición de mercancias,Pagado,2026-01-24,5,Pendiente,,2026-01-19T12:00:00,,,1
HIST26_178,19012026,Factura,Tartaras - Luz Alicia Rodríguez Ponce,Tartaras - Luz Alicia Rodríguez Ponce,2026-01-19,787.5,0,787.5,Transferencia,Adquisición de mercancias,Pagado,2026-01-24,5,Pendiente,,2026-01-19T12:00:00,,,1
HIST26_179,,,HIPOTECA ADELA ALVIDREZ BARRON,HIPOTECA ADELA ALVIDREZ BARRON,2026-01-20,28252.84,0,28252.84,Transferencia,Gastos en General,Pagado,2026-01-20,0,Pendiente,,2026-01-20T12:00:00,,,1
HIST26_180,,,HIPOTECA LUIS ELIZONDO,HIPOTECA LUIS ELIZONDO,2026-01-20,20235.0,0,20235.0,Transferencia,Gastos en General,Pagado,2026-01-20,0,Pendiente,,2026-01-20T12:00:00,,,1
HIST26_181,4244,Factura,Ma Eugenia Payan / Tortillas (14 días),Ma Eugenia Payan / Tortillas (14 días),2026-01-20,5731.0,0,5731.0,Transferencia,Adquisición de mercancias,Pagado,2026-02-03,14,Pendiente,,2026-01-20T12:00:00,,,1
HIST26_182,43739,Remisión,"AGYDSA ""Aceite"" (7 días)","AGYDSA ""Aceite"" (7 días)",2026-01-20,2880.0,0,2880.0,Transferencia,Adquisición de mercancias,Pagado,2026-01-25,5,Pendiente,,2026-01-20T12:00:00,,,1
HIST26_183,129680,Factura,Colesa (7 días),Colesa (7 días),2026-01-20,1101.48,0,1101.48,Transferencia,Adquisición de mercancias,Pagado,2026-01-25,5,Pendiente,,2026-01-20T12:00:00,,,1
HIST26_184,72808,Factura,PROMAR DEL NORTE (14 DÍAS),PROMAR DEL NORTE (14 DÍAS),2026-01-20,3019.1,0,3019.1,Transferencia,Adquisición de mercancias,Pagado,2026-02-03,14,Pendiente,,2026-01-20T12:00:00,,,1
HIST26_185,,Factura,Alsuper,Alsuper,2026-01-20,255.81,0,255.81,Tarjeta,Adquisición de mercancias,Pagado,,0,No aplíca,,2026-01-20T12:00:00,,,1
HIST26_186,,Factura,Alsuper,Alsuper,2026-01-20,100.45,0,100.45,Tarjeta,Adquisición de mercancias,Pagado,,0,No aplíca,,2026-01-20T12:00:00,,,1
HIST26_187,,Factura,SUKARNE,SUKARNE,2026-01-20,8394.81,0,8394.81,Tarjeta,Adquisición de mercancias,Pagado,,0,No aplíca,,2026-01-20T12:00:00,,,1
HIST26_188,,Factura,SUKARNE,SUKARNE,2026-01-17,4233.69,0,4233.69,Tarjeta,Adquisición de mercancias,Pagado,,0,No aplíca,,2026-01-17T12:00:00,,,1
HIST26_189,,Factura,SUKARNE,SUKARNE,2026-01-15,4365.75,0,4365.75,Tarjeta,Adquisición de mercancias,Pagado,,0,No aplíca,,2026-01-15T12:00:00,,,1
HIST26_190,,Factura,Alsuper,Alsuper,2026-01-16,2037.13,0,2037.13,Tarjeta,Adquisición de mercancias,Pagado,,0,No aplíca,,2026-01-16T12:00:00,,,1
HIST26_191,31516,Factura,SUKARNE,SUKARNE,2026-01-16,4660.94,0,4660.94,Tarjeta,Adquisición de mercancias,Pagado,,0,No aplíca,,2026-01-16T12:00:00,,,1
HIST26_192,31517,Factura,SUKARNE,SUKARNE,2026-01-16,3814.21,0,3814.21,Tarjeta,Adquisición de mercancias,Pagado,,0,No aplíca,,2026-01-16T12:00:00,,,1
HIST26_193,6911,Factura,SUKARNE,SUKARNE,2026-01-14,3891.89,0,3891.89,Tarjeta,Adquisición de mercancias,Pagado,,0,No aplíca,,2026-01-14T12:00:00,,,1
HIST26_194,39578548,Factura,Bachoco,Bachoco,2026-01-16,16375.27,0,16375.27,Tarjeta,Adquisición de mercancias,Pagado,,0,No aplíca,,2026-01-16T12:00:00,,,1
HIST26_195,30503,Factura,ADOSA,ADOSA,2026-01-16,67.5,0,67.5,Tarjeta,Gastos en General,Pagado,,0,No aplíca,,2026-01-16T12:00:00,,,1
HIST26_196,,Factura,Renault (Insignia motores SA de cv),Renault (Insignia motores SA de cv),2026-01-16,7907.0,0,7907.0,Tarjeta,Gastos en General,Pagado,,0,No aplíca,,2026-01-16T12:00:00,,,1
HIST26_197,39598431,Factura,Bachoco,Bachoco,2026-01-19,17948.08,0,17948.08,Tarjeta,Adquisición de mercancias,Pagado,,0,No aplíca,,2026-01-19T12:00:00,,,1
HIST26_198,129586,Factura,Colesa (7 días),Colesa (7 días),2026-01-19,1643.95,0,1643.95,Transferencia,Adquisición de mercancias,Pagado,2026-01-24,5,Pendiente,,2026-01-19T12:00:00,,,1
HIST26_199,141747,Factura,EMPAQUES Y ENVASES/JOSE LUIS MORALES GARCIA (7 días),EMPAQUES Y ENVASES/JOSE LUIS MORALES GARCIA (7 días),2026-01-19,307.5,0,307.5,Tarjeta,Gastos en General,Pagado,,0,No aplíca,,2026-01-19T12:00:00,,,1
HIST26_200,REMISION,Remisión,NANCY J MATA ARMENDARIZ,NANCY J MATA ARMENDARIZ,2026-01-21,5655.0,0,5655.0,Transferencia,Adquisición de mercancias,Pagado,2026-01-23,2,Pendiente,,2026-01-21T12:00:00,,,1
HIST26_201,72333,Factura,PROMAR DEL NORTE (14 DÍAS),PROMAR DEL NORTE (14 DÍAS),2026-01-16,3019.1,0,3019.1,Transferencia,Adquisición de mercancias,Pagado,2026-01-21,5,Pendiente,,2026-01-16T12:00:00,,,1
HIST26_202,21299,Factura,Aseo y Recolección Estrada (14 días),Aseo y Recolección Estrada (14 días),2026-01-02,2156.82,0,2156.82,Transferencia,Gastos en General,Pagado,2026-01-22,20,Pendiente,,2026-01-02T12:00:00,,,1
HIST26_203,,,Nomina / Nómina,Nomina / Nómina,2026-01-22,29144.6,0,29144.6,Transferencia,Gastos en General,Pagado,2026-01-22,0,Pendiente,,2026-01-22T12:00:00,,,1
HIST26_204,,,SODEXO,SODEXO,2026-01-22,3080.6,0,3080.6,Transferencia,Gastos en General,Pagado,2026-01-22,0,,,2026-01-22T12:00:00,,,1
HIST26_205,21012026,Remisión,MA GUADALUPE FIERRO ANCHONDO,MA GUADALUPE FIERRO ANCHONDO,2026-01-21,1095.0,0,1095.0,Transferencia,Adquisición de mercancias,Pagado,2026-01-26,5,Pendiente,,2026-01-21T12:00:00,,,1
HIST26_206,0499,Remisión,NARANJA Y LIMÓN / Maria Guadalupe Fierro (7 DÍAS),NARANJA Y LIMÓN / Maria Guadalupe Fierro (7 DÍAS),2026-01-17,1455.0,0,1455.0,Transferencia,Adquisición de mercancias,Pagado,2026-01-26,9,Pendiente,,2026-01-17T12:00:00,,,1
HIST26_207,623917,Remisión,Productos lácteos Los Pinos (7 DÍAS),Productos lácteos Los Pinos (7 DÍAS),2026-01-22,880.0,0,880.0,Transferencia,Adquisición de mercancias,Pagado,2026-01-27,5,Pendiente,,2026-01-22T12:00:00,,,1
HIST26_208,2639,Factura,SURTIDORA BOTANAS (7 DÍAS),SURTIDORA BOTANAS (7 DÍAS),2026-01-21,1009.4,0,1009.4,Transferencia,Adquisición de mercancias,Pagado,2026-01-26,5,Pendiente,,2026-01-21T12:00:00,,,1
HIST26_209,22179,Factura,Productos Joe / Ernesto Jacquez Ochoa (14 días),Productos Joe / Ernesto Jacquez Ochoa (14 días),2026-01-20,2210.0,0,2210.0,Transferencia,Adquisición de mercancias,Pagado,2026-02-03,14,Pendiente,,2026-01-20T12:00:00,,,1
HIST26_210,62835,Factura,EMPAQUES Y ENVASES/JOSE LUIS MORALES GARCIA (7 días),EMPAQUES Y ENVASES/JOSE LUIS MORALES GARCIA (7 días),2026-01-21,1168.2,0,1168.2,Transferencia,Gastos en General,Pagado,2026-01-26,5,Pendiente,,2026-01-21T12:00:00,,,1
HIST26_211,145967,Factura,Abarrotes Inst. (7 días),Abarrotes Inst. (7 días),2026-01-19,1919.33,0,1919.33,Transferencia,Adquisición de mercancias,Pagado,2026-01-26,7,Pendiente,,2026-01-19T12:00:00,,,1
HIST26_212,129716,Factura,Colesa (7 días),Colesa (7 días),2026-01-21,1911.0,0,1911.0,Transferencia,Adquisición de mercancias,Pagado,2026-01-26,5,Pendiente,,2026-01-21T12:00:00,,,1
HIST26_213,026041,Factura,INIX COMERCIAL (20 DÍAS),INIX COMERCIAL (20 DÍAS),2026-01-19,5259.97,0,5259.97,Transferencia,Gastos en General,Pagado,2026-02-08,20,Pendiente,,2026-01-19T12:00:00,,,1
HIST26_214,24834,Factura,Quesos y + Quesos / Armando Villanueva (7 días),Quesos y + Quesos / Armando Villanueva (7 días),2026-01-22,2451.25,0,2451.25,Transferencia,Adquisición de mercancias,Pagado,2026-01-27,5,Pendiente,,2026-01-22T12:00:00,,,1
HIST26_215,31553,Factura,Colesa (7 días),Colesa (7 días),2026-01-22,1032.55,0,1032.55,Transferencia,Adquisición de mercancias,Pagado,2026-01-27,5,Pendiente,,2026-01-22T12:00:00,,,1
HIST26_216,78835,Factura,DIPACSA (7 días),DIPACSA (7 días),2026-01-22,4451.0,0,4451.0,Transferencia,Adquisición de mercancias,Pagado,2026-01-27,5,Pendiente,,2026-01-22T12:00:00,,,1
HIST26_217,146008,Factura,Abarrotes Inst. (7 días),Abarrotes Inst. (7 días),2026-01-22,1805.77,0,1805.77,Transferencia,Adquisición de mercancias,Pagado,2026-01-27,5,Pendiente,,2026-01-22T12:00:00,,,1
HIST26_218,4115,Factura,Paser / Araceli V. Padilla (14 dias),Paser / Araceli V. Padilla (14 dias),2026-01-22,1750.0,0,1750.0,Transferencia,Adquisición de mercancias,Pagado,2026-02-06,15,Pendiente,,2026-01-22T12:00:00,,,1
HIST26_219,715160,Factura,Casa Reza (7 días),Casa Reza (7 días),2026-01-23,3880.0,0,3880.0,Transferencia,Adquisición de mercancias,Pagado,2026-01-28,5,Pendiente,,2026-01-23T12:00:00,,,1
HIST26_220,100,Factura,Salsa La Moncha / Janeth Gonzalez (14 días),Salsa La Moncha / Janeth Gonzalez (14 días),2026-01-23,865.0,0,865.0,Transferencia,Adquisición de mercancias,Pagado,2026-01-28,5,Pendiente,,2026-01-23T12:00:00,,,1
HIST26_221,72859,Factura,PROMAR DEL NORTE (14 DÍAS),PROMAR DEL NORTE (14 DÍAS),2026-01-23,3019.1,0,3019.1,Transferencia,Adquisición de mercancias,Pagado,2026-02-06,14,Pendiente,,2026-01-23T12:00:00,,,1
HIST26_222,725,Factura,Dumbo / Diana Silva Ponce (12 días),Dumbo / Diana Silva Ponce (12 días),2026-01-21,1280.0,0,1280.0,Transferencia,Adquisición de mercancias,Pagado,2026-01-26,5,Pendiente,,2026-01-21T12:00:00,,,1
HIST26_223,21012026,Factura,Carmen Ortega P. / Salsa Macha (14 días),Carmen Ortega P. / Salsa Macha (14 días),2026-01-21,1440.0,0,1440.0,Transferencia,Adquisición de mercancias,Pagado,2026-02-04,14,Pendiente,,2026-01-21T12:00:00,,,1
HIST26_224,31619,Factura,SUKARNE,SUKARNE,2026-01-23,4041.57,0,4041.57,Tarjeta,Adquisición de mercancias,Pagado,,0,No aplíca,,2026-01-23T12:00:00,,,1
HIST26_225,31620,Factura,SUKARNE,SUKARNE,2026-01-23,4428.08,0,4428.08,Tarjeta,Adquisición de mercancias,Pagado,,0,No aplíca,,2026-01-23T12:00:00,,,1
HIST26_226,6614,Factura,Que Pescados! / MAYNEZ SEGURA ALIMENTOS DEL MAR,Que Pescados! / MAYNEZ SEGURA ALIMENTOS DEL MAR,2026-01-23,1350.0,0,1350.0,Tarjeta,Adquisición de mercancias,Pagado,,0,No aplíca,,2026-01-23T12:00:00,,,1
HIST26_227,,Factura,Alsuper,Alsuper,2026-01-19,199.8,0,199.8,Tarjeta,Adquisición de mercancias,Pagado,,0,No aplíca,,2026-01-19T12:00:00,,,1
HIST26_228,,Factura,Sam's Club,Sam's Club,2026-01-14,164.64,0,164.64,Tarjeta,Adquisición de mercancias,Pagado,,0,No aplíca,,2026-01-14T12:00:00,,,1
HIST26_229,,Factura,Costco Gas,Costco Gas,2026-01-13,1149.01,0,1149.01,Tarjeta,Gastos en General,Pagado,,0,No aplíca,,2026-01-13T12:00:00,,,1
HIST26_230,,Factura,Sam's Club,Sam's Club,2026-01-14,1130.94,0,1130.94,Tarjeta,Adquisición de mercancias,Pagado,,0,No aplíca,,2026-01-14T12:00:00,,,1
HIST26_231,31569,Factura,SUKARNE,SUKARNE,2026-01-21,5373.62,0,5373.62,Tarjeta,Adquisición de mercancias,Pagado,,0,No aplíca,,2026-01-21T12:00:00,,,1
HIST26_232,,Factura,Costco,Costco,2026-01-14,477.0,0,477.0,Tarjeta,Adquisición de mercancias,Pagado,,0,No aplíca,,2026-01-14T12:00:00,,,1
HIST26_233,,Factura,Alsuper,Alsuper,2026-01-21,701.43,0,701.43,Tarjeta,Adquisición de mercancias,Pagado,,0,No aplíca,,2026-01-21T12:00:00,,,1
HIST26_234,31568,Factura,SUKARNE,SUKARNE,2026-01-21,4561.16,0,4561.16,Tarjeta,Adquisición de mercancias,Pagado,,0,No aplíca,,2026-01-21T12:00:00,,,1
HIST26_235,,Factura,GELOS MARKET,GELOS MARKET,2026-01-20,57.2,0,57.2,Tarjeta,Adquisición de mercancias,Pagado,,0,No aplíca,,2026-01-20T12:00:00,,,1
HIST26_236,,Factura,SUKARNE,SUKARNE,2026-01-19,4389.06,0,4389.06,Tarjeta,Adquisición de mercancias,Pagado,,0,No aplíca,,2026-01-19T12:00:00,,,1
HIST26_237,,Factura,Home Depot,Home Depot,2026-01-07,289.39,0,289.39,Tarjeta,Gastos en General,Pagado,,0,No aplíca,,2026-01-07T12:00:00,,,1
HIST26_238,,Factura,Alsuper,Alsuper,2026-01-19,2287.21,0,2287.21,Tarjeta,Adquisición de mercancias,Pagado,,0,No aplíca,,2026-01-19T12:00:00,,,1
HIST26_239,31594,Factura,SUKARNE,SUKARNE,2026-01-22,959.97,0,959.97,Tarjeta,Adquisición de mercancias,Pagado,,0,No aplíca,,2026-01-22T12:00:00,,,1
HIST26_240,31593,Factura,SUKARNE,SUKARNE,2026-01-22,4282.14,0,4282.14,Tarjeta,Adquisición de mercancias,Pagado,,0,No aplíca,,2026-01-22T12:00:00,,,1
HIST26_241,31592,Factura,SUKARNE,SUKARNE,2026-01-22,3873.17,0,3873.17,Tarjeta,Adquisición de mercancias,Pagado,,0,No aplíca,,2026-01-22T12:00:00,,,1
HIST26_242,"4901,76",Factura,SUKARNE,SUKARNE,2026-01-17,4901.76,0,4901.76,Tarjeta,Adquisición de mercancias,Pagado,,0,No aplíca,,2026-01-17T12:00:00,,,1
HIST26_243,,Factura,Office Depot,Office Depot,2026-01-22,79.0,0,79.0,Tarjeta,Adquisición de mercancias,Pagado,,0,No aplíca,,2026-01-22T12:00:00,,,1
HIST26_244,,Factura,City Club,City Club,2026-01-19,1063.0,0,1063.0,Tarjeta,Adquisición de mercancias,Pagado,,0,No aplíca,,2026-01-19T12:00:00,,,1
HIST26_245,,Factura,Alsuper,Alsuper,2026-01-22,1559.8,0,1559.8,Tarjeta,Adquisición de mercancias,Pagado,,0,No aplíca,,2026-01-22T12:00:00,,,1
HIST26_246,,Factura,Sam's Club,Sam's Club,2026-01-21,2430.0,0,2430.0,Tarjeta,Adquisición de mercancias,Pagado,,0,No aplíca,,2026-01-21T12:00:00,,,1
HIST26_247,,Factura,Alsuper,Alsuper,2026-01-21,119.7,0,119.7,Tarjeta,Adquisición de mercancias,Pagado,,0,No aplíca,,2026-01-21T12:00:00,,,1
HIST26_248,39616351,Factura,Bachoco,Bachoco,2026-01-21,16255.68,0,16255.68,Tarjeta,Adquisición de mercancias,Pagado,,0,No aplíca,,2026-01-21T12:00:00,,,1
HIST26_249,56398,Factura,Centro Tablaroquero,Centro Tablaroquero,2026-01-21,840.0,0,840.0,Tarjeta,Gastos en General,Pagado,,0,No aplíca,,2026-01-21T12:00:00,,,1
HIST26_250,39634349,Factura,Bachoco,Bachoco,2026-01-23,16327.93,0,16327.93,Tarjeta,Adquisición de mercancias,Pagado,,0,No aplíca,,2026-01-23T12:00:00,,,1
HIST26_251,141917,Factura,EMPAQUES Y ENVASES/JOSE LUIS MORALES GARCIA (7 días),EMPAQUES Y ENVASES/JOSE LUIS MORALES GARCIA (7 días),2026-01-22,336.0,0,336.0,Tarjeta,Gastos en General,Pagado,,0,No aplíca,,2026-01-22T12:00:00,,,1
HIST26_252,EFBCH-13692191,Factura,ECOGAS,ECOGAS,2026-01-15,6586.0,0,6586.0,Transferencia,Gastos en General,Pagado,2026-01-26,11,Pendiente,,2026-01-15T12:00:00,,,1
HIST26_253,,,TARJETA CRÉDITO LEA,TARJETA CRÉDITO LEA,2026-01-27,27985.44,0,27985.44,Transferencia,Gastos en General,Pagado,2026-01-27,0,Pendiente,,2026-01-27T12:00:00,,,1
HIST26_254,,,SGMM,SGMM,2026-01-27,5903.7,0,5903.7,Transferencia,Gastos en General,Pagado,2026-01-27,0,Pendiente,,2026-01-27T12:00:00,,,1
HIST26_255,8122,Remisión,La Cosecha / Guadalupe Caro S. (14 días),La Cosecha / Guadalupe Caro S. (14 días),2026-01-24,1365.0,0,1365.0,Transferencia,Adquisición de mercancias,Pagado,2026-02-08,15,Pendiente,,2026-01-24T12:00:00,,,1
HIST26_256,31602,Factura,Colesa (7 días),Colesa (7 días),2026-01-24,1138.05,0,1138.05,Transferencia,Adquisición de mercancias,Pagado,2026-01-29,5,Pendiente,,2026-01-24T12:00:00,,,1
HIST26_257,62926,Factura,EMPAQUES Y ENVASES/JOSE LUIS MORALES GARCIA (7 días),EMPAQUES Y ENVASES/JOSE LUIS MORALES GARCIA (7 días),2026-01-24,1335.19,0,1335.19,Transferencia,Gastos en General,Pagado,2026-01-29,5,Pendiente,,2026-01-24T12:00:00,,,1
HIST26_258,129937,Factura,Colesa (7 días),Colesa (7 días),2026-01-26,1411.6,0,1411.6,Transferencia,Adquisición de mercancias,Pagado,2026-01-31,5,Pendiente,,2026-01-26T12:00:00,,,1
HIST26_259,26012026,Factura,CHILTEPIN / JORGE CRUZ RAMOS JUAREZ,CHILTEPIN / JORGE CRUZ RAMOS JUAREZ,2026-01-26,459.0,0,459.0,Transferencia,Adquisición de mercancias,Pagado,2026-01-31,5,Pendiente,,2026-01-26T12:00:00,,,1
HIST26_260,114036,Factura,Diplas / Hector A Portillo (20 días),Diplas / Hector A Portillo (20 días),2026-01-26,2748.65,0,2748.65,Transferencia,Gastos en General,Pagado,2026-02-09,14,Pendiente,,2026-01-26T12:00:00,,,1
HIST26_261,130012,Factura,Colesa (7 días),Colesa (7 días),2026-01-27,1747.4,0,1747.4,Transferencia,Adquisición de mercancias,Pagado,2026-02-01,5,Pendiente,,2026-01-27T12:00:00,,,1
HIST26_262,43793,Factura,"AGYDSA ""Aceite"" (7 días)","AGYDSA ""Aceite"" (7 días)",2026-01-27,1440.0,0,1440.0,Transferencia,Adquisición de mercancias,Pagado,2026-02-01,5,Pendiente,,2026-01-27T12:00:00,,,1
HIST26_263,026115,Factura,INIX COMERCIAL (20 DÍAS),INIX COMERCIAL (20 DÍAS),2026-01-26,9195.5,0,9195.5,Transferencia,Gastos en General,Pagado,2026-02-15,20,Pendiente,,2026-01-26T12:00:00,,,1
HIST26_264,24887,Factura,Quesos y + Quesos / Armando Villanueva (7 días),Quesos y + Quesos / Armando Villanueva (7 días),2026-01-26,2464.5,0,2464.5,Transferencia,Adquisición de mercancias,Pagado,2026-01-31,5,Pendiente,,2026-01-26T12:00:00,,,1
HIST26_265,107064,Factura,EYSH - Equipos y Sistemas Hidraulicos,EYSH - Equipos y Sistemas Hidraulicos,2026-01-26,4091.84,0,4091.84,Tarjeta,Gastos en General,Pagado,,0,No aplíca,,2026-01-26T12:00:00,,,1
HIST26_266,39653342,Factura,Bachoco,Bachoco,2026-01-26,14764.42,0,14764.42,Tarjeta,Adquisición de mercancias,Pagado,,0,No aplíca,,2026-01-26T12:00:00,,,1
HIST26_267,17366,Factura,AB Pollo,AB Pollo,2026-01-26,1162.8,0,1162.8,Tarjeta,Adquisición de mercancias,Pagado,,0,No aplíca,,2026-01-26T12:00:00,,,1
HIST26_268,51689,Factura,Bodega Eléctrica,Bodega Eléctrica,2026-01-21,178.41,0,178.41,Tarjeta,Gastos en General,Pagado,,0,No aplíca,,2026-01-21T12:00:00,,,1
HIST26_269,5007,Factura,Resistencias y Controles (CALOR ELECTRICO DE CHIH),Resistencias y Controles (CALOR ELECTRICO DE CHIH),2026-01-27,131.31,0,131.31,Tarjeta,Gastos en General,Pagado,,0,No aplíca,,2026-01-27T12:00:00,,,1
HIST26_270,5367,Factura,Comercializadora K28 (Especias MOY),Comercializadora K28 (Especias MOY),2026-01-27,30.0,0,30.0,Tarjeta,Adquisición de mercancias,Pagado,,0,No aplíca,,2026-01-27T12:00:00,,,1
HIST26_271,37388,Factura,Home Depot,Home Depot,2026-01-25,884.0,0,884.0,Tarjeta,Gastos en General,Pagado,,0,No aplíca,,2026-01-25T12:00:00,,,1
HIST26_272,,Factura,Sam's Club,Sam's Club,2026-01-26,1227.0,0,1227.0,Tarjeta,Adquisición de mercancias,Pagado,,0,No aplíca,,2026-01-26T12:00:00,,,1
HIST26_273,,Factura,Sam's Club,Sam's Club,2026-01-26,654.73,0,654.73,Tarjeta,Adquisición de mercancias,Pagado,,0,No aplíca,,2026-01-26T12:00:00,,,1
HIST26_274,,Factura,Alsuper,Alsuper,2026-01-26,125.35,0,125.35,Tarjeta,Adquisición de mercancias,Pagado,,0,No aplíca,,2026-01-26T12:00:00,,,1
HIST26_275,,Factura,Alsuper,Alsuper,2026-01-24,433.02,0,433.02,Tarjeta,Adquisición de mercancias,Pagado,,0,No aplíca,,2026-01-24T12:00:00,,,1
HIST26_276,,Factura,Costco,Costco,2026-01-26,2014.43,0,2014.43,Tarjeta,Adquisición de mercancias,Pagado,,0,No aplíca,,2026-01-26T12:00:00,,,1
HIST26_277,31625,Factura,SUKARNE,SUKARNE,2026-01-24,4386.39,0,4386.39,Tarjeta,Adquisición de mercancias,Pagado,,0,No aplíca,,2026-01-24T12:00:00,,,1
HIST26_278,31626,Factura,SUKARNE,SUKARNE,2026-01-24,3985.44,0,3985.44,Tarjeta,Adquisición de mercancias,Pagado,,0,No aplíca,,2026-01-24T12:00:00,,,1
HIST26_279,,Factura,Alsuper,Alsuper,2026-01-22,808.0,0,808.0,Tarjeta,Adquisición de mercancias,Pagado,,0,No aplíca,,2026-01-22T12:00:00,,,1
HIST26_280,,Factura,Alsuper,Alsuper,2026-01-19,96.7,0,96.7,Tarjeta,Adquisición de mercancias,Pagado,,0,No aplíca,,2026-01-19T12:00:00,,,1
HIST26_281,,Factura,Alsuper,Alsuper,2026-01-23,3293.78,0,3293.78,Tarjeta,Adquisición de mercancias,Pagado,,0,No aplíca,,2026-01-23T12:00:00,,,1
HIST26_282,,Factura,Costco,Costco,2026-01-21,1602.9,0,1602.9,Tarjeta,Adquisición de mercancias,Pagado,,0,No aplíca,,2026-01-21T12:00:00,,,1
HIST26_283,480763,Factura,Casa Myers,Casa Myers,2026-01-21,1015.36,0,1015.36,Tarjeta,Gastos en General,Pagado,,0,No aplíca,,2026-01-21T12:00:00,,,1
HIST26_284,,Recibo,Sazonico / Aromata,Sazonico / Aromata,2026-01-24,890.0,0,890.0,Tarjeta,Adquisición de mercancias,Pagado,,0,No aplíca,,2026-01-24T12:00:00,,,1
HIST26_285,33969,Factura,ADOSA,ADOSA,2026-01-27,160.5,0,160.5,Tarjeta,Gastos en General,Pagado,,0,No aplíca,,2026-01-27T12:00:00,,,1
HIST26_286,,Factura,Alsuper,Alsuper,2026-01-27,228.0,0,228.0,Tarjeta,Adquisición de mercancias,Pagado,,0,No aplíca,,2026-01-27T12:00:00,,,1
HIST26_287,31654,Factura,SUKARNE,SUKARNE,2026-01-27,3855.53,0,3855.53,Tarjeta,Adquisición de mercancias,Pagado,,0,No aplíca,,2026-01-27T12:00:00,,,1
HIST26_288,31653,Factura,SUKARNE,SUKARNE,2026-01-27,4418.47,0,4418.47,Tarjeta,Adquisición de mercancias,Pagado,,0,No aplíca,,2026-01-27T12:00:00,,,1
HIST26_289,,Factura,Alsuper,Alsuper,2026-01-27,106.49,0,106.49,Tarjeta,Adquisición de mercancias,Pagado,,0,No aplíca,,2026-01-27T12:00:00,,,1
HIST26_290,31639,Factura,SUKARNE,SUKARNE,2026-01-26,3584.49,0,3584.49,Tarjeta,Adquisición de mercancias,Pagado,,0,No aplíca,,2026-01-26T12:00:00,,,1
HIST26_291,,Factura,Alsuper,Alsuper,2026-01-26,35.63,0,35.63,Tarjeta,Adquisición de mercancias,Pagado,,0,No aplíca,,2026-01-26T12:00:00,,,1
HIST26_292,31640,Factura,SUKARNE,SUKARNE,2026-01-26,4420.0,0,4420.0,Tarjeta,Adquisición de mercancias,Pagado,,0,No aplíca,,2026-01-26T12:00:00,,,1
HIST26_293,37747,Factura,Home Depot,Home Depot,2026-01-26,241.08,0,241.08,Tarjeta,Adquisición de mercancias,Pagado,,0,No aplíca,,2026-01-26T12:00:00,,,1
HIST26_294,9046,Remisión,La Cosecha / Guadalupe Caro S. (14 días),La Cosecha / Guadalupe Caro S. (14 días),2026-01-20,1245.0,0,1245.0,Transferencia,Adquisición de mercancias,Pagado,2026-02-06,17,Pendiente,,2026-01-20T12:00:00,,,1
HIST26_295,,Factura,La Espiga Dorada / JUAN MANUEL CASTRO BOTELLO,La Espiga Dorada / JUAN MANUEL CASTRO BOTELLO,2026-01-26,1440.0,0,1440.0,Transferencia,Adquisición de mercancias,Pagado,2026-01-31,5,Pendiente,,2026-01-26T12:00:00,,,1
HIST26_296,4134,Factura,Paser / Araceli V. Padilla (14 dias),Paser / Araceli V. Padilla (14 dias),2026-01-28,1750.0,0,1750.0,Transferencia,Adquisición de mercancias,Pagado,2026-02-12,15,Pendiente,,2026-01-28T12:00:00,,,1
HIST26_297,146240,Factura,Abarrotes Inst. (7 días),Abarrotes Inst. (7 días),2026-01-28,1216.32,0,1216.32,Transferencia,Adquisición de mercancias,Pagado,2026-02-02,5,Pendiente,,2026-01-28T12:00:00,,,1
HIST26_298,146232,Factura,Abarrotes Inst. (7 días),Abarrotes Inst. (7 días),2026-01-28,993.0,0,993.0,Transferencia,Adquisición de mercancias,Pagado,2026-02-02,5,Pendiente,,2026-01-28T12:00:00,,,1
HIST26_299,79006,Factura,DIPACSA (7 días),DIPACSA (7 días),2026-01-28,2643.0,0,2643.0,Transferencia,Adquisición de mercancias,Pagado,2026-02-02,5,Pendiente,,2026-01-28T12:00:00,,,1
HIST26_300,130066,Factura,Colesa (7 días),Colesa (7 días),2026-01-28,1104.0,0,1104.0,Transferencia,Adquisición de mercancias,Pagado,2026-02-02,5,Pendiente,,2026-01-28T12:00:00,,,1
HIST26_301,,Recibo,JUNTA MUNICIPAL DE AGUA (JMAS),JUNTA MUNICIPAL DE AGUA (JMAS),2026-01-29,3043.0,0,3043.0,Transferencia,Gastos en General,Pagado,2026-02-04,6,Pendiente,,2026-01-29T12:00:00,,,1
HIST26_302,,,Nomina / Nómina,Nomina / Nómina,2026-01-29,21161.0,0,21161.0,Transferencia,Gastos en General,Pagado,2026-01-29,0,Pendiente,,2026-01-29T12:00:00,,,1
HIST26_303,,,SODEXO,SODEXO,2026-01-29,2814.66,0,2814.66,Transferencia,Gastos en General,Pagado,2026-01-29,0,Pendiente,,2026-01-29T12:00:00,,,1
HIST26_304,,,TARJETA CRÉDITO LEC,TARJETA CRÉDITO LEC,2026-02-03,27587.82,0,27587.82,Transferencia,Gastos en General,Pagado,,0,Pendiente,,2026-02-03T12:00:00,,,1
HIST26_305,51700,Factura,Papas Santa Fe / Procepap (7 dias),Papas Santa Fe / Procepap (7 dias),2026-02-03,1120.0,0,1120.0,Transferencia,Adquisición de mercancias,Pagado,2026-02-08,5,Pendiente,,2026-02-03T12:00:00,,,1
HIST26_306,4160,Factura,Paser / Araceli V. Padilla (14 dias),Paser / Araceli V. Padilla (14 dias),2026-02-03,1750.0,0,1750.0,Transferencia,Adquisición de mercancias,Pagado,2026-02-17,14,Pendiente,,2026-02-03T12:00:00,,,1
HIST26_307,73020,Factura,PROMAR DEL NORTE (14 DÍAS),PROMAR DEL NORTE (14 DÍAS),2026-02-03,3019.1,0,3019.1,Transferencia,Adquisición de mercancias,Pagado,2026-02-17,14,Pendiente,,2026-02-03T12:00:00,,,1
HIST26_308,732,Factura,Dumbo / Diana Silva Ponce (12 días),Dumbo / Diana Silva Ponce (12 días),2026-01-28,1800.0,0,1800.0,Transferencia,Adquisición de mercancias,Pagado,2026-02-04,7,Pendiente,,2026-01-28T12:00:00,,,1
HIST26_309,130248,Factura,Colesa (7 días),Colesa (7 días),2026-01-30,150.0,0,150.0,Transferencia,Adquisición de mercancias,Pagado,2026-02-04,5,Pendiente,,2026-01-30T12:00:00,,,1
HIST26_310,9141,Remisión,La Cosecha / Guadalupe Caro S. (14 días),La Cosecha / Guadalupe Caro S. (14 días),2026-01-31,555.0,0,555.0,Transferencia,Adquisición de mercancias,Pagado,2026-02-14,14,Pendiente,,2026-01-31T12:00:00,,,1
HIST26_311,45,Factura,Carmen Ortega P. / Salsa Macha (14 días),Carmen Ortega P. / Salsa Macha (14 días),2026-01-28,1440.0,0,1440.0,Transferencia,Adquisición de mercancias,Pagado,2026-02-11,14,Pendiente,,2026-01-28T12:00:00,,,1
HIST26_312,79080,Factura,DIPACSA (7 días),DIPACSA (7 días),2026-01-29,2578.0,0,2578.0,Transferencia,Adquisición de mercancias,Pagado,2026-02-04,6,Pendiente,,2026-01-29T12:00:00,,,1
HIST26_313,130134,Factura,Colesa (7 días),Colesa (7 días),2026-01-29,1059.8,0,1059.8,Transferencia,Adquisición de mercancias,Pagado,2026-02-04,6,Pendiente,,2026-01-29T12:00:00,,,1
HIST26_314,31672,Factura,Colesa (7 días),Colesa (7 días),2026-01-29,852.4,0,852.4,Transferencia,Adquisición de mercancias,Pagado,2026-02-04,6,Pendiente,,2026-01-29T12:00:00,,,1
HIST26_315,72939,Factura,PROMAR DEL NORTE (14 DÍAS),PROMAR DEL NORTE (14 DÍAS),2026-01-29,3019.1,0,3019.1,Transferencia,Adquisición de mercancias,Pagado,2026-02-12,14,Pendiente,,2026-01-29T12:00:00,,,1
HIST26_316,101,Factura,Salsa La Moncha / Janeth Gonzalez (14 días),Salsa La Moncha / Janeth Gonzalez (14 días),2026-01-30,690.0,0,690.0,Transferencia,Adquisición de mercancias,Pagado,2026-02-05,6,Pendiente,,2026-01-30T12:00:00,,,1
HIST26_317,62847,Factura,KEY QUÍMICA (14 DÍAS),KEY QUÍMICA (14 DÍAS),2026-01-26,1073.0,0,1073.0,Transferencia,Gastos en General,Pagado,2026-02-09,14,Pendiente,,2026-01-26T12:00:00,,,1
HIST26_318,2706,Factura,SURTIDORA BOTANAS (7 DÍAS),SURTIDORA BOTANAS (7 DÍAS),2026-01-30,1645.42,0,1645.42,Transferencia,Adquisición de mercancias,Pagado,2026-02-04,5,Pendiente,,2026-01-30T12:00:00,,,1
HIST26_319,026214,Factura,INIX COMERCIAL (20 DÍAS),INIX COMERCIAL (20 DÍAS),2026-02-03,4148.36,0,4148.36,Transferencia,Gastos en General,Pagado,2026-02-23,20,Pendiente,,2026-02-03T12:00:00,,,1
HIST26_320,24989,Factura,Quesos y + Quesos / Armando Villanueva (7 días),Quesos y + Quesos / Armando Villanueva (7 días),2026-02-03,2987.25,0,2987.25,Transferencia,Adquisición de mercancias,Pagado,2026-02-08,5,Pendiente,,2026-02-03T12:00:00,,,1
HIST26_321,63104,Factura,EMPAQUES Y ENVASES/JOSE LUIS MORALES GARCIA (7 días),EMPAQUES Y ENVASES/JOSE LUIS MORALES GARCIA (7 días),2026-01-31,1122.65,0,1122.65,Transferencia,Gastos en General,Pagado,2026-02-05,5,Pendiente,,2026-01-31T12:00:00,,,1
HIST26_322,,,Nomina / Nómina,Nomina / Nómina,2026-01-30,7211.0,0,7211.0,Cheque,Gastos en General,Pagado,,0,No aplíca,,2026-01-30T12:00:00,,,1
HIST26_323,130474,Factura,Colesa (7 días),Colesa (7 días),2026-02-04,1064.75,0,1064.75,Transferencia,Adquisición de mercancias,Pagado,2026-02-09,5,Pendiente,,2026-02-04T12:00:00,,,1
HIST26_324,715634,Factura,Casa Reza (7 días),Casa Reza (7 días),2026-02-04,3880.0,0,3880.0,Transferencia,Adquisición de mercancias,Pagado,2026-02-09,5,Pendiente,,2026-02-04T12:00:00,,,1
HIST26_325,43851,Remisión,"AGYDSA ""Aceite"" (7 días)","AGYDSA ""Aceite"" (7 días)",2026-02-04,2880.0,0,2880.0,Transferencia,Adquisición de mercancias,Pagado,2026-02-09,5,Pendiente,,2026-02-04T12:00:00,,,1
HIST26_326,79186,Factura,DIPACSA (7 días),DIPACSA (7 días),2026-02-04,4306.0,0,4306.0,Transferencia,Adquisición de mercancias,Pagado,2026-02-09,5,Pendiente,,2026-02-04T12:00:00,,,1
HIST26_327,,Factura,Alsuper,Alsuper,2026-01-29,54.9,0,54.9,Tarjeta,Adquisición de mercancias,Pagado,,0,No aplíca,,2026-01-29T12:00:00,,,1
HIST26_328,,Factura,Alsuper,Alsuper,2026-01-26,187.7,0,187.7,Tarjeta,Adquisición de mercancias,Pagado,,0,No aplíca,,2026-01-26T12:00:00,,,1
HIST26_329,,Factura,Alsuper,Alsuper,2026-01-28,3403.8,0,3403.8,Tarjeta,Adquisición de mercancias,Pagado,,0,No aplíca,,2026-01-28T12:00:00,,,1
HIST26_330,31669,Factura,SUKARNE,SUKARNE,2026-01-28,5491.1,0,5491.1,Tarjeta,Adquisición de mercancias,Pagado,,0,No aplíca,,2026-01-28T12:00:00,,,1
HIST26_331,,Factura,SUKARNE,SUKARNE,2026-01-28,4899.6,0,4899.6,Tarjeta,Adquisición de mercancias,Pagado,,0,No aplíca,,2026-01-28T12:00:00,,,1
HIST26_332,,Factura,Costco,Costco,2026-01-28,804.56,0,804.56,Tarjeta,Adquisición de mercancias,Pagado,,0,No aplíca,,2026-01-28T12:00:00,,,1
HIST26_333,31680,Factura,SUKARNE,SUKARNE,2026-01-29,4097.71,0,4097.71,Tarjeta,Adquisición de mercancias,Pagado,,0,No aplíca,,2026-01-29T12:00:00,,,1
HIST26_334,31681,Factura,SUKARNE,SUKARNE,2026-01-29,4787.34,0,4787.34,Tarjeta,Adquisición de mercancias,Pagado,,0,No aplíca,,2026-01-29T12:00:00,,,1
HIST26_335,,Factura,Costco,Costco,2026-01-21,1602.9,0,1602.9,Tarjeta,Adquisición de mercancias,Pagado,,0,No aplíca,,2026-01-21T12:00:00,,,1
HIST26_336,,Factura,SUKARNE,SUKARNE,2026-01-30,4025.53,0,4025.53,Tarjeta,Adquisición de mercancias,Pagado,,0,No aplíca,,2026-01-30T12:00:00,,,1
HIST26_337,,Factura,SUKARNE,SUKARNE,2026-01-30,4827.43,0,4827.43,Tarjeta,Adquisición de mercancias,Pagado,,0,No aplíca,,2026-01-30T12:00:00,,,1
HIST26_338,9063,Factura,Combustibles del Bosque,Combustibles del Bosque,2026-01-31,463.8,0,463.8,Tarjeta,Gastos en General,Pagado,,0,No aplíca,,2026-01-31T12:00:00,,,1
HIST26_339,39942,Factura,Home Depot,Home Depot,2026-02-01,6420.97,0,6420.97,Tarjeta,Gastos en General,Pagado,,0,No aplíca,,2026-02-01T12:00:00,,,1
HIST26_340,31738,Factura,SUKARNE,SUKARNE,2026-02-03,3937.74,0,3937.74,Tarjeta,Adquisición de mercancias,Pagado,,0,No aplíca,,2026-02-03T12:00:00,,,1
HIST26_341,31737,Factura,SUKARNE,SUKARNE,2026-02-03,4478.37,0,4478.37,Tarjeta,Adquisición de mercancias,Pagado,,0,No aplíca,,2026-02-03T12:00:00,,,1
HIST26_342,39723843,Factura,Bachoco,Bachoco,2026-02-04,17227.23,0,17227.23,Tarjeta,Adquisición de mercancias,Pagado,,0,No aplíca,,2026-02-04T12:00:00,,,1
HIST26_343,14956,Factura,Corp Arpe Gasolina,Corp Arpe Gasolina,2026-01-31,600.0,0,600.0,Tarjeta,Gastos en General,Pagado,,0,No aplíca,,2026-01-31T12:00:00,,,1
HIST26_344,97387,Factura,Corp Arpe Gasolina,Corp Arpe Gasolina,2026-01-31,600.0,0,600.0,Tarjeta,Gastos en General,Pagado,,0,No aplíca,,2026-01-31T12:00:00,,,1
HIST26_345,39687257,Factura,Bachoco,Bachoco,2026-01-30,15272.45,0,15272.45,Tarjeta,Adquisición de mercancias,Pagado,,0,No aplíca,,2026-01-30T12:00:00,,,1
HIST26_346,107194,Factura,EYSH - Equipos y Sistemas Hidraulicos,EYSH - Equipos y Sistemas Hidraulicos,2026-01-28,56.78,0,56.78,Tarjeta,Gastos en General,Pagado,,0,No aplíca,,2026-01-28T12:00:00,,,1
HIST26_347,39670846,Factura,Bachoco,Bachoco,2026-01-28,2811.2,0,2811.2,Tarjeta,Adquisición de mercancias,Pagado,,0,No aplíca,,2026-01-28T12:00:00,,,1
HIST26_348,1354340,Factura,Sam's Club,Sam's Club,2026-01-31,312.0,0,312.0,Tarjeta,Adquisición de mercancias,Pagado,,0,No aplíca,,2026-01-31T12:00:00,,,1
HIST26_349,538233,Factura,WALMART,WALMART,2026-01-31,258.0,0,258.0,Tarjeta,Adquisición de mercancias,Pagado,,0,No aplíca,,2026-01-31T12:00:00,,,1
HIST26_350,114783,Factura,SORIANA,SORIANA,2026-01-31,449.5,0,449.5,Tarjeta,Adquisición de mercancias,Pagado,,0,No aplíca,,2026-01-31T12:00:00,,,1
HIST26_351,114006,Factura,SORIANA,SORIANA,2026-01-29,179.4,0,179.4,Tarjeta,Adquisición de mercancias,Pagado,,0,No aplíca,,2026-01-29T12:00:00,,,1
HIST26_352,1353036,Factura,Sam's Club,Sam's Club,2026-01-29,1653.95,0,1653.95,Tarjeta,Adquisición de mercancias,Pagado,,0,No aplíca,,2026-01-29T12:00:00,,,1
HIST26_353,1353020,Factura,Sam's Club,Sam's Club,2026-01-29,3719.89,0,3719.89,Tarjeta,Adquisición de mercancias,Pagado,,0,No aplíca,,2026-01-29T12:00:00,,,1
HIST26_354,1353030,Factura,Sam's Club,Sam's Club,2026-01-29,1325.96,0,1325.96,Tarjeta,Adquisición de mercancias,Pagado,,0,No aplíca,,2026-01-29T12:00:00,,,1
HIST26_355,1353035,Factura,Sam's Club,Sam's Club,2026-01-29,1747.9,0,1747.9,Tarjeta,Adquisición de mercancias,Pagado,,0,No aplíca,,2026-01-29T12:00:00,,,1
HIST26_356,1354355,Factura,Sam's Club,Sam's Club,2026-01-31,1976.89,0,1976.89,Tarjeta,Adquisición de mercancias,Pagado,,0,No aplíca,,2026-01-31T12:00:00,,,1
HIST26_357,1354352,Factura,Sam's Club,Sam's Club,2026-01-31,1547.97,0,1547.97,Tarjeta,Adquisición de mercancias,Pagado,,0,No aplíca,,2026-01-31T12:00:00,,,1
HIST26_358,1353037,Factura,Sam's Club,Sam's Club,2026-01-29,1330.96,0,1330.96,Tarjeta,Adquisición de mercancias,Pagado,,0,No aplíca,,2026-01-29T12:00:00,,,1
HIST26_359,1353039,Factura,Sam's Club,Sam's Club,2026-01-29,3132.91,0,3132.91,Tarjeta,Adquisición de mercancias,Pagado,,0,No aplíca,,2026-01-29T12:00:00,,,1
HIST26_360,1353046,Factura,Sam's Club,Sam's Club,2026-01-29,3119.42,0,3119.42,Tarjeta,Adquisición de mercancias,Pagado,,0,No aplíca,,2026-01-29T12:00:00,,,1
HIST26_361,1353047,Factura,Sam's Club,Sam's Club,2026-01-29,2215.4,0,2215.4,Tarjeta,Adquisición de mercancias,Pagado,,0,No aplíca,,2026-01-29T12:00:00,,,1
HIST26_362,1499,Factura,NANCY J MATA ARMENDARIZ,NANCY J MATA ARMENDARIZ,2026-02-04,5955.0,0,5955.0,Transferencia,Adquisición de mercancias,Pagado,2026-02-08,4,Pendiente,,2026-02-04T12:00:00,,,1
HIST26_363,27012026,Remisión,Sal de mar/ Celia i. Germes,Sal de mar/ Celia i. Germes,2026-01-27,400.0,0,400.0,Transferencia,Adquisición de mercancias,Pagado,2026-02-05,9,Pendiente,,2026-01-27T12:00:00,,,1
HIST26_364,9113,Remisión,La Cosecha / Guadalupe Caro S. (14 días),La Cosecha / Guadalupe Caro S. (14 días),2026-01-29,1060.0,0,1060.0,Transferencia,Adquisición de mercancias,Pagado,2026-02-14,16,Pendiente,,2026-01-29T12:00:00,,,1
HIST26_365,624764,Remisión,Productos lácteos Los Pinos (7 DÍAS),Productos lácteos Los Pinos (7 DÍAS),2026-01-29,640.0,0,640.0,Transferencia,Adquisición de mercancias,Pagado,2026-02-05,7,Pendiente,,2026-01-29T12:00:00,,,1
HIST26_366,0505,Remisión,NARANJA Y LIMÓN / Maria Guadalupe Fierro (7 DÍAS),NARANJA Y LIMÓN / Maria Guadalupe Fierro (7 DÍAS),2026-01-31,720.0,0,720.0,Transferencia,Adquisición de mercancias,Pagado,2026-02-05,5,Pendiente,,2026-01-31T12:00:00,,,1
HIST26_367,0503,Remisión,NARANJA Y LIMÓN / Maria Guadalupe Fierro (7 DÍAS),NARANJA Y LIMÓN / Maria Guadalupe Fierro (7 DÍAS),2026-01-26,720.0,0,720.0,Transferencia,Adquisición de mercancias,Pagado,2026-02-05,10,Pendiente,,2026-01-26T12:00:00,,,1
HIST26_368,146436,Factura,Abarrotes Inst. (7 días),Abarrotes Inst. (7 días),2026-02-04,1287.81,0,1287.81,Transferencia,Adquisición de mercancias,Pagado,2026-02-09,5,Pendiente,,2026-02-04T12:00:00,,,1
HIST26_369,2146,Factura,Frijol / Gozalo Gallegos /Empacadora Chih  (7 días),Frijol / Gozalo Gallegos /Empacadora Chih  (7 días),2026-02-04,765.0,0,765.0,Transferencia,Adquisición de mercancias,Pagado,2026-02-09,5,Pendiente,,2026-02-04T12:00:00,,,1
HIST26_370,9169,Remisión,La Cosecha / Guadalupe Caro S. (14 días),La Cosecha / Guadalupe Caro S. (14 días),2026-02-05,1452.0,0,1452.0,Transferencia,Adquisición de mercancias,Pagado,2026-02-20,15,Pendiente,,2026-02-05T12:00:00,,,1
HIST26_371,4246,Factura,Ma Eugenia Payan / Tortillas (14 días),Ma Eugenia Payan / Tortillas (14 días),2026-02-04,2898.0,0,2898.0,Transferencia,Adquisición de mercancias,Pagado,2026-02-18,14,Pendiente,,2026-02-04T12:00:00,,,1
HIST26_372,3174,Factura,Ma Eugenia Payan / Tortillas (14 días),Ma Eugenia Payan / Tortillas (14 días),2026-01-29,3174.0,0,3174.0,Transferencia,Adquisición de mercancias,Pagado,2026-02-12,14,Pendiente,,2026-01-29T12:00:00,,,1
HIST26_373,63211,Factura,EMPAQUES Y ENVASES/JOSE LUIS MORALES GARCIA (7 días),EMPAQUES Y ENVASES/JOSE LUIS MORALES GARCIA (7 días),2026-02-05,1085.99,0,1085.99,Transferencia,Adquisición de mercancias,Pagado,2026-02-10,5,Pendiente,,2026-02-05T12:00:00,,,1
HIST26_374,63207,Factura,EMPAQUES Y ENVASES/JOSE LUIS MORALES GARCIA (7 días),EMPAQUES Y ENVASES/JOSE LUIS MORALES GARCIA (7 días),2026-02-05,513.21,0,513.21,Transferencia,Gastos en General,Pagado,2026-02-10,5,Pendiente,,2026-02-05T12:00:00,,,1
HIST26_375,130533,Factura,Colesa (7 días),Colesa (7 días),2026-02-05,717.2,0,717.2,Transferencia,Adquisición de mercancias,Pagado,2026-02-10,5,Pendiente,,2026-02-05T12:00:00,,,1
HIST26_376,130602,Factura,Colesa (7 días),Colesa (7 días),2026-02-06,1090.26,0,1090.26,Transferencia,Adquisición de mercancias,Pagado,2026-02-11,5,Pendiente,,2026-02-06T12:00:00,,,1
HIST26_377,146479,Factura,Abarrotes Inst. (7 días),Abarrotes Inst. (7 días),2026-02-05,1671.52,0,1671.52,Transferencia,Adquisición de mercancias,Pagado,2026-02-10,5,Pendiente,,2026-02-05T12:00:00,,,1
HIST26_378,22364,Factura,Productos Joe / Ernesto Jacquez Ochoa (14 días),Productos Joe / Ernesto Jacquez Ochoa (14 días),2026-02-06,813.6,0,813.6,Transferencia,Adquisición de mercancias,Pagado,2026-02-20,14,Pendiente,,2026-02-06T12:00:00,,,1
HIST26_379,05022026,Factura,La Espiga Dorada / JUAN MANUEL CASTRO BOTELLO,La Espiga Dorada / JUAN MANUEL CASTRO BOTELLO,2026-02-05,1440.0,0,1440.0,Transferencia,Adquisición de mercancias,Pagado,2026-02-10,5,Pendiente,,2026-02-05T12:00:00,,,1
HIST26_380,363139,Factura,Casa Myers,Casa Myers,2026-02-06,23.35,0,23.35,Tarjeta,Gastos en General,Pagado,,0,No aplíca,,2026-02-06T12:00:00,,,1
HIST26_381,31756,Factura,SUKARNE,SUKARNE,2026-02-04,3897.4,0,3897.4,Tarjeta,Adquisición de mercancias,Pagado,,0,No aplíca,,2026-02-04T12:00:00,,,1
HIST26_382,31776,Factura,SUKARNE,SUKARNE,2026-02-05,4236.3,0,4236.3,Tarjeta,Adquisición de mercancias,Pagado,,0,No aplíca,,2026-02-05T12:00:00,,,1
HIST26_383,31775,Factura,SUKARNE,SUKARNE,2026-02-05,4268.58,0,4268.58,Tarjeta,Adquisición de mercancias,Pagado,,0,No aplíca,,2026-02-05T12:00:00,,,1
HIST26_384,31757,Factura,SUKARNE,SUKARNE,2026-02-04,4489.67,0,4489.67,Tarjeta,Adquisición de mercancias,Pagado,,0,No aplíca,,2026-02-04T12:00:00,,,1
HIST26_385,,Factura,Alsuper,Alsuper,2026-02-04,157.0,0,157.0,Tarjeta,Adquisición de mercancias,Pagado,,0,No aplíca,,2026-02-04T12:00:00,,,1
HIST26_386,,Factura,Nomina / Nómina,Nomina / Nómina,2026-02-05,12033.4,0,12033.4,Cheque,Gastos en General,Pagado,,0,No aplíca,,2026-02-05T12:00:00,,,1
HIST26_387,39723843,Factura,Bachoco,Bachoco,2026-02-04,17227.23,0,17227.23,Tarjeta,Adquisición de mercancias,Pagado,,0,No aplíca,,2026-02-04T12:00:00,,,1
HIST26_388,,,NOMINA,NOMINA,2026-02-06,21637.0,0,21637.0,Transferencia,Gastos en General,Pagado,2026-02-06,0,Pendiente,,2026-02-06T12:00:00,,,1
HIST26_389,,,SODEXO,SODEXO,2026-02-05,2983.65,0,2983.65,Transferencia,Gastos en General,Pagado,2026-02-05,0,Pendiente,,2026-02-05T12:00:00,,,1
HIST26_390,145238,Factura,Abarrotes Inst. (7 días),Abarrotes Inst. (7 días),2025-12-17,2627.64,0,2627.64,Transferencia,Adquisición de mercancias,Pagado,2026-02-09,54,Pendiente,,2025-12-17T12:00:00,,,1
HIST26_391,63285,Factura,EMPAQUES Y ENVASES/JOSE LUIS MORALES GARCIA (7 días),EMPAQUES Y ENVASES/JOSE LUIS MORALES GARCIA (7 días),2026-02-07,979.2,0,979.2,Transferencia,Gastos en General,Pagado,2026-02-12,5,Pendiente,,2026-02-07T12:00:00,,,1
HIST26_392,104,Factura,Salsa La Moncha / Janeth Gonzalez (14 días),Salsa La Moncha / Janeth Gonzalez (14 días),2026-02-06,775.0,0,775.0,Transferencia,Adquisición de mercancias,Pagado,2026-02-11,5,Pendiente,,2026-02-06T12:00:00,,,1
HIST26_393,79248,Factura,DIPACSA (7 días),DIPACSA (7 días),2026-02-06,1808.0,0,1808.0,Transferencia,Adquisición de mercancias,Pagado,2026-02-11,5,Pendiente,,2026-02-06T12:00:00,,,1
HIST26_394,31734,Factura,Colesa (7 días),Colesa (7 días),2026-02-03,1988.86,0,1988.86,Transferencia,Adquisición de mercancias,Pagado,2026-02-10,7,Pendiente,,2026-02-03T12:00:00,,,1
HIST26_395,130719,Factura,Colesa (7 días),Colesa (7 días),2026-02-07,767.0,0,767.0,Transferencia,Adquisición de mercancias,Pagado,2026-02-12,5,Pendiente,,2026-02-07T12:00:00,,,1
HIST26_396,2747,Factura,SURTIDORA BOTANAS (7 DÍAS),SURTIDORA BOTANAS (7 DÍAS),2026-02-07,2626.4,0,2626.4,Transferencia,Adquisición de mercancias,Pagado,2026-02-12,5,Pendiente,,2026-02-07T12:00:00,,,1
HIST26_397,06022026,Factura,LUZ ALICIA RODRIGUEZ (7 DÍAS),LUZ ALICIA RODRIGUEZ (7 DÍAS),2026-02-06,945.0,0,945.0,Transferencia,Adquisición de mercancias,Pagado,2026-02-11,5,Pendiente,,2026-02-06T12:00:00,,,1
HIST26_398,2744,Factura,SURTIDORA BOTANAS (7 DÍAS),SURTIDORA BOTANAS (7 DÍAS),2026-02-07,1169.14,0,1169.14,Transferencia,Adquisición de mercancias,Pagado,2026-02-12,5,Pendiente,,2026-02-07T12:00:00,,,1
HIST26_399,130679,Factura,Colesa (7 días),Colesa (7 días),2026-02-07,526.95,0,526.95,Transferencia,Adquisición de mercancias,Pagado,2026-02-12,5,Pendiente,,2026-02-07T12:00:00,,,1
HIST26_400,114536,Factura,Diplas / Hector A Portillo (20 días),Diplas / Hector A Portillo (20 días),2026-02-07,1753.43,0,1753.43,Transferencia,Adquisición de mercancias,Pagado,2026-02-21,14,Pendiente,,2026-02-07T12:00:00,,,1
HIST26_401,6220,Factura,Apple,Apple,2026-02-07,1749.0,0,1749.0,Tarjeta,Gastos en General,Pagado,,0,No aplíca,,2026-02-07T12:00:00,,,1
HIST26_402,0506,Remisión,NARANJA Y LIMÓN / Maria Guadalupe Fierro (7 DÍAS),NARANJA Y LIMÓN / Maria Guadalupe Fierro (7 DÍAS),2026-02-06,1112.0,0,1112.0,Transferencia,Adquisición de mercancias,Pagado,2026-02-11,5,Pendiente,,2026-02-06T12:00:00,,,1
HIST26_403,,,HIPOTECA ADELA ALVIDREZ BARRON,HIPOTECA ADELA ALVIDREZ BARRON,2026-02-10,28252.84,0,28252.84,Transferencia,Gastos en General,Pagado,2026-02-10,0,Pendiente,,2026-02-10T12:00:00,,,1
HIST26_404,,,HIPOTECA LUIS ELIZONDO,HIPOTECA LUIS ELIZONDO,2026-02-10,20235.0,0,20235.0,Transferencia,Gastos en General,Pagado,2026-02-10,0,Pendiente,,2026-02-10T12:00:00,,,1
HIST26_405,627715,Factura,Productos lácteos Los Pinos (7 DÍAS),Productos lácteos Los Pinos (7 DÍAS),2026-02-05,400.0,0,400.0,Transferencia,Adquisición de mercancias,Pagado,2026-02-10,5,Pendiente,,2026-02-05T12:00:00,,,1
HIST26_406,4183,Factura,Paser / Araceli V. Padilla (14 dias),Paser / Araceli V. Padilla (14 dias),2026-02-09,1750.0,0,1750.0,Transferencia,Adquisición de mercancias,Pagado,2026-02-23,14,Pendiente,,2026-02-09T12:00:00,,,1
HIST26_407,73076,Factura,PROMAR DEL NORTE (14 DÍAS),PROMAR DEL NORTE (14 DÍAS),2026-02-07,3019.1,0,3019.1,Transferencia,Adquisición de mercancias,Pagado,2026-02-21,14,Pendiente,,2026-02-07T12:00:00,,,1
HIST26_408,026277,Factura,INIX COMERCIAL (20 DÍAS),INIX COMERCIAL (20 DÍAS),2026-02-10,4623.64,0,4623.64,Transferencia,Gastos en General,Pendiente,2026-03-02,20,Pendiente,,2026-02-10T12:00:00,,,1
HIST26_409,25087,Factura,Quesos y + Quesos / Armando Villanueva (7 días),Quesos y + Quesos / Armando Villanueva (7 días),2026-02-09,3172.75,0,3172.75,Transferencia,Adquisición de mercancias,Pagado,2026-02-14,5,Pendiente,,2026-02-09T12:00:00,,,1
HIST26_410,31796,Factura,Colesa (7 días),Colesa (7 días),2026-02-10,1495.6,0,1495.6,Transferencia,Adquisición de mercancias,Pagado,2026-02-15,5,Pendiente,,2026-02-10T12:00:00,,,1
HIST26_411,79320,Factura,DIPACSA (7 días),DIPACSA (7 días),2026-02-09,1808.0,0,1808.0,Transferencia,Adquisición de mercancias,Pagado,2026-02-14,5,Pendiente,,2026-02-09T12:00:00,,,1
HIST26_412,4175,Factura,Paser / Araceli V. Padilla (14 dias),Paser / Araceli V. Padilla (14 dias),2026-02-07,1750.0,0,1750.0,Transferencia,Adquisición de mercancias,Pagado,2026-02-21,14,Pendiente,,2026-02-07T12:00:00,,,1
HIST26_413,18353,Factura,AB Pollo,AB Pollo,2026-02-10,1162.8,0,1162.8,Tarjeta,Adquisición de mercancias,Pagado,,0,No aplíca,,2026-02-10T12:00:00,,,1
HIST26_414,39759580,Factura,Bachoco,Bachoco,2026-02-09,19539.22,0,19539.22,Tarjeta,Adquisición de mercancias,Pagado,,0,No aplíca,,2026-02-09T12:00:00,,,1
HIST26_415,146569,Factura,Abarrotes Inst. (7 días),Abarrotes Inst. (7 días),2026-02-09,1621.19,0,1621.19,Transferencia,Adquisición de mercancias,Pagado,2026-02-14,5,Pendiente,,2026-02-09T12:00:00,,,1
HIST26_416,1357092,Factura,Sam's Club,Sam's Club,2026-02-10,858.96,0,858.96,Tarjeta,Adquisición de mercancias,Pagado,,0,No aplíca,,2026-02-10T12:00:00,,,1
HIST26_417,24398,Factura,ERO Grande (20 días),ERO Grande (20 días),2026-02-09,692.0,0,692.0,Transferencia,Adquisición de mercancias,Pagado,2026-02-24,15,Pendiente,,2026-02-09T12:00:00,,,1
HIST26_418,,Factura,Alsuper,Alsuper,2026-02-11,2823.14,0,2823.14,Tarjeta,Adquisición de mercancias,Pagado,,0,No aplíca,,2026-02-11T12:00:00,,,1
HIST26_419,31848,Factura,SUKARNE,SUKARNE,2026-02-11,4489.92,0,4489.92,Tarjeta,Adquisición de mercancias,Pagado,,0,No aplíca,,2026-02-11T12:00:00,,,1
HIST26_420,31849,Factura,SUKARNE,SUKARNE,2026-02-11,5099.12,0,5099.12,Tarjeta,Adquisición de mercancias,Pagado,,0,No aplíca,,2026-02-11T12:00:00,,,1
HIST26_421,31847,Factura,SUKARNE,SUKARNE,2026-02-11,5449.02,0,5449.02,Tarjeta,Adquisición de mercancias,Pagado,,0,No aplíca,,2026-02-11T12:00:00,,,1
HIST26_422,,Factura,Sam's Club,Sam's Club,2026-02-10,644.0,0,644.0,Tarjeta,Adquisición de mercancias,Pagado,,0,No aplíca,,2026-02-10T12:00:00,,,1
HIST26_423,31840,Factura,SUKARNE,SUKARNE,2026-02-10,5489.86,0,5489.86,Tarjeta,Adquisición de mercancias,Pagado,,0,No aplíca,,2026-02-10T12:00:00,,,1
HIST26_424,31839,Factura,SUKARNE,SUKARNE,2026-02-10,5839.52,0,5839.52,Transferencia,Adquisición de mercancias,Pagado,,0,Pendiente,,2026-02-10T12:00:00,,,1
HIST26_425,6724,Factura,Que Pescados! / MAYNEZ SEGURA ALIMENTOS DEL MAR,Que Pescados! / MAYNEZ SEGURA ALIMENTOS DEL MAR,2026-02-10,1350.0,0,1350.0,Tarjeta,Adquisición de mercancias,Pagado,,0,No aplíca,,2026-02-10T12:00:00,,,1
HIST26_426,,Factura,Sam's Club,Sam's Club,2026-02-05,158.0,0,158.0,Tarjeta,Gastos en General,Pagado,,0,No aplíca,,2026-02-05T12:00:00,,,1
HIST26_427,,Factura,Costco Gas,Costco Gas,2026-02-05,1051.74,0,1051.74,Tarjeta,Gastos en General,Pagado,,0,No aplíca,,2026-02-05T12:00:00,,,1
HIST26_428,,Factura,Alsuper,Alsuper,2026-02-06,341.52,0,341.52,Tarjeta,Adquisición de mercancias,Pagado,,0,No aplíca,,2026-02-06T12:00:00,,,1
HIST26_429,31785,Factura,SUKARNE,SUKARNE,2026-02-06,4001.39,0,4001.39,Tarjeta,Adquisición de mercancias,Pagado,,0,No aplíca,,2026-02-06T12:00:00,,,1
HIST26_430,31786,Factura,SUKARNE,SUKARNE,2026-02-06,4248.11,0,4248.11,Tarjeta,Adquisición de mercancias,Pagado,,0,No aplíca,,2026-02-06T12:00:00,,,1
HIST26_431,,Factura,Alsuper,Alsuper,2026-02-04,1710.88,0,1710.88,Tarjeta,Adquisición de mercancias,Pagado,,0,No aplíca,,2026-02-04T12:00:00,,,1
HIST26_432,,Factura,City Club,City Club,2026-02-05,591.0,0,591.0,Tarjeta,Adquisición de mercancias,Pagado,,0,No aplíca,,2026-02-05T12:00:00,,,1
HIST26_433,,Factura,Alsuper,Alsuper,2026-02-06,469.0,0,469.0,Tarjeta,Adquisición de mercancias,Pagado,,0,No aplíca,,2026-02-06T12:00:00,,,1
HIST26_434,,Factura,Costco,Costco,2026-02-06,1146.6,0,1146.6,Tarjeta,Adquisición de mercancias,Pagado,,0,No aplíca,,2026-02-06T12:00:00,,,1
HIST26_435,,Factura,Alsuper,Alsuper,2026-02-07,1937.0,0,1937.0,Tarjeta,Adquisición de mercancias,Pagado,,0,No aplíca,,2026-02-07T12:00:00,,,1
HIST26_436,31802,Factura,SUKARNE,SUKARNE,2026-02-07,4035.7,0,4035.7,Tarjeta,Adquisición de mercancias,Pagado,,0,No aplíca,,2026-02-07T12:00:00,,,1
HIST26_437,,Factura,Sam's Club,Sam's Club,2026-02-05,920.0,0,920.0,Tarjeta,Adquisición de mercancias,Pagado,,0,No aplíca,,2026-02-05T12:00:00,,,1
HIST26_438,,Factura,Sazonico / Aromata,Sazonico / Aromata,2026-02-07,94.5,0,94.5,Tarjeta,Adquisición de mercancias,Pagado,,0,No aplíca,,2026-02-07T12:00:00,,,1
HIST26_439,,Factura,City Club,City Club,2026-02-06,1495.0,0,1495.0,Tarjeta,Adquisición de mercancias,Pagado,,0,No aplíca,,2026-02-06T12:00:00,,,1
HIST26_440,,Factura,Alsuper,Alsuper,2026-02-07,93.69,0,93.69,Tarjeta,Adquisición de mercancias,Pagado,,0,No aplíca,,2026-02-07T12:00:00,,,1
HIST26_441,31806,Factura,SUKARNE,SUKARNE,2026-02-07,549.33,0,549.33,Tarjeta,Adquisición de mercancias,Pagado,,0,No aplíca,,2026-02-07T12:00:00,,,1
HIST26_442,,Factura,Corp Arpe Gasolina,Corp Arpe Gasolina,2026-02-07,700.0,0,700.0,Tarjeta,Gastos en General,Pagado,,0,No aplíca,,2026-02-07T12:00:00,,,1
HIST26_443,,Factura,Costco,Costco,2026-02-07,507.0,0,507.0,Tarjeta,Adquisición de mercancias,Pagado,,0,No aplíca,,2026-02-07T12:00:00,,,1
HIST26_444,,Factura,Alsuper,Alsuper,2026-02-09,2641.65,0,2641.65,Tarjeta,Adquisición de mercancias,Pagado,,0,No aplíca,,2026-02-09T12:00:00,,,1
HIST26_445,31819,Factura,SUKARNE,SUKARNE,2026-02-09,4101.06,0,4101.06,Tarjeta,Adquisición de mercancias,Pagado,,0,No aplíca,,2026-02-09T12:00:00,,,1
HIST26_446,31818,Factura,SUKARNE,SUKARNE,2026-02-09,4256.28,0,4256.28,Tarjeta,Adquisición de mercancias,Pagado,,0,No aplíca,,2026-02-09T12:00:00,,,1
HIST26_447,,,NOMINA,NOMINA,2026-02-12,21980.6,0,21980.6,Transferencia,Gastos en General,Pagado,2026-02-12,0,Pendiente,,2026-02-12T12:00:00,,,1
HIST26_448,,,SODEXO,SODEXO,2026-02-12,2775.42,0,2775.42,Transferencia,Gastos en General,Pagado,2026-02-12,0,Pendiente,,2026-02-12T12:00:00,,,1
HIST26_449,,,IMSS,IMSS,2026-02-12,20354.56,0,20354.56,Transferencia,Gastos en General,Pagado,2026-02-12,0,Pendiente,,2026-02-12T12:00:00,,,1
HIST26_450,,,ISN,ISN,2026-02-12,8011.0,0,8011.0,Transferencia,Gastos en General,Pagado,2026-02-12,0,Pendiente,,2026-02-12T12:00:00,,,1
HIST26_451,9201,Remisión,La Cosecha / Guadalupe Caro S. (14 días),La Cosecha / Guadalupe Caro S. (14 días),2026-02-11,1330.0,0,1330.0,Transferencia,Adquisición de mercancias,Pagado,2026-02-27,16,Pendiente,,2026-02-11T12:00:00,,,1
HIST26_452,629714,Remisión,Productos lácteos Los Pinos (7 DÍAS),Productos lácteos Los Pinos (7 DÍAS),2026-02-12,480.0,0,480.0,Transferencia,Adquisición de mercancias,Pagado,2026-02-17,5,Pendiente,,2026-02-12T12:00:00,,,1
HIST26_453,0509,Remisión,NARANJA Y LIMÓN / Maria Guadalupe Fierro (7 DÍAS),NARANJA Y LIMÓN / Maria Guadalupe Fierro (7 DÍAS),2026-02-12,1455.0,0,1455.0,Transferencia,Adquisición de mercancias,Pagado,2026-02-17,5,Pendiente,,2026-02-12T12:00:00,,,1
HIST26_454,31384,Factura,Papas Santa Fe / Procepap (7 dias),Papas Santa Fe / Procepap (7 dias),2026-02-11,640.0,0,640.0,Transferencia,Adquisición de mercancias,Pagado,2026-02-16,5,Pendiente,,2026-02-11T12:00:00,,,1
HIST26_455,130895,Factura,Colesa (7 días),Colesa (7 días),2026-02-11,1939.0,0,1939.0,Transferencia,Adquisición de mercancias,Pagado,2026-02-16,5,Pendiente,,2026-02-11T12:00:00,,,1
HIST26_456,2769,Factura,SURTIDORA BOTANAS (7 DÍAS),SURTIDORA BOTANAS (7 DÍAS),2026-02-11,417.48,0,417.48,Transferencia,Adquisición de mercancias,Pagado,2026-02-16,5,Pendiente,,2026-02-11T12:00:00,,,1
HIST26_457,63425,Factura,EMPAQUES Y ENVASES/JOSE LUIS MORALES GARCIA (7 días),EMPAQUES Y ENVASES/JOSE LUIS MORALES GARCIA (7 días),2026-02-12,529.2,0,529.2,Transferencia,Gastos en General,Pagado,2026-02-17,5,Pendiente,,2026-02-12T12:00:00,,,1
HIST26_458,10022026,Factura,Carmen Ortega P. / Salsa Macha (14 días),Carmen Ortega P. / Salsa Macha (14 días),2026-02-10,1440.0,0,1440.0,Transferencia,Adquisición de mercancias,Pagado,2026-02-24,14,Pendiente,,2026-02-10T12:00:00,,,1
HIST26_459,11022026,Factura,La Espiga Dorada / JUAN MANUEL CASTRO BOTELLO,La Espiga Dorada / JUAN MANUEL CASTRO BOTELLO,2026-02-11,960.0,0,960.0,Transferencia,Adquisición de mercancias,Pagado,2026-02-16,5,Pendiente,,2026-02-11T12:00:00,,,1
HIST26_460,130994,Factura,Colesa (7 días),Colesa (7 días),2026-02-12,983.9,0,983.9,Transferencia,Adquisición de mercancias,Pagado,2026-02-17,5,Pendiente,,2026-02-12T12:00:00,,,1
HIST26_461,43896,Remisión,"AGYDSA ""Aceite"" (7 días)","AGYDSA ""Aceite"" (7 días)",2026-02-12,2880.0,0,2880.0,Transferencia,Adquisición de mercancias,Pagado,2026-02-17,5,Pendiente,,2026-02-12T12:00:00,,,1
HIST26_462,73152,Factura,PROMAR DEL NORTE (14 DÍAS),PROMAR DEL NORTE (14 DÍAS),2026-02-12,3019.1,0,3019.1,Transferencia,Adquisición de mercancias,Pagado,2026-02-26,14,Pendiente,,2026-02-12T12:00:00,,,1
HIST26_463,,Factura,SORIANA,SORIANA,2026-02-12,216.0,0,216.0,Tarjeta,Adquisición de mercancias,Pagado,,0,No aplíca,,2026-02-12T12:00:00,,,1
HIST26_464,,Factura,City Club,City Club,2026-02-11,284.0,0,284.0,Tarjeta,Gastos en General,Pagado,,0,No aplíca,,2026-02-11T12:00:00,,,1
HIST26_465,,Factura,SORIANA,SORIANA,2026-02-10,204.0,0,204.0,Tarjeta,Adquisición de mercancias,Pagado,,0,No aplíca,,2026-02-10T12:00:00,,,1
HIST26_466,,Factura,City Club,City Club,2026-02-11,350.0,0,350.0,Tarjeta,Adquisición de mercancias,Pagado,,0,No aplíca,,2026-02-11T12:00:00,,,1
HIST26_467,,Factura,Alsuper,Alsuper,2026-02-12,125.0,0,125.0,Tarjeta,Adquisición de mercancias,Pagado,,0,No aplíca,,2026-02-12T12:00:00,,,1
HIST26_468,,Factura,Alsuper,Alsuper,2026-02-12,245.0,0,245.0,Tarjeta,Adquisición de mercancias,Pagado,,0,No aplíca,,2026-02-12T12:00:00,,,1
HIST26_469,,Factura,Alsuper,Alsuper,2026-02-12,132.0,0,132.0,Tarjeta,Adquisición de mercancias,Pagado,,0,No aplíca,,2026-02-12T12:00:00,,,1
HIST26_470,31863,Factura,SUKARNE,SUKARNE,2026-02-12,4308.56,0,4308.56,Tarjeta,Adquisición de mercancias,Pagado,,0,No aplíca,,2026-02-12T12:00:00,,,1
HIST26_471,31862,Factura,SUKARNE,SUKARNE,2026-02-12,5551.95,0,5551.95,Tarjeta,Adquisición de mercancias,Pagado,,0,No aplíca,,2026-02-12T12:00:00,,,1
HIST26_472,142836,Factura,EMPAQUES Y ENVASES/JOSE LUIS MORALES GARCIA (7 días),EMPAQUES Y ENVASES/JOSE LUIS MORALES GARCIA (7 días),2026-02-11,648.94,0,648.94,Tarjeta,Gastos en General,Pagado,,0,No aplíca,,2026-02-11T12:00:00,,,1
HIST26_473,39777505,Factura,Bachoco,Bachoco,2026-02-11,18748.05,0,18748.05,Tarjeta,Adquisición de mercancias,Pagado,,0,No aplíca,,2026-02-11T12:00:00,,,1
HIST26_474,175092,Factura,Gas El Sobrante,Gas El Sobrante,2026-02-11,200.0,0,200.0,Tarjeta,Gastos en General,Pagado,,0,No aplíca,,2026-02-11T12:00:00,,,1
HIST26_475,,Factura,Sam's Club,Sam's Club,2026-02-12,1334.92,0,1334.92,Tarjeta,Adquisición de mercancias,Pagado,,0,No aplíca,,2026-02-12T12:00:00,,,1
HIST26_476,,,IMPUESTOS FEDERALES,IMPUESTOS FEDERALES,2026-02-16,110.0,0,110.0,Transferencia,Gastos en General,Pagado,2026-02-16,0,Pendiente,,2026-02-16T12:00:00,,,1
HIST26_477,,,IMPUESTOS FEDERALES,IMPUESTOS FEDERALES,2026-02-16,24936.0,0,24936.0,Transferencia,Gastos en General,Pagado,2026-02-16,0,Pendiente,,2026-02-16T12:00:00,,,1
HIST26_478,1092,Factura,RAMON MANUEL FRIAS RUIZ,RAMON MANUEL FRIAS RUIZ,2026-02-17,2088.0,0,2088.0,Transferencia,Gastos en General,Pagado,2026-02-17,0,Pendiente,,2026-02-17T12:00:00,,,1
HIST26_479,EFBCH-13867300,Factura,ECOGAS MEXICO,ECOGAS MEXICO,2026-02-17,5931.0,0,5931.0,Transferencia,Gastos en General,Pagado,2026-02-17,0,Pendiente,,2026-02-17T12:00:00,,,1
HIST26_480,026352,Factura,INIX COMERCIAL (20 DÍAS),INIX COMERCIAL (20 DÍAS),2026-02-14,1923.15,0,1923.15,Transferencia,Gastos en General,Pendiente,2026-03-06,20,Pendiente,,2026-02-14T12:00:00,,,1
HIST26_481,026351,Factura,INIX COMERCIAL (20 DÍAS),INIX COMERCIAL (20 DÍAS),2026-02-14,1969.84,0,1969.84,Transferencia,Gastos en General,Pendiente,2026-03-06,20,Pendiente,,2026-02-14T12:00:00,,,1
HIST26_482,131122,Factura,Colesa (7 días),Colesa (7 días),2026-02-14,856.6,0,856.6,Transferencia,Adquisición de mercancias,Pagado,2026-02-21,7,Pendiente,,2026-02-14T12:00:00,,,1
HIST26_483,2807,Factura,SURTIDORA BOTANAS (7 DÍAS),SURTIDORA BOTANAS (7 DÍAS),2026-02-16,1740.49,0,1740.49,Transferencia,Adquisición de mercancias,Pagado,2026-02-21,5,Pendiente,,2026-02-16T12:00:00,,,1
HIST26_484,63501,Factura,EMPAQUES Y ENVASES/JOSE LUIS MORALES GARCIA (7 días),EMPAQUES Y ENVASES/JOSE LUIS MORALES GARCIA (7 días),2026-02-14,1418.0,0,1418.0,Transferencia,Gastos en General,Pagado,2026-02-19,5,Pendiente,,2026-02-14T12:00:00,,,1
HIST26_485,73214,Factura,PROMAR DEL NORTE (14 DÍAS),PROMAR DEL NORTE (14 DÍAS),2026-02-16,3019.1,0,3019.1,Transferencia,Adquisición de mercancias,Pendiente,2026-03-21,33,Pendiente,,2026-02-16T12:00:00,,,1
HIST26_486,146777,Factura,Abarrotes Inst. (7 días),Abarrotes Inst. (7 días),2026-02-16,4156.49,0,4156.49,Transferencia,Adquisición de mercancias,Pagado,2026-02-21,5,Pendiente,,2026-02-16T12:00:00,,,1
HIST26_487,131064,Factura,Colesa (7 días),Colesa (7 días),2026-02-13,688.99,0,688.99,Transferencia,Adquisición de mercancias,Pagado,2026-02-18,5,Pendiente,,2026-02-13T12:00:00,,,1
HIST26_488,4204,Factura,Paser / Araceli V. Padilla (14 dias),Paser / Araceli V. Padilla (14 dias),2026-02-13,1750.0,0,1750.0,Transferencia,Adquisición de mercancias,Pagado,2026-02-27,14,Pendiente,,2026-02-13T12:00:00,,,1
HIST26_489,131213,Factura,Colesa (7 días),Colesa (7 días),2026-02-16,1322.0,0,1322.0,Transferencia,Adquisición de mercancias,Pagado,2026-02-21,5,Pendiente,,2026-02-16T12:00:00,,,1
HIST26_490,500350,Factura,Abarrotes Inst. (7 días),Abarrotes Inst. (7 días),2026-02-14,532.0,0,532.0,Transferencia,Adquisición de mercancias,Pagado,2026-02-19,5,Pendiente,,2026-02-14T12:00:00,,,1
HIST26_491,4211,Factura,Paser / Araceli V. Padilla (14 dias),Paser / Araceli V. Padilla (14 dias),2026-02-16,1750.0,0,1750.0,Transferencia,Adquisición de mercancias,Pendiente,2026-03-18,30,Pendiente,,2026-02-16T12:00:00,,,1
HIST26_492,716049,Factura,Casa Reza (7 días),Casa Reza (7 días),2026-02-13,3880.0,0,3880.0,Transferencia,Adquisición de mercancias,Pagado,2026-02-18,5,Pendiente,,2026-02-13T12:00:00,,,1
HIST26_493,73167,Factura,PROMAR DEL NORTE (14 DÍAS),PROMAR DEL NORTE (14 DÍAS),2026-02-13,4169.9,0,4169.9,Transferencia,Adquisición de mercancias,Pagado,2026-02-27,14,Pendiente,,2026-02-13T12:00:00,,,1
HIST26_494,115532,Factura,Abarrotes Inst. (7 días),Abarrotes Inst. (7 días),2026-02-13,1216.32,0,1216.32,Transferencia,Adquisición de mercancias,Pagado,2026-02-18,5,Pendiente,,2026-02-13T12:00:00,,,1
HIST26_495,114670,Factura,Diplas / Hector A Portillo (20 días),Diplas / Hector A Portillo (20 días),2026-02-11,762.19,0,762.19,Transferencia,Gastos en General,Pagado,2026-02-26,15,Pendiente,,2026-02-11T12:00:00,,,1
HIST26_496,63115,Factura,KEY QUÍMICA (14 DÍAS),KEY QUÍMICA (14 DÍAS),2026-02-13,1161.54,0,1161.54,Transferencia,Gastos en General,Pagado,2026-02-27,14,Pendiente,,2026-02-13T12:00:00,,,1
HIST26_497,25190,Factura,Quesos y + Quesos / Armando Villanueva (7 días),Quesos y + Quesos / Armando Villanueva (7 días),2026-02-16,2921.0,0,2921.0,Transferencia,Adquisición de mercancias,Pagado,2026-02-21,5,Pendiente,,2026-02-16T12:00:00,,,1
HIST26_498,79526,Factura,DIPACSA (7 días),DIPACSA (7 días),2026-02-17,1808.0,0,1808.0,Transferencia,Adquisición de mercancias,Pagado,2026-02-22,5,Pendiente,,2026-02-17T12:00:00,,,1
HIST26_499,,Factura,City Club,City Club,2026-02-13,730.0,0,730.0,Tarjeta,Adquisición de mercancias,Pagado,,0,No aplíca,,2026-02-13T12:00:00,,,1
HIST26_500,,Factura,WALMART,WALMART,2026-02-13,172.0,0,172.0,Tarjeta,Adquisición de mercancias,Pagado,,0,No aplíca,,2026-02-13T12:00:00,,,1
HIST26_501,,Factura,Alsuper,Alsuper,2026-02-16,3384.81,0,3384.81,Tarjeta,Adquisición de mercancias,Pagado,,0,No aplíca,,2026-02-16T12:00:00,,,1
HIST26_502,31902,Factura,SUKARNE,SUKARNE,2026-02-16,5039.01,0,5039.01,Tarjeta,Adquisición de mercancias,Pagado,,0,No aplíca,,2026-02-16T12:00:00,,,1
HIST26_503,31901,Factura,SUKARNE,SUKARNE,2026-02-16,4431.55,0,4431.55,Tarjeta,Adquisición de mercancias,Pagado,,0,No aplíca,,2026-02-16T12:00:00,,,1
HIST26_504,31903,Factura,SUKARNE,SUKARNE,2026-02-16,4142.0,0,4142.0,Tarjeta,Adquisición de mercancias,Pagado,,0,No aplíca,,2026-02-16T12:00:00,,,1
HIST26_505,,Factura,SORIANA,SORIANA,2026-02-14,187.0,0,187.0,Tarjeta,Adquisición de mercancias,Pagado,,0,No aplíca,,2026-02-14T12:00:00,,,1
HIST26_506,,Factura,Alsuper,Alsuper,2026-02-13,515.0,0,515.0,Tarjeta,Adquisición de mercancias,Pagado,,0,No aplíca,,2026-02-13T12:00:00,,,1
HIST26_507,,Factura,Alsuper,Alsuper,2026-02-13,256.02,0,256.02,Tarjeta,Adquisición de mercancias,Pagado,,0,No aplíca,,2026-02-13T12:00:00,,,1
HIST26_508,43698,Factura,Home Depot,Home Depot,2026-02-13,2785.0,0,2785.0,Tarjeta,Gastos en General,Pagado,,0,No aplíca,,2026-02-13T12:00:00,,,1
HIST26_509,,Factura,Alsuper,Alsuper,2026-02-05,249.6,0,249.6,Tarjeta,Adquisición de mercancias,Pagado,,0,No aplíca,,2026-02-05T12:00:00,,,1
HIST26_510,,Factura,Alsuper,Alsuper,2026-02-08,437.67,0,437.67,Tarjeta,Adquisición de mercancias,Pagado,,0,No aplíca,,2026-02-08T12:00:00,,,1
HIST26_511,,Factura,Alsuper,Alsuper,2026-02-12,373.0,0,373.0,Tarjeta,Adquisición de mercancias,Pagado,,0,No aplíca,,2026-02-12T12:00:00,,,1
HIST26_512,,Factura,Alsuper,Alsuper,2026-02-13,747.84,0,747.84,Tarjeta,Adquisición de mercancias,Pagado,,0,No aplíca,,2026-02-13T12:00:00,,,1
HIST26_513,363690,Factura,Casa Myers,Casa Myers,2026-02-14,446.36,0,446.36,Tarjeta,Gastos en General,Pagado,,0,No aplíca,,2026-02-14T12:00:00,,,1
HIST26_514,39813748,Factura,Bachoco,Bachoco,2026-02-16,22810.27,0,22810.27,Tarjeta,Adquisición de mercancias,Pagado,,0,No aplíca,,2026-02-16T12:00:00,,,1
HIST26_515,,,Nomina / Nómina,Nomina / Nómina,2026-02-13,13668.4,0,13668.4,Cheque,Gastos en General,Pagado,,0,No aplíca,,2026-02-13T12:00:00,,,1
HIST26_516,39794329,Factura,Bachoco,Bachoco,2026-02-13,18650.74,0,18650.74,Tarjeta,Adquisición de mercancias,Pagado,,0,No aplíca,,2026-02-13T12:00:00,,,1
HIST26_517,11096,Factura,Mallas Estrella,Mallas Estrella,2026-02-05,514.5,0,514.5,Tarjeta,Gastos en General,Pagado,,0,No aplíca,,2026-02-05T12:00:00,,,1
HIST26_518,247028,Factura,Interceramic,Interceramic,2026-02-13,4692.15,0,4692.15,Tarjeta,Adquisición de mercancias,Pagado,,0,No aplíca,,2026-02-13T12:00:00,,,1
HIST26_519,57119,Factura,Centro Tablaroquero,Centro Tablaroquero,2026-02-13,2093.0,0,2093.0,Tarjeta,Gastos en General,Pagado,,0,No aplíca,,2026-02-13T12:00:00,,,1
HIST26_520,,,Salvador Macías,Salvador Macías,2026-02-18,9900.0,0,9900.0,Transferencia,Gastos en General,Pagado,2026-02-18,0,Pendiente,,2026-02-18T12:00:00,,,1
HIST26_521,,Factura,ANDRES EDUARDO ALVIDREZ BALDENEA,ANDRES EDUARDO ALVIDREZ BALDENEA,2026-02-16,7660.0,0,7660.0,Transferencia,Adquisición de mercancias,Pagado,2026-02-19,3,Pendiente,,2026-02-16T12:00:00,,,1
HIST26_522,026381,Factura,INIX COMERCIAL (20 DÍAS),INIX COMERCIAL (20 DÍAS),2026-02-18,2791.78,0,2791.78,Transferencia,Adquisición de mercancias,Pendiente,2026-03-10,20,Pendiente,,2026-02-18T12:00:00,,,1
HIST26_523,17480,Factura,ERO Grande (20 días),ERO Grande (20 días),2026-02-17,1500.0,0,1500.0,Transferencia,Adquisición de mercancias,Pendiente,2026-03-03,14,Pendiente,,2026-02-17T12:00:00,,,1
HIST26_524,31854,Factura,Colesa (7 días),Colesa (7 días),2026-02-17,1142.86,0,1142.86,Transferencia,Adquisición de mercancias,Pagado,2026-02-22,5,Pendiente,,2026-02-17T12:00:00,,,1
HIST26_525,9255,Remisión,La Cosecha / Guadalupe Caro S. (14 días),La Cosecha / Guadalupe Caro S. (14 días),2026-02-18,1761.0,0,1761.0,Transferencia,Adquisición de mercancias,Pendiente,2026-03-04,14,Pendiente,,2026-02-18T12:00:00,,,1
HIST26_526,63554,Factura,EMPAQUES Y ENVASES/JOSE LUIS MORALES GARCIA (7 días),EMPAQUES Y ENVASES/JOSE LUIS MORALES GARCIA (7 días),2026-02-17,795.86,0,795.86,Transferencia,Gastos en General,Pagado,2026-02-22,5,Pendiente,,2026-02-17T12:00:00,,,1
HIST26_527,17022026,Factura,Tartaras - Luz Alicia Rodríguez Ponce,Tartaras - Luz Alicia Rodríguez Ponce,2026-02-17,651.0,0,651.0,Transferencia,Adquisición de mercancias,Pagado,2026-02-22,5,Pendiente,,2026-02-17T12:00:00,,,1
HIST26_528,31870,Factura,Colesa (7 días),Colesa (7 días),2026-02-18,1639.6,0,1639.6,Transferencia,Adquisición de mercancias,Pagado,2026-02-23,5,Pendiente,,2026-02-18T12:00:00,,,1
HIST26_529,43916,Factura,"AGYDSA ""Aceite"" (7 días)","AGYDSA ""Aceite"" (7 días)",2026-02-18,2880.0,0,2880.0,Transferencia,Adquisición de mercancias,Pagado,2026-02-23,5,Pendiente,,2026-02-18T12:00:00,,,1
HIST26_530,351776,Factura,Interceramic,Interceramic,2026-02-16,955.98,0,955.98,Tarjeta,Adquisición de mercancias,Pagado,,0,No aplíca,,2026-02-16T12:00:00,,,1
HIST26_531,57183,Factura,Centro Tablaroquero,Centro Tablaroquero,2026-02-16,373.0,0,373.0,Tarjeta,Gastos en General,Pagado,,0,No aplíca,,2026-02-16T12:00:00,,,1
HIST26_532,363818,Factura,Casa Myers,Casa Myers,2026-02-17,48.06,0,48.06,Tarjeta,Gastos en General,Pagado,,0,No aplíca,,2026-02-17T12:00:00,,,1
HIST26_533,,Factura,Alsuper,Alsuper,2026-02-18,440.98,0,440.98,Tarjeta,Adquisición de mercancias,Pagado,,0,No aplíca,,2026-02-18T12:00:00,,,1
HIST26_534,,Factura,Alsuper,Alsuper,2026-02-18,71.8,0,71.8,Tarjeta,Adquisición de mercancias,Pagado,,0,No aplíca,,2026-02-18T12:00:00,,,1
HIST26_535,31932,Factura,SUKARNE,SUKARNE,2026-02-18,5485.94,0,5485.94,Tarjeta,Adquisición de mercancias,Pagado,,0,No aplíca,,2026-02-18T12:00:00,,,1
HIST26_536,31931,Factura,SUKARNE,SUKARNE,2026-02-18,5374.21,0,5374.21,Tarjeta,Adquisición de mercancias,Pagado,,0,No aplíca,,2026-02-18T12:00:00,,,1
HIST26_537,,Factura,Alsuper,Alsuper,2026-02-17,70.07,0,70.07,Tarjeta,Adquisición de mercancias,Pagado,,0,No aplíca,,2026-02-17T12:00:00,,,1
HIST26_538,,Factura,Costco,Costco,2026-02-16,3908.79,0,3908.79,Tarjeta,Adquisición de mercancias,Pagado,,0,No aplíca,,2026-02-16T12:00:00,,,1
HIST26_539,,Factura,City Club,City Club,2026-02-16,240.0,0,240.0,Tarjeta,Gastos en General,Pagado,,0,No aplíca,,2026-02-16T12:00:00,,,1
HIST26_540,,Factura,Sam's Club,Sam's Club,2026-02-16,471.0,0,471.0,Tarjeta,Adquisición de mercancias,Pagado,,0,No aplíca,,2026-02-16T12:00:00,,,1
HIST26_541,,Factura,Alsuper,Alsuper,2026-02-17,254.7,0,254.7,Tarjeta,Adquisición de mercancias,Pagado,,0,No aplíca,,2026-02-17T12:00:00,,,1
HIST26_542,31916,Factura,SUKARNE,SUKARNE,2026-02-17,5089.56,0,5089.56,Tarjeta,Adquisición de mercancias,Pagado,,0,No aplíca,,2026-02-17T12:00:00,,,1
HIST26_543,31918,Factura,SUKARNE,SUKARNE,2026-02-17,4656.5,0,4656.5,Tarjeta,Adquisición de mercancias,Pagado,,0,No aplíca,,2026-02-17T12:00:00,,,1
HIST26_544,5256,Factura,Resistencias y Controles (CALOR ELECTRICO DE CHIH),Resistencias y Controles (CALOR ELECTRICO DE CHIH),2026-02-18,276.08,0,276.08,Tarjeta,Gastos en General,Pagado,,0,No aplíca,,2026-02-18T12:00:00,,,1
HIST26_545,2827,Factura,SURTIDORA BOTANAS (7 DÍAS),SURTIDORA BOTANAS (7 DÍAS),2026-02-19,576.24,0,576.24,Transferencia,Adquisición de mercancias,Pagado,2026-02-24,5,Pendiente,,2026-02-19T12:00:00,,,1
HIST26_546,7885,Factura,Angel Villanueva Tarin (Techos),Angel Villanueva Tarin (Techos),2026-02-21,38000.0,0,38000.0,Transferencia,Gastos en General,Pagado,2026-02-21,0,Pendiente,,2026-02-21T12:00:00,,,1
HIST26_547,0511,Remisión,NARANJA Y LIMÓN / Maria Guadalupe Fierro (7 DÍAS),NARANJA Y LIMÓN / Maria Guadalupe Fierro (7 DÍAS),2026-02-19,2085.0,0,2085.0,Transferencia,Adquisición de mercancias,Pagado,2026-02-24,5,Pendiente,,2026-02-19T12:00:00,,,1
HIST26_548,79590,Factura,DIPACSA (7 días),DIPACSA (7 días),2026-02-19,3359.0,0,3359.0,Transferencia,Adquisición de mercancias,Pagado,2026-02-24,5,Pendiente,,2026-02-19T12:00:00,,,1
HIST26_549,73252,Factura,PROMAR DEL NORTE (14 DÍAS),PROMAR DEL NORTE (14 DÍAS),2026-02-18,2860.2,0,2860.2,Transferencia,Adquisición de mercancias,Pendiente,2026-03-04,14,Pendiente,,2026-02-18T12:00:00,,,1
HIST26_550,131428,Factura,Colesa (7 días),Colesa (7 días),2026-02-19,1948.8,0,1948.8,Transferencia,Adquisición de mercancias,Pagado,2026-02-24,5,Pendiente,,2026-02-19T12:00:00,,,1
HIST26_551,25271,Factura,Quesos y + Quesos / Armando Villanueva (7 días),Quesos y + Quesos / Armando Villanueva (7 días),2026-02-20,2398.25,0,2398.25,Transferencia,Adquisición de mercancias,Pagado,2026-02-25,5,Pendiente,,2026-02-20T12:00:00,,,1
HIST26_552,20022026,Factura,Salsa La Moncha / Janeth Gonzalez (14 días),Salsa La Moncha / Janeth Gonzalez (14 días),2026-02-20,705.0,0,705.0,Transferencia,Adquisición de mercancias,Pagado,2026-02-25,5,Pendiente,,2026-02-20T12:00:00,,,1
HIST26_553,63652,Factura,EMPAQUES Y ENVASES/JOSE LUIS MORALES GARCIA (7 días),EMPAQUES Y ENVASES/JOSE LUIS MORALES GARCIA (7 días),2026-02-20,696.0,0,696.0,Transferencia,Adquisición de mercancias,Pagado,2026-02-25,5,Pendiente,,2026-02-20T12:00:00,,,1
HIST26_554,73283,Factura,PROMAR DEL NORTE (14 DÍAS),PROMAR DEL NORTE (14 DÍAS),2026-02-19,2860.2,0,2860.2,Transferencia,Adquisición de mercancias,Pendiente,2026-03-05,14,Pendiente,,2026-02-19T12:00:00,,,1
HIST26_555,4225,Factura,Paser / Araceli V. Padilla (14 dias),Paser / Araceli V. Padilla (14 dias),2026-02-19,1750.0,0,1750.0,Transferencia,Adquisición de mercancias,Pagado,2026-02-24,5,Pendiente,,2026-02-19T12:00:00,,,1
HIST26_556,18022026,Factura,LUZ ALICIA RODRIGUEZ (7 DÍAS),LUZ ALICIA RODRIGUEZ (7 DÍAS),2026-02-18,598.5,0,598.5,Transferencia,Adquisición de mercancias,Pagado,2026-02-23,5,Pendiente,,2026-02-18T12:00:00,,,1
HIST26_557,73296,Factura,PROMAR DEL NORTE (14 DÍAS),PROMAR DEL NORTE (14 DÍAS),2026-02-20,2860.2,0,2860.2,Transferencia,Adquisición de mercancias,Pendiente,2026-03-06,14,Pendiente,,2026-02-20T12:00:00,,,1
HIST26_558,115076,Factura,Diplas / Hector A Portillo (20 días),Diplas / Hector A Portillo (20 días),2026-02-20,1934.52,0,1934.52,Transferencia,Gastos en General,Pendiente,2026-03-06,14,Pendiente,,2026-02-20T12:00:00,,,1
HIST26_559,52390,Factura,Papas Santa Fe / Procepap (7 dias),Papas Santa Fe / Procepap (7 dias),2026-02-19,1263.0,0,1263.0,Transferencia,Adquisición de mercancias,Pagado,2026-02-24,5,Pendiente,,2026-02-19T12:00:00,,,1
HIST26_560,742,Factura,Dumbo / Diana Silva Ponce (12 días),Dumbo / Diana Silva Ponce (12 días),2026-02-17,640.0,0,640.0,Transferencia,Adquisición de mercancias,Pagado,2026-02-22,5,Pendiente,,2026-02-17T12:00:00,,,1
HIST26_561,146916,Factura,Abarrotes Inst. (7 días),Abarrotes Inst. (7 días),2026-02-19,532.0,0,532.0,Transferencia,Adquisición de mercancias,Pagado,2026-02-24,5,Pendiente,,2026-02-19T12:00:00,,,1
HIST26_562,131489,Factura,Colesa (7 días),Colesa (7 días),2026-02-20,1187.7,0,1187.7,Transferencia,Adquisición de mercancias,Pagado,2026-02-25,5,Pendiente,,2026-02-20T12:00:00,,,1
HIST26_563,026423,Factura,INIX COMERCIAL (20 DÍAS),INIX COMERCIAL (20 DÍAS),2026-02-20,5379.38,0,5379.38,Transferencia,Gastos en General,Pendiente,2026-03-12,20,Pendiente,,2026-02-20T12:00:00,,,1
HIST26_564,2849,Factura,SURTIDORA BOTANAS (7 DÍAS),SURTIDORA BOTANAS (7 DÍAS),2026-02-20,635.04,0,635.04,Transferencia,Adquisición de mercancias,Pagado,2026-02-25,5,Pendiente,,2026-02-20T12:00:00,,,1
HIST26_565,73308,Factura,PROMAR DEL NORTE (14 DÍAS),PROMAR DEL NORTE (14 DÍAS),2026-02-20,1963.5,0,1963.5,Transferencia,Adquisición de mercancias,Pendiente,2026-03-06,14,Pendiente,,2026-02-20T12:00:00,,,1
HIST26_566,6876,Factura,Chocolate Mayordomo de Oaxaca,Chocolate Mayordomo de Oaxaca,2026-02-20,5475.87,0,5475.87,Tarjeta,Adquisición de mercancias,Pagado,,0,No aplíca,,2026-02-20T12:00:00,,,1
HIST26_567,,,Nomina / Nómina,Nomina / Nómina,2026-02-20,15946.4,0,15946.4,Cheque,Gastos en General,Pagado,,0,No aplíca,,2026-02-20T12:00:00,,,1
HIST26_568,482757,Factura,Casa Myers,Casa Myers,2026-02-18,1912.93,0,1912.93,Tarjeta,Gastos en General,Pagado,,0,No aplíca,,2026-02-18T12:00:00,,,1
HIST26_569,,Factura,Sam's Club,Sam's Club,2026-02-18,2126.42,0,2126.42,Tarjeta,Adquisición de mercancias,Pagado,,0,No aplíca,,2026-02-18T12:00:00,,,1
HIST26_570,,Factura,Costco,Costco,2026-02-18,3889.77,0,3889.77,Tarjeta,Adquisición de mercancias,Pagado,,0,No aplíca,,2026-02-18T12:00:00,,,1
HIST26_571,31970,Factura,SUKARNE,SUKARNE,2026-02-20,3155.29,0,3155.29,Tarjeta,Adquisición de mercancias,Pagado,,0,No aplíca,,2026-02-20T12:00:00,,,1
HIST26_572,31969,Factura,SUKARNE,SUKARNE,2026-02-20,4724.56,0,4724.56,Tarjeta,Adquisición de mercancias,Pagado,,0,No aplíca,,2026-02-20T12:00:00,,,1
HIST26_573,"152,38",Factura,Alsuper,Alsuper,2026-02-20,152.38,0,152.38,Tarjeta,Adquisición de mercancias,Pagado,,0,No aplíca,,2026-02-20T12:00:00,,,1
HIST26_574,,,GELOS MARKET,GELOS MARKET,2026-02-20,199.08,0,199.08,Tarjeta,Adquisición de mercancias,Pagado,,0,No aplíca,,2026-02-20T12:00:00,,,1
HIST26_575,,Factura,Sam's Club,Sam's Club,2026-02-19,292.0,0,292.0,Tarjeta,Adquisición de mercancias,Pagado,,0,No aplíca,,2026-02-19T12:00:00,,,1
HIST26_576,,Factura,City Club,City Club,2026-02-19,525.0,0,525.0,Tarjeta,Adquisición de mercancias,Pagado,,0,No aplíca,,2026-02-19T12:00:00,,,1
HIST26_577,,Factura,Costco,Costco,2026-02-19,589.2,0,589.2,Tarjeta,Adquisición de mercancias,Pagado,,0,No aplíca,,2026-02-19T12:00:00,,,1
HIST26_578,,Factura,Alsuper,Alsuper,2026-02-17,301.0,0,301.0,Tarjeta,Adquisición de mercancias,Pagado,,0,No aplíca,,2026-02-17T12:00:00,,,1
HIST26_579,,Factura,Alsuper,Alsuper,2026-02-19,143.6,0,143.6,Tarjeta,Adquisición de mercancias,Pagado,,0,No aplíca,,2026-02-19T12:00:00,,,1
HIST26_580,,Factura,Alsuper,Alsuper,2026-02-19,59.5,0,59.5,Tarjeta,Adquisición de mercancias,Pagado,,0,No aplíca,,2026-02-19T12:00:00,,,1
HIST26_581,,Factura,ADOSA,ADOSA,2026-02-19,231.5,0,231.5,Tarjeta,Gastos en General,Pagado,,0,No aplíca,,2026-02-19T12:00:00,,,1
HIST26_582,39831490,Factura,Bachoco,Bachoco,2026-02-18,20766.09,0,20766.09,Tarjeta,Adquisición de mercancias,Pagado,,0,No aplíca,,2026-02-18T12:00:00,,,1
HIST26_583,39847940,Factura,Bachoco,Bachoco,2026-02-19,21466.18,0,21466.18,Tarjeta,Adquisición de mercancias,Pagado,,0,No aplíca,,2026-02-19T12:00:00,,,1
HIST26_584,0512,Remisión,NARANJA Y LIMÓN / Maria Guadalupe Fierro (7 DÍAS),NARANJA Y LIMÓN / Maria Guadalupe Fierro (7 DÍAS),2026-02-21,720.0,0,720.0,Transferencia,Adquisición de mercancias,Pagado,2026-02-26,5,Pendiente,,2026-02-21T12:00:00,,,1
HIST26_585,1094,Factura,RAMON MANUEL FRIAS RUIZ,RAMON MANUEL FRIAS RUIZ,2026-02-20,812.0,0,812.0,Transferencia,Gastos en General,Pagado,2026-02-24,4,Pendiente,,2026-02-20T12:00:00,,,1
HIST26_586,21503,Factura,Aseo y Recolección Estrada (14 días),Aseo y Recolección Estrada (14 días),2026-02-03,2156.82,0,2156.82,Transferencia,Gastos en General,Pagado,2026-02-24,21,Pendiente,,2026-02-03T12:00:00,,,1
HIST26_587,,,RAUL ENRIQUE DELGADO V,RAUL ENRIQUE DELGADO V,2026-02-23,5800.0,0,5800.0,Transferencia,Gastos en General,Pagado,2026-02-24,1,Pendiente,,2026-02-23T12:00:00,,,1
HIST26_588,,,NOMINA,NOMINA,2026-02-20,22704.2,0,22704.2,Transferencia,Gastos en General,Pagado,2026-02-20,0,Pendiente,,2026-02-20T12:00:00,,,1
HIST26_589,,,AB Pollo,AB Pollo,2026-02-19,2814.66,0,2814.66,Transferencia,Gastos en General,Pagado,2026-02-19,0,Pendiente,,2026-02-19T12:00:00,,,1
HIST26_590,,,SODEXO,SODEXO,2026-02-19,2814.66,0,2814.66,Transferencia,Gastos en General,Pagado,2026-02-19,0,Pendiente,,2026-02-19T12:00:00,,,1
HIST26_591,9309,Remisión,La Cosecha / Guadalupe Caro S. (14 días),La Cosecha / Guadalupe Caro S. (14 días),2026-02-24,1092.0,0,1092.0,Transferencia,Adquisición de mercancias,Pendiente,2026-03-03,7,Pendiente,,2026-02-24T12:00:00,,,1
HIST26_592,0512,Remisión,NARANJA Y LIMÓN / Maria Guadalupe Fierro (7 DÍAS),NARANJA Y LIMÓN / Maria Guadalupe Fierro (7 DÍAS),2026-02-21,720.0,0,720.0,Transferencia,Adquisición de mercancias,Pagado,2026-02-26,5,Pendiente,,2026-02-21T12:00:00,,,1
HIST26_593,79692,Factura,DIPACSA (7 días),DIPACSA (7 días),2026-02-24,1808.0,0,1808.0,Transferencia,Adquisición de mercancias,Pagado,2026-03-01,5,Pendiente,,2026-02-24T12:00:00,,,1
HIST26_594,73316,Factura,PROMAR DEL NORTE (14 DÍAS),PROMAR DEL NORTE (14 DÍAS),2026-02-21,3729.55,0,3729.55,Transferencia,Adquisición de mercancias,Pendiente,2026-03-07,14,Pendiente,,2026-02-21T12:00:00,,,1
HIST26_595,63684,Factura,EMPAQUES Y ENVASES/JOSE LUIS MORALES GARCIA (7 días),EMPAQUES Y ENVASES/JOSE LUIS MORALES GARCIA (7 días),2026-02-21,979.2,0,979.2,Transferencia,Gastos en General,Pagado,2026-02-26,5,Pendiente,,2026-02-21T12:00:00,,,1
HIST26_596,131666,Factura,Colesa (7 días),Colesa (7 días),2026-02-23,346.5,0,346.5,Transferencia,Adquisición de mercancias,Pagado,2026-02-28,5,Pendiente,,2026-02-23T12:00:00,,,1
HIST26_597,22494,Factura,Productos Joe / Ernesto Jacquez Ochoa (14 días),Productos Joe / Ernesto Jacquez Ochoa (14 días),2026-02-24,806.4,0,806.4,Transferencia,Adquisición de mercancias,Pendiente,2026-03-01,5,Pendiente,,2026-02-24T12:00:00,,,1
HIST26_598,31948,Factura,Colesa (7 días),Colesa (7 días),2026-02-24,859.15,0,859.15,Transferencia,Adquisición de mercancias,Pagado,2026-03-01,5,Pendiente,,2026-02-24T12:00:00,,,1
HIST26_599,2869,Factura,SURTIDORA BOTANAS (7 DÍAS),SURTIDORA BOTANAS (7 DÍAS),2026-02-23,2740.0,0,2740.0,Transferencia,Adquisición de mercancias,Pagado,2026-02-28,5,Pendiente,,2026-02-23T12:00:00,,,1
HIST26_600,25331,Factura,Quesos y + Quesos / Armando Villanueva (7 días),Quesos y + Quesos / Armando Villanueva (7 días),2026-02-24,2451.25,0,2451.25,Transferencia,Adquisición de mercancias,Pendiente,2026-03-01,5,Pendiente,,2026-02-24T12:00:00,,,1
HIST26_601,5067,Factura,Fumigaciones Aguirre (14 días),Fumigaciones Aguirre (14 días),2026-02-24,1189.0,0,1189.0,Transferencia,Gastos en General,Pendiente,2026-03-10,14,Pendiente,,2026-02-24T12:00:00,,,1
HIST26_602,131613,Factura,Colesa (7 días),Colesa (7 días),2026-02-21,2133.0,0,2133.0,Transferencia,Adquisición de mercancias,Pagado,2026-02-26,5,Pendiente,,2026-02-21T12:00:00,,,1
HIST26_603,131654,Factura,Colesa (7 días),Colesa (7 días),2026-02-23,597.1,0,597.1,Transferencia,Adquisición de mercancias,Pagado,2026-02-28,5,Pendiente,,2026-02-23T12:00:00,,,1
HIST26_604,4247,Factura,Ma Eugenia Payan / Tortillas (14 días),Ma Eugenia Payan / Tortillas (14 días),2026-02-17,6888.5,0,6888.5,Transferencia,Adquisición de mercancias,Pendiente,2026-03-03,14,Pendiente,,2026-02-17T12:00:00,,,1
HIST26_605,2864,Factura,SURTIDORA BOTANAS (7 DÍAS),SURTIDORA BOTANAS (7 DÍAS),2026-02-23,1257.33,0,1257.33,Transferencia,Adquisición de mercancias,Pagado,2026-02-28,5,Pendiente,,2026-02-23T12:00:00,,,1
HIST26_606,23022026,Factura,Salsa La Moncha / Janeth Gonzalez (14 días),Salsa La Moncha / Janeth Gonzalez (14 días),2026-02-23,280.0,0,280.0,Transferencia,Adquisición de mercancias,Pagado,2026-02-28,5,Pendiente,,2026-02-23T12:00:00,,,1
HIST26_607,115655,Factura,Abarrotes Inst. (7 días),Abarrotes Inst. (7 días),2026-02-23,2429.0,0,2429.0,Transferencia,Adquisición de mercancias,Pagado,2026-02-28,5,Pendiente,,2026-02-23T12:00:00,,,1
HIST26_608,79651,Factura,DIPACSA (7 días),DIPACSA (7 días),2026-02-21,1724.0,0,1724.0,Transferencia,Adquisición de mercancias,Pagado,2026-02-26,5,Pendiente,,2026-02-21T12:00:00,,,1
HIST26_609,1551,Factura,NANCY J MATA ARMENDARIZ,NANCY J MATA ARMENDARIZ,2026-02-25,4233.0,0,4233.0,Transferencia,Adquisición de mercancias,Pagado,2026-02-26,1,Pendiente,,2026-02-25T12:00:00,,,1
HIST26_610,,,NOMINA,NOMINA,2026-02-26,20366.2,0,20366.2,Transferencia,Gastos en General,Pagado,2026-02-26,0,Pendiente,,2026-02-26T12:00:00,,,1
HIST26_611,,,SODEXO,SODEXO,2026-02-26,2566.3,0,2566.3,Transferencia,Gastos en General,Pagado,2026-02-26,0,Pendiente,,2026-02-26T12:00:00,,,1
HIST26_612,752033,Factura,Combustibles del Bosque,Combustibles del Bosque,2026-02-26,463.8,0,463.8,Tarjeta,Gastos en General,Pagado,2026-02-26,0,No aplíca,,2026-02-26T12:00:00,,,1
HIST26_613,,Factura,Casa Myers,Casa Myers,2026-02-26,1401.12,0,1401.12,Tarjeta,Gastos en General,Pagado,,0,No aplíca,,2026-02-26T12:00:00,,,1
HIST26_614,,Factura,Casa Myers,Casa Myers,2026-02-26,438.96,0,438.96,Tarjeta,Gastos en General,Pagado,2026-02-26,0,No aplíca,,2026-02-26T12:00:00,,,1
HIST26_615,,,FONACOT,FONACOT,2026-02-27,2000.0,0,2000.0,Transferencia,Gastos en General,Pagado,2026-02-27,0,Pendiente,,2026-02-27T12:00:00,,,1
HIST26_616,,Factura,NR FINANCE MEXICO,NR FINANCE MEXICO,2026-02-27,7172.44,0,7172.44,Transferencia,Gastos en General,Pagado,2026-02-02,0,Pendiente,,2026-02-27T12:00:00,,,1
