ID,Fecha,DiaSemana,VentasDia,PagosRecibidos,Tarjeta,Transferencias,Cashback,StoreCredit,2ndoSocios,2ndoNominas,Sobre2,Cocina1,Cocina2,Cocina3,Produccion1,Produccion2,Produccion3,Casa1,Casa2,Express,Granja,FrutasVerduras,ProveedorVentas,MermasCanastas,Pedidos,Mixto,IvaAVenta,DepositoBBVA,FactClientes,FactGen1,FactGen2,FactGen3,FactGen4,FactGen5,FactGen6,FacturasCFDI,TotalFacturado,TotalXFacturar,FaltaFactura,Mes,MesNumero,Created_At,Updated_At
HIST25_0001,2025-01-01,Miércoles,205.0,0.0,0.0,0.0,0.0,0,0.0,0.0,0.0,0.0,0.0,0,0.0,0.0,0.0,0.0,0.0,0.0,0.0,0.0,0.0,0.0,0.0,176.0,0.0,0.0,0.0,0.0,0.0,0.0,0.0,0.0,0.0,,0.0,0.0,0.0,Enero,1,2026-03-01T17:54:53.519330,2026-03-01T17:54:53.519330
HIST25_0002,2025-01-02,Jueves,40551.02,41725.68,27430.64,0.0,0.0,0,5000.0,0.0,5000.0,5828.4,5881.0,0,650.0,1420.12,2838.97,2130.79,4089.01,8933.09,125.0,111.98,2027.78,0.0,-10.0,4170.0,900.94,9295.04,193.46,36708.54,0.0,0.0,0.0,0.0,0.0,1702-1703,36902.0,36725.68,-176.32,Enero,1,2026-03-01T17:54:53.519330,2026-03-01T17:54:53.519330
HIST25_0003,2025-01-03,Viernes,49352.47,48770.47,32764.13,0.0,0.0,0,5000.0,0.0,5000.0,6937.6,6548.5,0,819.0,2721.07,3700.26,1874.0,4500.37,11778.97,50.0,75.86,1235.5,0.0,0.0,6474.0,1317.58,11006.34,1681.56,42086.48,0.0,0.0,0.0,0.0,0.0,1704-1709,43768.04,43770.47,2.43,Enero,1,2026-03-01T17:54:53.519330,2026-03-01T17:54:53.519330
HIST25_0004,2025-01-04,Sábado,29214.87,29796.87,19656.86,304.0,0.0,0,4000.0,0.0,4000.0,4234.1,5028.0,0,711.0,861.83,2008.82,1549.33,2864.61,6174.37,80.0,23.52,763.04,0.0,20.0,3456.8,656.8,5836.01,0.0,25796.29,0.0,0.0,0.0,0.0,0.0,1741-1742,25796.29,25796.87,0.58,Enero,1,2026-03-01T17:54:53.519330,2026-03-01T17:54:53.519330
HIST25_0005,2025-01-05,Domingo,1108.5,0.0,0.0,0.0,0.0,0,0.0,0.0,0.0,125.0,48.0,0,0.0,56.0,78.0,0.0,0.0,359.12,0.0,0.0,62.0,0.0,0.0,261.0,51.38,0.0,0.0,0.0,0.0,0.0,0.0,0.0,0.0,,0.0,0.0,0.0,Enero,1,2026-03-01T17:54:53.519330,2026-03-01T17:54:53.519330
HIST25_0006,2025-01-06,Lunes,67688.7,68120.7,44187.26,502.91,0.0,0,4000.0,1400.0,5400.0,10490.4,10646.4,0,674.0,2916.55,4273.64,4041.03,6186.51,16778.73,215.0,123.64,1714.67,0.0,20.0,7467.0,1781.62,18030.53,976.9,61742.42,0.0,0.0,0.0,0.0,0.0,"1710,1711,1712,1745-1746",62719.32,62720.7,1.38,Enero,1,2026-03-01T17:54:53.519330,2026-03-01T17:54:53.519330
HIST25_0007,2025-01-07,Martes,63824.58,64501.08,41737.03,0.0,0.0,0,4000.0,1000.0,5000.0,10490.4,10646.4,0,674.0,2916.55,4273.64,4041.03,6186.51,16778.73,215.0,123.64,1714.67,0.0,20.0,7467.0,1781.62,17764.05,152.06,59348.97,0.0,0.0,0.0,0.0,0.0,"1716,1747,1748",59501.03,59501.08,0.05,Enero,1,2026-03-01T17:54:53.519330,2026-03-01T17:54:53.519330
HIST25_0008,2025-01-08,Miércoles,57983.86,57983.63,38222.59,0.0,0.0,0,0.0,0.0,0.0,7853.2,9730.2,0,681.0,3418.52,5659.14,3018.79,4680.48,12831.89,286.3,71.71,1667.03,0.0,49.0,6784.0,1252.37,19761.04,1047.5,56936.1,0.0,0.0,0.0,0.0,0.0,"1713,1714,1715,1749-1750-1751",57983.6,57983.63,0.03,Enero,1,2026-03-01T17:54:53.519330,2026-03-01T17:54:53.519330
HIST25_0009,2025-01-09,Jueves,51104.01,51104.01,31245.97,0.0,0.0,0,0.0,2500.0,2500.0,6598.7,8084.0,0,319.0,1458.12,4070.89,3055.5,4709.19,14163.75,243.8,151.22,1357.27,0.0,0.0,5504.0,1349.57,17358.04,0.0,48604.43,0.0,0.0,0.0,0.0,0.0,1752-1756,48604.43,48604.01,-0.42,Enero,1,2026-03-01T17:54:53.519330,2026-03-01T17:54:53.519330
HIST25_0010,2025-01-10,Viernes,26020.02,25623.02,20128.67,0.0,0.0,0,0.0,528.0,528.0,4097.7,4714.0,0,239.0,367.0,1333.47,778.0,1848.4,8640.44,113.79,66.32,648.69,18.0,10.0,2231.9,884.31,4966.35,211.14,24884.19,0.0,0.0,0.0,0.0,0.0,"1717, 1757",25095.33,25095.02,-0.31,Enero,1,2026-03-01T17:54:53.519330,2026-03-01T17:54:53.519330
HIST25_0011,2025-01-11,Sábado,29902.09,30299.09,18171.83,0.0,0.0,0,0.0,396.0,396.0,4311.5,4089.5,0,440.0,1370.87,1770.39,1455.0,2596.26,6174.9,282.59,61.67,1364.25,6.0,10.0,5143.0,826.16,11731.26,0.0,29902.07,0.0,0.0,0.0,0.0,0.0,1758,29902.07,29903.09,1.02,Enero,1,2026-03-01T17:54:53.519330,2026-03-01T17:54:53.519330
HIST25_0012,2025-01-13,Lunes,58672.69,58877.69,38759.67,1447.48,0.0,0,4000.0,1400.0,5400.0,8329.0,7679.0,0,835.0,1505.81,5754.57,2072.0,5347.22,16903.04,172.5,118.17,2063.38,9.0,10.0,6252.0,1622.0,13270.54,997.36,52480.12,0.0,0.0,0.0,0.0,0.0,"1718,1719,1720,1722,1759-1763",53477.48,53477.69,0.21,Enero,1,2026-03-01T17:54:53.519330,2026-03-01T17:54:53.519330
HIST25_0013,2025-01-14,Martes,61208.83,61208.83,36168.65,322.0,0.0,0,4000.0,1000.0,5000.0,7399.0,8028.0,0,565.0,2739.89,3501.97,3095.5,8404.09,15601.71,125.0,42.83,1821.06,12.0,10.0,8373.0,1489.78,19718.18,245.23,55963.08,0.0,0.0,0.0,0.0,0.0,"1721,1764-1768",56208.31,56208.83,0.52,Enero,1,2026-03-01T17:54:53.519330,2026-03-01T17:54:53.519330
HIST25_0014,2025-01-15,Miércoles,57983.77,57983.77,36796.3,465.0,0.0,0,0.0,0.0,0.0,8427.56,7290.44,0,440.0,2095.81,3240.28,3492.35,5550.09,16030.22,388.79,35.76,1407.7,12.0,10.0,7612.2,1774.17,20722.47,0.0,58121.77,0.0,0.0,0.0,0.0,0.0,1769-1773,58121.77,57983.77,-138.0,Enero,1,2026-03-01T17:54:53.519330,2026-03-01T17:54:53.519330
HIST25_0015,2025-01-16,Jueves,59552.77,59219.52,36862.81,568.0,0.0,0,0.0,9334.76,9334.76,8427.56,7290.44,0,440.0,2095.81,3240.28,3492.35,5550.09,16030.22,388.79,35.76,1407.7,12.0,10.0,7612.2,1774.17,12453.95,168.0,49717.74,0.0,0.0,0.0,0.0,0.0,"1723, 1774-1777",49885.74,49884.76,-0.98,Enero,1,2026-03-01T17:54:53.519330,2026-03-01T17:54:53.519330
HIST25_0016,2025-01-17,Viernes,50943.73,51276.98,33707.6,0.0,0.0,0,0.0,0.0,0.0,6855.0,6986.0,0,520.0,1569.11,2088.36,3209.29,6024.3,14593.6,200.0,4.18,1424.12,9.0,20.0,6012.2,1428.57,17569.38,310.99,50965.99,0.0,0.0,0.0,0.0,0.0,1724,51276.98,51276.98,0.0,Enero,1,2026-03-01T17:54:53.519330,2026-03-01T17:54:53.519330
HIST25_0017,2025-01-18,Sábado,36126.68,36126.68,23536.48,0.0,0.0,0,0.0,0.0,0.0,4663.5,4414.0,0,385.0,558.62,2976.31,1369.86,4148.73,7569.27,150.0,33.55,1564.1,15.0,20.0,7494.8,763.94,12590.2,0.0,36126.66,0.0,0.0,0.0,0.0,0.0,1778-1780,36126.66,36126.68,0.02,Enero,1,2026-03-01T17:54:53.519330,2026-03-01T17:54:53.519330
HIST25_0018,2025-01-20,Lunes,73296.9,73296.9,46624.31,0.0,0.0,0,4000.0,1400.0,5400.0,10095.5,10244.4,0,678.0,2172.34,5299.45,3378.39,8358.28,19029.33,350.0,129.81,2582.76,0.0,0.0,8941.5,2037.14,21272.59,0.0,67897.18,0.0,0.0,0.0,0.0,0.0,1781-1785,67897.18,67896.9,-0.28,Enero,1,2026-03-01T17:54:53.519330,2026-03-01T17:54:53.519330
HIST25_0019,2025-01-21,Martes,59276.34,58412.66,34413.17,402.2,0.0,0,4000.0,1000.0,5000.0,7125.9,9882.2,0,518.0,2502.59,5867.75,1798.86,4224.74,15675.72,302.58,260.43,1985.58,0.0,20.0,7243.0,1645.99,18597.29,525.64,52886.94,0.0,0.0,0.0,0.0,0.0,"1725,1726, 1786-1789",53412.58,53412.66,0.08,Enero,1,2026-03-01T17:54:53.519330,2026-03-01T17:54:53.519330
HIST25_0020,2025-01-22,Miércoles,54101.59,54965.27,37857.46,387.8,0.0,0,0.0,0.0,0.0,6960.29,6976.1,0,510.0,4309.02,5897.64,1675.64,4325.39,14628.29,188.79,198.28,1450.58,15.0,39.0,5353.0,1516.58,16720.01,92.75,54872.55,0.0,0.0,0.0,0.0,0.0,"1727, 1790-1793",54965.3,54965.27,-0.03,Enero,1,2026-03-01T17:54:53.519330,2026-03-01T17:54:53.519330
HIST25_0021,2025-01-23,Jueves,59573.44,59573.44,40340.86,85.0,0.0,0,0.0,560.0,560.0,6960.29,6976.1,0,510.0,4309.02,5897.63,1675.64,4325.39,14628.29,188.79,198.28,1450.58,15.0,39.0,5353.0,1516.58,18587.58,1010.5,58000.18,0.0,0.0,0.0,0.0,0.0,"1728, 1794-1797",59010.68,59013.44,2.76,Enero,1,2026-03-01T17:54:53.519330,2026-03-01T17:54:53.519330
HIST25_0022,2025-01-24,Viernes,46700.91,46700.91,29694.81,1077.0,0.0,0,0.0,0.0,0.0,5829.6,5450.0,0,290.0,1196.96,3618.13,2599.56,3532.44,14717.25,339.0,81.36,1380.03,0.0,39.0,6107.7,1461.88,15929.1,1347.7,45353.17,0.0,0.0,0.0,0.0,0.0,"1729-1731, 1798-1800",46700.87,46700.91,0.04,Enero,1,2026-03-01T17:54:53.519330,2026-03-01T17:54:53.519330
HIST25_0023,2025-01-25,Sábado,34040.36,34040.36,21603.95,362.0,0.0,0,0.0,0.0,0.0,4455.4,5972.0,0,320.0,2014.94,3207.97,1238.75,5090.05,6210.72,151.0,21.92,796.58,0.0,89.0,3708.0,764.03,12074.41,662.82,33377.56,0.0,0.0,0.0,0.0,0.0,"1732,1733, 1801-1802",34040.38,34040.36,-0.02,Enero,1,2026-03-01T17:54:53.519330,2026-03-01T17:54:53.519330
HIST25_0024,2025-01-27,Lunes,65428.2,64440.2,37992.35,301.06,0.0,0,4000.0,1400.0,5400.0,7950.3,8127.9,0,731.0,2145.04,6332.59,2828.7,5106.92,16682.24,385.99,91.85,2192.58,0.0,40.0,11119.0,1578.09,20746.79,0.0,58992.56,0.0,0.0,0.0,0.0,0.0,1803-1808,58992.56,59040.2,47.64,Enero,1,2026-03-01T17:54:53.519330,2026-03-01T17:54:53.519330
HIST25_0025,2025-01-28,Martes,62722.52,63710.52,42856.75,145.41,0.0,0,4000.0,1000.0,5000.0,8201.9,7720.0,0,633.0,2004.16,5423.9,2164.0,8376.92,15126.94,313.0,68.13,2150.65,0.0,20.0,8926.5,1477.42,15708.36,504.72,58014.57,0.0,0.0,0.0,0.0,0.0,"1734,1735,1736, 1809-1812",58519.29,58710.52,191.23,Enero,1,2026-03-01T17:54:53.519330,2026-03-01T17:54:53.519330
HIST25_0026,2025-01-29,Miércoles,56765.75,56765.75,32991.18,491.68,0.0,0,4000.0,0.0,4000.0,6781.0,8204.4,0,764.0,1061.63,3371.91,1957.13,4712.52,17732.66,388.29,251.75,2330.69,0.0,10.0,7342.0,1770.77,19282.89,1683.63,51194.92,0.0,0.0,0.0,0.0,0.0,"1737-1739, 1813-1816",52878.55,52765.75,-112.8,Enero,1,2026-03-01T17:54:53.519330,2026-03-01T17:54:53.519330
HIST25_0027,2025-01-30,Jueves,58590.76,58590.76,34621.66,0.0,0.0,0,4000.0,4397.0,8397.0,7882.78,7630.0,0,756.0,2009.56,2975.7,2405.72,5879.02,16725.68,415.8,149.81,1868.32,0.0,0.0,8074.0,1702.37,15572.1,203.16,50011.35,0.0,0.0,0.0,0.0,0.0,"1740, 1817-1821",50214.51,50193.76,-20.75,Enero,1,2026-03-01T17:54:53.519330,2026-03-01T17:54:53.519330
HIST25_0028,2025-01-31,Viernes,45918.73,45918.73,31049.56,0.0,0.0,0,0.0,0.0,0.0,5751.0,6141.8,0,922.5,725.34,1920.33,2108.99,3580.3,14563.56,277.58,161.69,2191.61,0.0,0.0,5913.0,1574.03,14869.17,116.0,45802.8,0.0,0.0,0.0,0.0,0.0,1822-1824,45918.8,45918.73,-0.07,Enero,1,2026-03-01T17:54:53.519330,2026-03-01T17:54:53.519330
HIST25_0029,2025-02-01,Sábado,26659.58,26659.58,16485.54,0.0,0.0,0,0.0,0.0,0.0,3832.5,3255.6,0,395.0,457.16,1674.45,1180.2,2786.74,5204.61,364.79,41.8,1266.58,0.0,20.0,5607.5,572.65,10174.04,0.0,12637.9,14021.66,0.0,0.0,0.0,0.0,,26659.56,26659.58,0.02,Febrero,2,2026-03-01T17:54:53.519330,2026-03-01T17:54:53.519330
HIST25_0030,2025-02-04,Martes,66320.14,66112.44,43440.12,636.2,0.0,0,4000.0,1400.0,5400.0,7577.71,9923.29,0,1065.0,2707.55,5630.19,2891.88,7387.95,15885.23,316.37,139.11,2969.78,0.0,0.0,8112.0,1714.08,16636.12,777.84,23632.53,14190.14,3330.29,7139.58,11711.39,0.0,,60781.77,60712.44,-69.33,Febrero,2,2026-03-01T17:54:53.519330,2026-03-01T17:54:53.519330
HIST25_0031,2025-02-05,Miércoles,68898.58,69354.48,41622.85,481.75,0.0,0,4000.0,1000.0,5000.0,8094.78,8811.4,0,1371.0,1118.64,5562.33,1715.7,6998.62,20187.35,376.79,69.99,2266.96,0.0,10.0,10031.0,2221.02,22249.88,714.13,10290.62,13223.55,14776.42,27283.47,0.0,0.0,,66288.19,64354.48,-1933.71,Febrero,2,2026-03-01T17:54:53.519330,2026-03-01T17:54:53.519330
HIST25_0032,2025-02-06,Jueves,54160.13,54780.73,35227.63,0.0,0.0,0,0.0,4490.0,4490.0,8094.78,8811.4,0,1371.0,1118.64,5562.33,1715.7,6998.62,20187.35,376.79,69.99,2266.96,0.0,10.0,10031.0,2221.02,15063.1,1185.64,19812.19,8768.96,14512.3,7984.12,0.0,0.0,,52263.21,50290.73,-1972.48,Febrero,2,2026-03-01T17:54:53.519330,2026-03-01T17:54:53.519330
HIST25_0033,2025-02-07,Viernes,55284.31,55284.31,34170.28,0.0,0.0,0,0.0,0.0,0.0,7901.4,5268.0,0,761.0,1258.28,3841.21,2185.8,5707.86,17242.76,238.79,121.73,1768.31,0.0,10.0,7161.0,1760.17,21114.03,1418.63,3968.38,26197.22,13046.73,8556.79,0.0,0.0,,53187.75,55284.31,2096.56,Febrero,2,2026-03-01T17:54:53.519330,2026-03-01T17:54:53.519330
HIST25_0034,2025-02-08,Sábado,27979.1,27979.1,18575.92,310.0,0.0,0,0.0,0.0,0.0,3574.6,3880.5,0,228.0,1834.56,2942.37,1198.1,3176.6,5077.98,25.0,36.32,1556.03,0.0,10.0,3896.2,513.84,9093.18,0.0,21379.44,6384.14,0.0,0.0,0.0,0.0,,27763.58,27979.1,215.52,Febrero,2,2026-03-01T17:54:53.519330,2026-03-01T17:54:53.519330
HIST25_0035,2025-02-10,Lunes,61258.46,61481.46,39194.59,0.0,0.0,0,4000.0,1400.0,5400.0,8094.78,8811.4,0,1371.0,1118.64,5562.33,1715.7,6998.62,20187.35,376.79,69.99,2266.96,0.0,10.0,10031.0,2221.02,16886.87,534.6,27529.13,14455.59,9827.8,0.0,0.0,0.0,,52347.12,56081.46,3734.34,Febrero,2,2026-03-01T17:54:53.519330,2026-03-01T17:54:53.519330
HIST25_0036,2025-02-11,Martes,61073.37,61073.37,37673.93,0.0,0.0,0,4000.0,1000.0,5000.0,7474.0,9206.5,0,625.0,1206.5,3698.31,2702.5,6845.32,16408.54,475.0,38.72,2493.03,9.0,10.0,8286.5,1565.45,18399.44,255.85,27081.3,14380.78,9775.29,6469.37,0.0,0.0,,57962.59,56073.37,-1889.22,Febrero,2,2026-03-01T17:54:53.519330,2026-03-01T17:54:53.519330
HIST25_0037,2025-02-12,Miércoles,55451.8,55451.8,34032.68,0.0,0.0,0,0.0,0.0,0.0,7669.6,6857.1,0,1002.5,2989.61,3828.13,2883.06,6531.99,14344.5,75.0,68.49,2098.23,9.0,10.0,5664.0,1362.59,21419.12,534.18,27620.44,13560.81,8942.23,4499.32,0.0,0.0,,55156.98,55451.8,294.82,Febrero,2,2026-03-01T17:54:53.519330,2026-03-01T17:54:53.519330
HIST25_0038,2025-02-13,Jueves,55760.99,55760.99,30958.78,894.0,0.0,0,0.0,2456.0,2456.0,8218.4,6712.0,0,550.0,3114.02,4134.84,2934.33,7274.96,11992.33,17.36,17.36,2372.26,0.0,10.0,6749.2,1373.29,21452.21,410.7,24884.05,14154.02,9987.92,5514.85,0.0,0.0,,54951.54,53304.99,-1646.55,Febrero,2,2026-03-01T17:54:53.519330,2026-03-01T17:54:53.519330
HIST25_0039,2025-02-14,Viernes,43243.11,43243.11,23442.19,872.35,0.0,0,0.0,1280.0,1280.0,5916.6,6099.0,0,583.0,2157.89,1912.56,1831.87,3842.53,12529.29,425.0,20.25,1539.19,0.0,49.0,4937.0,1320.93,17648.57,236.0,22554.51,12065.24,6608.23,0.0,0.0,0.0,,41463.98,41963.11,499.13,Febrero,2,2026-03-01T17:54:53.519330,2026-03-01T17:54:53.519330
HIST25_0040,2025-02-15,Sábado,26828.39,26828.39,16349.77,0.0,0.0,0,0.0,0.0,0.0,2916.6,3271.0,0,485.0,1252.28,3736.92,1156.53,2676.14,6765.63,0.0,17.13,1077.69,12.0,10.0,2683.0,739.47,10478.62,0.0,19943.3,6813.12,0.0,0.0,0.0,0.0,,26756.42,26828.39,71.97,Febrero,2,2026-03-01T17:54:53.519330,2026-03-01T17:54:53.519330
HIST25_0041,2025-02-17,Lunes,72428.55,72428.55,48005.74,0.0,0.0,0,4000.0,1400.0,5400.0,8716.6,9937.8,0,1198.0,2840.45,4995.38,3342.85,7446.85,18943.06,0.0,105.44,2602.21,12.0,0.0,10060.9,2140.01,19022.81,0.0,31538.17,16470.68,10555.2,7725.19,0.0,0.0,,66289.24,67028.55,739.31,Febrero,2,2026-03-01T17:54:53.519330,2026-03-01T17:54:53.519330
HIST25_0042,2025-02-18,Martes,65586.06,65586.06,44799.5,343.74,0.0,0,4000.0,1000.0,5000.0,9356.99,8158.0,0,963.0,1789.98,4913.15,3212.78,7110.87,18134.61,0.0,172.94,2078.65,9.0,10.0,7522.2,2037.89,15442.82,0.0,28857.76,15551.05,10479.39,6809.29,0.0,0.0,,61697.49,60586.06,-1111.43,Febrero,2,2026-03-01T17:54:53.519330,2026-03-01T17:54:53.519330
HIST25_0043,2025-02-19,Miércoles,55249.78,55249.78,32286.06,351.6,0.0,0,0.0,0.0,0.0,6746.81,6919.0,0,773.0,1836.34,3170.31,2284.5,6366.82,14266.74,0.0,119.37,1899.83,9.0,10.0,9330.2,1420.86,22612.12,624.57,29034.03,12523.42,8256.91,4496.85,0.0,0.0,,54935.78,55249.78,314.0,Febrero,2,2026-03-01T17:54:53.519330,2026-03-01T17:54:53.519330
HIST25_0044,2025-02-20,Jueves,62885.15,62293.0,36671.04,0.0,0.0,0,0.0,0.0,0.0,8155.4,8845.0,0,890.0,2936.13,2400.55,3620.36,5559.15,18245.35,0.0,57.73,2606.72,0.0,10.0,7519.0,1884.76,25621.96,0.0,26774.19,14753.41,9941.9,6709.11,5549.43,0.0,,63728.04,62293.0,-1435.04,Febrero,2,2026-03-01T17:54:53.519330,2026-03-01T17:54:53.519330
HIST25_0045,2025-02-21,Viernes,52160.98,52753.13,36782.2,389.51,0.0,0,0.0,0.0,0.0,6942.0,7135.0,0,1007.0,1842.4,2141.21,2905.87,6405.33,13983.74,0.0,110.59,2120.22,12.0,0.0,5837.0,1621.62,15581.42,161.26,25640.63,14271.05,8576.99,0.0,0.0,0.0,,48649.93,52753.13,4103.2,Febrero,2,2026-03-01T17:54:53.519330,2026-03-01T17:54:53.519330
HIST25_0046,2025-02-22,Sábado,34086.17,34086.17,20891.63,639.0,0.0,0,0.0,0.0,0.0,3835.4,4716.8,0,641.0,1182.48,2587.71,1695.03,2839.24,7831.07,420.0,8.74,825.13,9.0,30.0,6638.0,797.57,12555.54,0.0,26218.11,7609.06,0.0,0.0,0.0,0.0,,33827.17,34086.17,259.0,Febrero,2,2026-03-01T17:54:53.519330,2026-03-01T17:54:53.519330
HIST25_0047,2025-02-24,Lunes,59986.2,59986.2,38589.34,942.0,0.0,0,4000.0,1400.0,5400.0,7541.4,6161.0,0,803.0,1809.94,4435.72,3740.93,5158.7,18678.69,0.0,79.62,1758.25,12.0,0.0,7829.0,1919.95,15054.86,160.87,26007.68,14255.59,9881.26,6373.94,0.0,0.0,,56679.34,54586.2,-2093.14,Febrero,2,2026-03-01T17:54:53.519330,2026-03-01T17:54:53.519330
HIST25_0048,2025-02-25,Martes,61955.3,61742.3,43243.23,0.0,0.0,0,4000.0,1000.0,5000.0,9037.4,6414.2,0,785.0,3553.0,4794.24,2744.19,8005.62,16757.11,0.0,38.74,1886.18,0.0,0.0,6123.0,1719.62,13499.07,283.09,27987.68,15563.66,9987.73,5769.62,0.0,0.0,,59591.78,56742.3,-2849.48,Febrero,2,2026-03-01T17:54:53.519330,2026-03-01T17:54:53.519330
HIST25_0049,2025-02-26,Miércoles,58644.09,58857.09,36458.22,0.0,0.0,0,0.0,0.0,0.0,8485.74,6306.85,0,1180.0,1494.47,3442.23,3237.99,5912.24,17823.05,0.0,47.8,1618.37,0.0,20.0,7228.5,1750.85,22398.87,0.0,29898.18,14255.6,9063.58,4903.1,0.0,0.0,,58120.46,58857.09,736.63,Febrero,2,2026-03-01T17:54:53.519330,2026-03-01T17:54:53.519330
HIST25_0050,2025-02-27,Jueves,58866.73,58866.73,39190.05,0.0,0.0,0,0.0,6529.0,6529.0,7943.0,6486.7,0,797.0,1047.04,4220.7,2521.16,6601.06,17887.1,0.0,22.68,1825.88,9.0,10.0,7595.0,1842.41,13147.68,1270.01,25748.97,14563.56,9819.16,0.0,0.0,0.0,,51401.7,52337.73,936.03,Febrero,2,2026-03-01T17:54:53.519330,2026-03-01T17:54:53.519330
HIST25_0051,2025-02-28,Viernes,54051.97,53220.47,40826.75,0.0,0.0,0,0.0,371.0,371.0,5507.4,6288.5,0,680.0,2781.39,3810.01,2556.86,6990.01,15859.44,0.0,35.6,1778.21,0.0,0.0,5830.0,1779.55,12022.72,657.64,28856.75,12806.18,8136.37,1392.8,0.0,0.0,,51849.74,52849.47,999.73,Febrero,2,2026-03-01T17:54:53.519330,2026-03-01T17:54:53.519330
HIST25_0052,2025-03-01,Sábado,26042.77,26874.27,18649.08,1743.47,0.0,0,0.0,0.0,0.0,3149.0,2893.7,0,595.0,722.89,2836.12,1545.13,2512.67,5435.33,0.0,50.63,974.34,9.0,10.0,4702.4,577.57,6481.72,0.0,12354.11,13869.76,0.0,0.0,0.0,0.0,,26223.87,26874.27,650.4,Marzo,3,2026-03-01T17:54:53.519330,2026-03-01T17:54:53.519330
HIST25_0053,2025-03-03,Lunes,63065.25,63065.25,40878.4,435.0,0.0,0,4000.0,1400.0,5400.0,7943.1,9181.5,0,1093.0,1124.03,5085.73,2335.69,6452.89,17276.47,0.0,112.34,1998.45,0.0,0.0,8355.0,1875.05,16351.85,362.2,23058.78,14592.52,9417.14,6247.59,3986.19,0.0,,57664.42,57665.25,0.83,Marzo,3,2026-03-01T17:54:53.519330,2026-03-01T17:54:53.519330
HIST25_0054,2025-03-04,Martes,65494.07,65494.07,41358.76,1056.5,0.0,0,4000.0,1000.0,5000.0,8947.49,10394.7,0,778.0,1197.47,3830.04,2990.72,6776.48,18124.22,0.0,92.81,2804.42,6.0,0.0,7452.0,1973.72,18078.81,540.89,23311.55,14611.84,9950.86,6993.3,5084.93,0.0,,60493.37,60494.07,0.7,Marzo,3,2026-03-01T17:54:53.519330,2026-03-01T17:54:53.519330
HIST25_0055,2025-03-05,Miércoles,59713.78,59306.28,35259.98,314.0,0.0,0,0.0,0.0,0.0,8299.6,9437.7,0,808.0,2787.95,2171.89,2742.22,6771.33,17454.78,280.0,94.2,1592.0,6.0,0.0,4992.49,2072.62,23732.3,489.24,25563.17,14691.33,9492.54,6315.58,2754.4,0.0,,59306.26,59306.28,0.02,Marzo,3,2026-03-01T17:54:53.519330,2026-03-01T17:54:53.519330
HIST25_0056,2025-03-06,Jueves,51150.44,51557.94,33852.83,436.4,0.0,0,0.0,0.0,0.0,7181.5,7170.4,0,399.0,882.0,2659.2,2328.78,5270.48,14789.69,700.0,153.75,1096.09,0.0,20.0,6895.93,1487.62,17268.71,263.0,26846.76,12966.5,7865.95,3615.75,0.0,0.0,,51557.96,51557.94,-0.02,Marzo,3,2026-03-01T17:54:53.519330,2026-03-01T17:54:53.519330
HIST25_0057,2025-03-07,Viernes,58620.4,58620.4,37690.29,0.0,0.0,0,0.0,0.0,0.0,7670.2,8796.5,0,735.0,960.04,2450.95,2570.39,6385.4,17471.27,1136.38,137.09,1953.18,6.0,0.0,6201.44,2059.56,20930.11,2030.89,27247.95,14140.18,9053.82,6147.55,0.0,0.0,,58620.39,58620.4,0.01,Marzo,3,2026-03-01T17:54:53.519330,2026-03-01T17:54:53.519330
HIST25_0058,2025-03-08,Sábado,27033.87,27033.87,16537.81,965.24,0.0,0,0.0,0.0,0.0,0.0,0.0,0,0.0,0.0,0.0,0.0,0.0,0.0,0.0,0.0,0.0,0.0,0.0,0.0,0.0,9530.82,769.97,21694.0,4569.9,0.0,0.0,0.0,0.0,,27033.87,27033.87,0.0,Marzo,3,2026-03-01T17:54:53.519330,2026-03-01T17:54:53.519330
HIST25_0059,2025-03-10,Lunes,70648.06,70238.06,50538.8,14.5,0.0,0,4000.0,2930.0,6930.0,8529.22,9735.61,0,475.0,2453.1,5045.34,2766.93,7450.44,18621.63,676.38,55.94,2636.35,0.0,0.0,9974.43,2082.69,12754.76,250.48,24470.8,15623.34,10813.27,7227.24,5330.35,0.0,,63715.48,63308.06,-407.42,Marzo,3,2026-03-01T17:54:53.519330,2026-03-01T17:54:53.519330
HIST25_0060,2025-03-11,Martes,62339.09,62749.09,40398.15,0.0,0.0,0,4000.0,1100.0,5100.0,8320.0,8307.0,0,982.0,2577.53,2704.7,3546.13,6037.07,19129.05,560.0,32.17,1297.58,6.0,2090.53,6633.33,2090.53,17250.94,247.27,22362.86,13968.78,9474.06,6440.09,4750.93,0.0,,57243.99,57649.09,405.1,Marzo,3,2026-03-01T17:54:53.519330,2026-03-01T17:54:53.519330
HIST25_0061,2025-03-12,Miércoles,61142.53,61142.53,35002.9,266.1,0.0,0,0.0,0.0,0.0,8022.4,6556.0,0,658.0,862.3,4225.95,2649.17,6031.12,16759.4,983.79,101.19,1802.16,0.0,0.0,10762.4,1612.65,25873.53,711.48,28440.46,14442.96,9630.94,7916.69,0.0,0.0,,61142.53,61142.53,0.0,Marzo,3,2026-03-01T17:54:53.519330,2026-03-01T17:54:53.519330
HIST25_0062,2025-03-13,Jueves,61379.27,61379.27,36285.53,793.0,0.0,0,0.0,5373.0,5373.0,7098.4,7623.5,0,940.0,2295.82,3185.4,3931.56,5987.74,16833.75,505.0,190.23,1609.69,15.0,0.0,9253.8,1822.38,18927.74,511.5,22137.88,13643.65,9274.89,6355.14,3822.91,263.0,,56008.97,56006.27,-2.7,Marzo,3,2026-03-01T17:54:53.519330,2026-03-01T17:54:53.519330
HIST25_0063,2025-03-14,Viernes,56427.03,56427.03,35669.69,0.0,0.0,0,0.0,0.0,0.0,7000.1,8557.0,0,646.0,1242.68,1546.18,2355.93,5610.1,18568.06,303.79,144.74,1959.09,3.0,0.0,6207.57,2166.79,20757.34,636.18,26499.53,14009.24,9278.74,5661.93,111.55,0.0,,56197.17,56427.03,229.86,Marzo,3,2026-03-01T17:54:53.519330,2026-03-01T17:54:53.519330
HIST25_0064,2025-03-15,Sábado,27635.6,27522.6,20411.99,0.0,0.0,0,0.0,0.0,0.0,3045.3,2975.5,0,485.0,1612.0,2105.16,1102.03,3433.14,6050.42,316.79,23.52,1062.78,6.0,0.0,4761.49,627.47,7110.61,0.0,23228.11,4524.36,0.0,0.0,0.0,0.0,,27752.47,27522.6,-229.87,Marzo,3,2026-03-01T17:54:53.519330,2026-03-01T17:54:53.519330
HIST25_0065,2025-03-18,Martes,71183.0,72251.15,43057.39,1310.74,0.0,0,4000.0,1400.0,5400.0,9868.4,8684.0,0,806.0,1584.88,6283.67,4522.01,7130.04,19822.14,660.58,106.85,1272.6,9.0,0.0,8252.79,1996.04,22483.02,482.88,24288.42,16161.19,10556.03,7607.64,5064.05,2532.82,,66693.03,66851.15,158.12,Marzo,3,2026-03-01T17:54:53.519330,2026-03-01T17:54:53.519330
HIST25_0066,2025-03-19,Miércoles,58545.85,59164.6,33185.56,0.0,0.0,0,4000.0,1100.0,5100.0,7520.4,7325.5,0,708.0,4167.2,3566.61,2608.73,6180.62,16359.39,480.58,81.92,1742.31,6.0,29.0,6032.0,1650.59,20879.04,296.58,24801.39,12411.27,8728.82,5804.75,2120.26,0.0,,54163.07,54064.6,-98.47,Marzo,3,2026-03-01T17:54:53.519330,2026-03-01T17:54:53.519330
HIST25_0067,2025-03-20,Jueves,60082.39,60082.39,43153.74,422.83,0.0,0,0.0,1400.0,1400.0,7520.4,7325.5,0,708.0,4167.2,3566.61,2608.73,6180.62,16359.39,480.58,81.92,1742.31,6.0,29.0,6032.0,1650.59,15105.82,370.14,24672.31,13899.55,9814.4,6748.24,3180.28,0.0,,58684.92,58682.39,-2.53,Marzo,3,2026-03-01T17:54:53.519330,2026-03-01T17:54:53.519330
HIST25_0068,2025-03-21,Viernes,55605.13,55605.13,29501.12,688.8,0.0,0,0.0,0.0,0.0,0.0,0.0,0,0.0,0.0,0.0,0.0,0.0,0.0,0.0,0.0,0.0,0.0,0.0,0.0,0.0,25415.21,89.04,27631.36,13061.81,8572.18,6192.74,58.0,0.0,,55605.13,55605.13,0.0,Marzo,3,2026-03-01T17:54:53.519330,2026-03-01T17:54:53.519330
HIST25_0069,2025-03-22,Sábado,30884.87,30884.87,20786.2,221.0,0.0,0,0.0,1139.5,1139.5,3877.4,5406.5,0,198.0,1175.28,2241.2,1355.82,3722.87,7503.18,100.0,9.46,961.1,6.0,0.0,3394.37,817.69,8738.17,508.56,20489.24,8707.14,0.0,0.0,0.0,0.0,,29704.94,29745.37,40.43,Marzo,3,2026-03-01T17:54:53.519330,2026-03-01T17:54:53.519330
HIST25_0070,2025-03-24,Lunes,67500.28,68280.96,42638.45,0.0,0.0,0,4000.0,1500.0,5500.0,8958.4,9093.5,0,856.0,2459.38,2932.04,3123.42,7800.72,19610.64,351.0,57.74,1967.78,0.0,0.0,8267.16,1925.5,20142.51,1001.06,24808.14,14596.07,10358.17,7272.7,3959.87,785.82,,62781.83,62780.96,-0.87,Marzo,3,2026-03-01T17:54:53.519330,2026-03-01T17:54:53.519330
HIST25_0071,2025-03-25,Martes,73069.27,73069.27,44615.35,0.0,0.0,0,4000.0,1000.0,5000.0,6381.4,7831.0,0,747.0,4918.3,4726.47,2981.72,9114.5,19546.65,1236.0,181.85,2299.6,9.0,0.0,10917.87,2061.91,23453.92,168.1,29750.02,17509.61,11264.08,9375.75,0.0,0.0,,68067.56,68069.27,1.71,Marzo,3,2026-03-01T17:54:53.519330,2026-03-01T17:54:53.519330
HIST25_0072,2025-03-26,Miércoles,59994.88,59994.88,40917.28,0.0,0.0,0,0.0,0.0,0.0,7472.0,7340.0,0,745.0,1524.33,3152.47,2716.17,8213.33,16438.38,1213.0,113.44,1866.92,0.0,0.0,7390.73,1664.11,19077.6,826.5,26643.42,14626.18,10123.15,7775.65,0.0,0.0,,59994.9,59994.88,-0.02,Marzo,3,2026-03-01T17:54:53.519330,2026-03-01T17:54:53.519330
HIST25_0073,2025-03-27,Jueves,56780.83,56398.71,38228.29,287.0,0.0,0,0.0,7682.0,7682.0,9346.4,6208.5,0,853.0,1866.85,1248.18,2818.65,5339.16,16295.43,846.79,134.79,3779.8,0.0,0.0,6124.73,1889.55,10201.42,0.0,18814.18,12194.53,8290.79,5759.49,3658.28,0.0,,48717.27,48716.71,-0.56,Marzo,3,2026-03-01T17:54:53.519330,2026-03-01T17:54:53.519330
HIST25_0074,2025-03-28,Viernes,47639.75,48021.87,32452.91,446.29,0.0,0,0.0,0.0,0.0,0.0,0.0,0,0.0,0.0,0.0,0.0,0.0,0.0,0.0,0.0,0.0,0.0,0.0,0.0,0.0,15122.67,1205.53,23494.57,12496.82,10824.96,0.0,0.0,0.0,,48021.88,48021.87,-0.01,Marzo,3,2026-03-01T17:54:53.519330,2026-03-01T17:54:53.519330
HIST25_0075,2025-03-29,Sábado,29323.02,29323.02,17898.5,591.6,0.0,0,0.0,0.0,0.0,4036.4,3203.0,0,248.0,1240.72,2201.63,1905.8,3745.13,5573.7,200.0,85.77,1687.12,9.0,0.0,4441.4,687.35,10832.92,148.25,23655.06,5519.73,742.18,0.0,0.0,0.0,,30065.22,29323.02,-742.2,Marzo,3,2026-03-01T17:54:53.519330,2026-03-01T17:54:53.519330
HIST25_0076,2025-03-31,Lunes,71739.38,72179.38,49022.93,0.0,0.0,0,4000.0,1500.0,5500.0,7960.41,10896.0,0,1130.0,2014.27,7037.82,3638.85,9113.32,18713.18,708.8,50.96,1771.04,0.0,0.0,6582.29,1996.45,17656.45,687.02,27245.97,14843.31,10530.92,7432.07,5940.07,0.0,,66679.36,66679.38,0.02,Marzo,3,2026-03-01T17:54:53.519330,2026-03-01T17:54:53.519330
HIST25_0077,2025-04-01,Martes,73633.37,73633.37,52253.78,681.15,0.0,0,4000.0,1500.0,5500.0,8756.89,7644.0,0,1050.0,3159.93,5464.17,3419.0,8116.35,20570.95,750.0,54.44,2666.89,0.0,0.0,9639.81,2224.94,15198.44,445.37,24894.83,16152.6,11857.61,8783.09,5706.14,0.0,,67839.64,68133.37,293.73,Abril,4,2026-03-01T17:54:53.519330,2026-03-01T17:54:53.519330
HIST25_0078,2025-04-02,Miércoles,61368.98,59523.98,37518.7,0.0,0.0,0,0.0,2250.0,2250.0,6543.6,7327.0,0,705.0,1803.96,2342.2,3661.0,9203.41,18545.92,845.0,105.44,1605.15,12.0,0.0,7098.28,1484.02,19755.28,0.0,27059.35,14563.82,9381.04,5126.97,1166.57,0.0,,57297.75,57273.98,-23.77,Abril,4,2026-03-01T17:54:53.519330,2026-03-01T17:54:53.519330
HIST25_0079,2025-04-03,Jueves,65329.07,55954.07,35306.22,1237.2,0.0,0,0.0,0.0,0.0,6893.0,6606.5,0,785.0,845.0,3301.96,2862.13,5085.5,15621.63,967.58,101.52,2293.23,6.0,0.0,6067.0,1893.02,19410.65,165.0,27720.7,13963.82,8941.96,5312.58,0.0,0.0,,56104.06,55954.07,-149.99,Abril,4,2026-03-01T17:54:53.519330,2026-03-01T17:54:53.519330
HIST25_0080,2025-04-04,Viernes,45077.25,56297.0,35924.23,0.0,0.0,0,0.0,680.0,680.0,0.0,0.0,0,0.0,0.0,0.0,0.0,0.0,0.0,0.0,0.0,0.0,0.0,0.0,0.0,0.0,19692.77,2418.2,27561.31,14156.99,6995.54,4112.19,0.0,0.0,,55244.23,55617.0,372.77,Abril,4,2026-03-01T17:54:53.519330,2026-03-01T17:54:53.519330
HIST25_0081,2025-04-05,Sábado,26487.48,26487.48,16899.79,0.0,0.0,0,0.0,0.0,0.0,4008.1,4354.5,0,178.0,588.02,2251.47,1033.07,2774.72,5504.26,25.0,94.14,781.58,0.0,0.0,4219.59,617.03,9587.69,0.0,11297.51,15189.97,0.0,0.0,0.0,0.0,,26487.48,26487.48,0.0,Abril,4,2026-03-01T17:54:53.519330,2026-03-01T17:54:53.519330
HIST25_0082,2025-04-07,Lunes,73021.78,73139.78,47003.37,570.89,0.0,0,4000.0,1500.0,5500.0,9718.4,9917.0,0,1078.0,3178.39,5941.0,3497.23,8460.33,18671.0,939.0,99.51,1949.55,0.0,0.0,7691.0,1852.37,20065.52,0.0,27269.35,15358.59,10867.79,8260.7,5883.66,0.0,,67640.09,67639.78,-0.31,Abril,4,2026-03-01T17:54:53.519330,2026-03-01T17:54:53.519330
HIST25_0083,2025-04-08,Martes,72253.42,72770.42,50140.6,0.0,0.0,0,4000.0,1000.0,5000.0,9350.0,8745.0,0,753.0,2007.69,4034.0,3990.62,7037.05,22274.04,596.79,46.4,1377.58,12.0,0.0,9599.95,2274.3,17629.82,2401.13,25665.83,16493.43,11408.89,4088.36,7534.76,0.0,,67592.4,67770.42,178.02,Abril,4,2026-03-01T17:54:53.519330,2026-03-01T17:54:53.519330
HIST25_0084,2025-04-09,Miércoles,62034.71,62034.71,43183.8,0.0,0.0,0,0.0,0.0,0.0,8495.4,7584.0,0,750.0,1093.67,5166.56,3187.78,6212.46,17622.95,609.79,62.05,2566.91,0.0,0.0,6627.0,1930.14,18850.91,354.16,27936.07,15263.18,13807.08,4674.23,0.0,0.0,,62034.72,62034.71,-0.01,Abril,4,2026-03-01T17:54:53.519330,2026-03-01T17:54:53.519330
HIST25_0085,2025-04-10,Jueves,59378.72,58699.22,35987.52,364.88,0.0,0,0.0,4739.0,4739.0,6472.79,6963.1,0,805.0,1891.17,3926.97,2420.09,8458.39,18612.89,628.59,131.71,2008.5,6.0,0.0,4933.58,1954.95,17607.82,663.44,23425.61,9434.14,7376.57,13650.95,0.0,0.0,,54550.71,53960.22,-590.49,Abril,4,2026-03-01T17:54:53.519330,2026-03-01T17:54:53.519330
HIST25_0086,2025-04-11,Viernes,51055.45,51734.95,25591.47,2324.81,0.0,0,0.0,0.0,0.0,6204.4,6022.5,0,475.0,651.2,2600.33,3296.9,8307.76,15346.02,493.17,25.96,2471.16,6.0,0.0,3093.85,1906.21,23818.67,173.31,24153.0,13323.22,6104.2,7222.72,0.0,0.0,,50976.45,51734.95,758.5,Abril,4,2026-03-01T17:54:53.519330,2026-03-01T17:54:53.519330
HIST25_0087,2025-04-12,Sábado,28689.33,28689.33,18664.56,0.0,0.0,0,0.0,0.0,0.0,3553.5,3867.0,0,290.0,915.31,2505.88,1040.79,2315.59,7131.41,264.0,14.78,933.65,9.0,0.0,4922.0,868.42,10024.77,0.0,22195.22,6530.61,0.0,0.0,0.0,0.0,,28725.83,28689.33,-36.5,Abril,4,2026-03-01T17:54:53.519330,2026-03-01T17:54:53.519330
HIST25_0088,2025-04-14,Lunes,65709.12,65391.12,45750.48,127.0,0.0,0,0.0,0.0,0.0,8453.4,9279.0,0,873.0,2192.19,3947.21,3209.56,6289.41,19859.21,583.0,55.35,1464.1,0.0,0.0,7320.22,2028.47,19513.64,1222.98,25742.02,8848.49,9263.69,9880.35,10314.61,0.0,,65272.14,65391.12,118.98,Abril,4,2026-03-01T17:54:53.519330,2026-03-01T17:54:53.519330
HIST25_0089,2025-04-15,Martes,62233.35,62774.35,37295.05,0.0,0.0,0,4000.0,1500.0,5500.0,7750.6,8865.0,0,908.0,1984.13,2042.54,3060.36,7775.55,17410.23,973.0,33.63,2032.23,9.0,0.0,7715.0,1616.08,19979.3,508.8,23135.99,14147.13,9774.63,6614.37,3164.94,0.0,,57345.86,57274.35,-71.51,Abril,4,2026-03-01T17:54:53.519330,2026-03-01T17:54:53.519330
HIST25_0090,2025-04-16,Miércoles,54951.78,54951.78,39043.44,220.6,0.0,0,4000.0,1000.0,5000.0,7252.0,7927.0,0,685.0,1815.59,2303.13,3123.42,7560.59,13651.31,446.0,67.4,1743.71,0.0,0.0,6931.11,1329.52,10687.74,0.0,22109.6,13034.08,8867.28,5622.59,0.0,0.0,,49633.55,49951.78,318.23,Abril,4,2026-03-01T17:54:53.519330,2026-03-01T17:54:53.519330
HIST25_0091,2025-04-17,Jueves,34478.27,34478.27,19358.76,677.46,0.0,0,0.0,0.0,0.0,4236.2,3904.0,0,421.0,535.0,1821.01,1871.94,3812.57,10472.56,345.0,116.0,973.19,0.0,0.0,4638.41,1186.39,14442.05,0.0,14528.72,19949.55,0.0,0.0,0.0,0.0,,34478.27,34478.27,0.0,Abril,4,2026-03-01T17:54:53.519330,2026-03-01T17:54:53.519330
HIST25_0092,2025-04-18,Viernes,9124.93,9830.93,6414.86,0.0,0.0,0,0.0,0.0,0.0,1688.0,810.5,0,320.0,23.72,415.76,897.5,1550.1,1806.96,170.0,0.0,402.06,3.0,0.0,787.27,250.06,3416.07,0.0,9536.69,0.0,0.0,0.0,0.0,0.0,,9536.69,9830.93,294.24,Abril,4,2026-03-01T17:54:53.519330,2026-03-01T17:54:53.519330
HIST25_0093,2025-04-19,Sábado,11939.64,11939.64,6613.0,0.0,0.0,0,0.0,0.0,0.0,1758.0,1558.0,0,347.5,73.92,945.07,623.79,911.91,3823.65,101.79,24.13,308.58,0.0,0.0,925.76,508.54,5326.64,0.0,12233.87,0.0,0.0,0.0,0.0,0.0,,12233.87,11939.64,-294.23,Abril,4,2026-03-01T17:54:53.519330,2026-03-01T17:54:53.519330
HIST25_0094,2025-04-21,Lunes,69679.15,69392.95,38773.79,763.31,0.0,0,4000.0,1500.0,5500.0,8664.4,8510.59,0,1185.0,2854.31,6365.57,3596.05,7657.14,19105.72,815.0,42.71,1811.23,15.0,0.0,6994.23,2033.2,24355.85,0.0,24122.01,15171.02,10597.8,8534.76,6438.46,0.0,,64864.05,63892.95,-971.1,Abril,4,2026-03-01T17:54:53.519330,2026-03-01T17:54:53.519330
HIST25_0095,2025-04-22,Martes,60817.3,61366.3,38422.64,1194.28,0.0,0,4000.0,1000.0,5000.0,8037.4,7849.0,0,650.0,1962.38,5224.85,3547.81,7264.17,15549.04,100.0,68.18,1857.72,0.0,0.0,7034.2,1556.55,16749.38,228.29,24018.15,13300.95,9693.76,8664.26,0.0,0.0,,55905.41,56366.3,460.89,Abril,4,2026-03-01T17:54:53.519330,2026-03-01T17:54:53.519330
HIST25_0096,2025-04-23,Miércoles,53356.99,54050.99,36776.75,0.0,0.0,0,0.0,0.0,0.0,7489.4,6240.4,0,926.0,1586.57,3460.71,2644.94,5575.16,14714.29,363.79,12.61,1548.06,12.0,39.0,7165.7,1404.36,17274.24,152.04,10973.81,11839.28,21598.58,8754.31,0.0,0.0,,53318.02,54050.99,732.97,Abril,4,2026-03-01T17:54:53.519330,2026-03-01T17:54:53.519330
HIST25_0097,2025-04-24,Jueves,56734.94,56734.94,38148.5,367.4,0.0,0,0.0,3972.0,3972.0,7489.4,6240.4,0,926.0,1586.57,3460.71,2644.94,5575.16,14714.29,363.79,12.61,1548.06,12.0,39.0,7165.7,1404.36,14247.04,1267.14,24006.0,13880.89,8184.97,5497.99,0.0,0.0,,52836.99,52762.94,-74.05,Abril,4,2026-03-01T17:54:53.519330,2026-03-01T17:54:53.519330
HIST25_0098,2025-04-25,Viernes,48226.06,46792.34,30519.32,0.0,0.0,0,0.0,570.0,570.0,0.0,0.0,0,0.0,0.0,0.0,0.0,0.0,0.0,0.0,0.0,0.0,0.0,0.0,0.0,0.0,15703.02,354.18,24186.11,11754.36,7193.49,4542.16,0.0,0.0,,48030.3,46222.34,-1807.96,Abril,4,2026-03-01T17:54:53.519330,2026-03-01T17:54:53.519330
HIST25_0099,2025-04-26,Sábado,32147.61,33581.33,21028.6,0.0,0.0,0,0.0,125.0,125.0,0.0,0.0,0,0.0,0.0,0.0,0.0,0.0,0.0,0.0,0.0,0.0,0.0,0.0,0.0,0.0,12427.73,157.95,23292.14,8743.25,0.0,0.0,0.0,0.0,,32193.34,33456.33,1262.99,Abril,4,2026-03-01T17:54:53.519330,2026-03-01T17:54:53.519330
HIST25_0100,2025-04-28,Lunes,69123.39,69123.39,45303.36,0.0,0.0,0,4000.0,1500.0,5500.0,0.0,0.0,0,0.0,0.0,0.0,0.0,0.0,0.0,0.0,0.0,0.0,0.0,0.0,0.0,0.0,18320.03,2009.5,24940.72,15234.52,10303.79,7414.7,4837.73,0.0,,64740.96,63623.39,-1117.57,Abril,4,2026-03-01T17:54:53.519330,2026-03-01T17:54:53.519330
HIST25_0101,2025-04-29,Martes,69859.41,69859.41,47837.71,0.0,0.0,0,4000.0,1600.0,5600.0,0.0,0.0,0,0.0,0.0,0.0,0.0,0.0,0.0,0.0,0.0,0.0,0.0,0.0,0.0,0.0,16421.7,0.0,27628.57,15874.95,10349.06,6954.72,3105.32,0.0,,63912.62,64259.41,346.79,Abril,4,2026-03-01T17:54:53.519330,2026-03-01T17:54:53.519330
HIST25_0102,2025-04-30,Miércoles,49961.95,49961.95,33636.11,0.0,0.0,0,0.0,1133.0,1133.0,0.0,0.0,0,0.0,0.0,0.0,0.0,0.0,0.0,0.0,0.0,0.0,0.0,0.0,0.0,0.0,15192.84,415.78,23000.43,11215.16,7832.46,4891.59,1487.72,0.0,,48843.14,48828.95,-14.19,Abril,4,2026-03-01T17:54:53.519330,2026-03-01T17:54:53.519330
HIST25_0103,2025-05-02,Viernes,54469.11,54469.11,36731.81,532.48,0.0,0,0.0,3000.0,3000.0,0.0,0.0,0,0.0,0.0,0.0,0.0,0.0,0.0,0.0,0.0,0.0,0.0,0.0,0.0,0.0,14204.82,0.0,22062.56,12881.91,8662.4,5375.91,1652.89,881.63,,51517.3,51469.11,-48.19,Mayo,5,2026-03-01T17:54:53.519330,2026-03-01T17:54:53.519330
HIST25_0104,2025-05-03,Sábado,25589.62,25589.62,16730.84,30.0,0.0,0,0.0,0.0,0.0,0.0,0.0,0,0.0,0.0,0.0,0.0,0.0,0.0,0.0,0.0,0.0,0.0,0.0,0.0,0.0,8828.78,594.11,24995.5,0.0,0.0,0.0,0.0,0.0,,25589.61,25589.62,0.01,Mayo,5,2026-03-01T17:54:53.519330,2026-03-01T17:54:53.519330
HIST25_0105,2025-05-05,Lunes,61787.65,62010.65,40351.73,0.0,0.0,0,4000.0,0.0,4000.0,0.0,0.0,0,0.0,0.0,0.0,0.0,0.0,0.0,0.0,0.0,0.0,0.0,0.0,0.0,0.0,17658.92,166.0,22541.0,14716.75,9996.7,6746.33,3621.96,0.0,,57788.74,58010.65,221.91,Mayo,5,2026-03-01T17:54:53.519330,2026-03-01T17:54:53.519330
HIST25_0106,2025-05-06,Martes,67940.13,67575.13,48968.48,1068.02,0.0,0,4000.0,0.0,4000.0,0.0,0.0,0,0.0,0.0,0.0,0.0,0.0,0.0,0.0,0.0,0.0,0.0,0.0,0.0,0.0,13538.63,706.01,27971.14,14999.44,9941.98,6257.9,4058.94,0.0,,63935.41,63575.13,-360.28,Mayo,5,2026-03-01T17:54:53.519330,2026-03-01T17:54:53.519330
HIST25_0107,2025-05-07,Miércoles,55676.57,55311.57,36403.23,0.0,0.0,0,3000.0,0.0,3000.0,0.0,0.0,0,0.0,0.0,0.0,0.0,0.0,0.0,0.0,0.0,0.0,0.0,0.0,0.0,0.0,15908.34,0.0,23917.15,13754.01,4821.68,1059.85,8389.11,0.0,,51941.8,52311.57,369.77,Mayo,5,2026-03-01T17:54:53.519330,2026-03-01T17:54:53.519330
HIST25_0108,2025-05-08,Jueves,57393.43,57393.43,38248.12,0.0,0.0,0,0.0,5435.0,5435.0,78826.4,73513.1,0,7821.0,20954.14,36708.36,31770.28,63154.6,162568.91,3775.17,852.55,15941.9,54.0,0.0,79153.7,16429.82,13710.31,426.22,22054.67,13020.22,8461.83,8109.35,0.0,0.0,,52072.29,51958.43,-113.86,Mayo,5,2026-03-01T17:54:53.519330,2026-03-01T17:54:53.519330
HIST25_0109,2025-05-09,Viernes,51805.51,50796.11,32464.87,0.0,0.0,0,0.0,1710.0,1710.0,0.0,0.0,0,0.0,0.0,0.0,0.0,0.0,0.0,0.0,0.0,0.0,0.0,0.0,0.0,0.0,16621.24,0.0,23545.58,13488.2,8286.47,3766.08,0.0,0.0,,49086.33,49086.11,-0.22,Mayo,5,2026-03-01T17:54:53.519330,2026-03-01T17:54:53.519330
HIST25_0110,2025-05-10,Sábado,21667.16,23457.56,12121.98,2200.06,0.0,0,0.0,0.0,0.0,0.0,0.0,0,0.0,0.0,0.0,0.0,0.0,0.0,0.0,0.0,0.0,0.0,0.0,0.0,0.0,9135.52,0.0,21932.86,1524.7,0.0,0.0,0.0,0.0,,23457.56,23457.56,0.0,Mayo,5,2026-03-01T17:54:53.519330,2026-03-01T17:54:53.519330
HIST25_0111,2025-05-12,Lunes,67785.34,67785.34,44160.63,0.0,0.0,0,4000.0,0.0,4000.0,0.0,0.0,0,0.0,0.0,0.0,0.0,0.0,0.0,0.0,0.0,0.0,0.0,0.0,0.0,0.0,19624.71,332.0,26079.96,15261.05,10957.36,7262.86,3894.78,0.0,,63788.01,63785.34,-2.67,Mayo,5,2026-03-01T17:54:53.519330,2026-03-01T17:54:53.519330
HIST25_0112,2025-05-13,Martes,63331.55,63331.55,41949.09,0.0,0.0,0,4000.0,0.0,4000.0,0.0,0.0,0,0.0,0.0,0.0,0.0,0.0,0.0,0.0,0.0,0.0,0.0,0.0,0.0,0.0,17382.46,1504.76,23029.71,14060.43,9759.47,6742.38,4141.65,0.0,,59238.4,59331.55,93.15,Mayo,5,2026-03-01T17:54:53.519330,2026-03-01T17:54:53.519330
HIST25_0113,2025-05-14,Miércoles,58452.97,58890.97,38321.51,709.0,0.0,0,0.0,0.0,0.0,0.0,0.0,0,0.0,0.0,0.0,0.0,0.0,0.0,0.0,0.0,0.0,0.0,0.0,0.0,0.0,19860.46,1212.1,26949.22,13894.72,9165.2,8040.21,0.0,0.0,,59261.45,58890.97,-370.48,Mayo,5,2026-03-01T17:54:53.519330,2026-03-01T17:54:53.519330
HIST25_0114,2025-05-15,JUEVES,54727.58,54727.58,38083.96,0.0,0.0,0,0.0,3993.0,3993.0,0.0,0.0,0,0.0,0.0,0.0,0.0,0.0,0.0,0.0,0.0,0.0,0.0,0.0,0.0,0.0,12650.62,0.0,24540.28,12358.22,7710.38,6130.43,0.0,0.0,,50739.31,50734.58,-4.73,Mayo,5,2026-03-01T17:54:53.519330,2026-03-01T17:54:53.519330
HIST25_0115,2025-05-16,Viernes,57135.89,57135.89,40211.11,0.0,0.0,0,0.0,280.0,280.0,0.0,0.0,0,0.0,0.0,0.0,0.0,0.0,0.0,0.0,0.0,0.0,0.0,0.0,0.0,0.0,16644.78,291.04,29898.39,13667.1,13090.65,0.0,0.0,0.0,,56947.18,56855.89,-91.29,Mayo,5,2026-03-01T17:54:53.519330,2026-03-01T17:54:53.519330
HIST25_0116,2025-05-17,Sábado,35325.95,35325.95,21521.17,0.0,0.0,0,0.0,0.0,0.0,0.0,0.0,0,0.0,0.0,0.0,0.0,0.0,0.0,0.0,0.0,0.0,0.0,0.0,0.0,0.0,13804.78,0.0,23358.95,11967.0,0.0,0.0,0.0,0.0,,35325.95,35325.95,0.0,Mayo,5,2026-03-01T17:54:53.519330,2026-03-01T17:54:53.519330
HIST25_0117,2025-05-19,Lunes,67340.71,67340.71,46066.93,1207.5,0.0,0,4000.0,0.0,4000.0,0.0,0.0,0,0.0,0.0,0.0,0.0,0.0,0.0,0.0,0.0,0.0,0.0,0.0,0.0,0.0,16066.28,0.0,24580.43,15453.84,10279.63,7389.38,5637.1,0.0,,63340.38,63340.71,0.33,Mayo,5,2026-03-01T17:54:53.519330,2026-03-01T17:54:53.519330
HIST25_0118,2025-05-20,Martes,60251.7,60251.7,36569.7,813.48,0.0,0,4000.0,0.0,4000.0,0.0,0.0,0,0.0,0.0,0.0,0.0,0.0,0.0,0.0,0.0,0.0,0.0,0.0,0.0,0.0,18868.52,737.96,25825.53,13607.82,8671.56,7410.48,0.0,0.0,,56253.35,56251.7,-1.65,Mayo,5,2026-03-01T17:54:53.519330,2026-03-01T17:54:53.519330
HIST25_0119,2025-05-21,Miércoles,55698.25,55782.25,31677.65,0.0,0.0,0,0.0,0.0,0.0,0.0,0.0,0,0.0,0.0,0.0,0.0,0.0,0.0,0.0,0.0,0.0,0.0,0.0,0.0,0.0,24104.6,0.0,25427.13,13883.25,9427.91,6658.77,0.0,0.0,,55397.06,55782.25,385.19,Mayo,5,2026-03-01T17:54:53.519330,2026-03-01T17:54:53.519330
HIST25_0120,2025-05-22,Jueves,48888.18,48888.18,32365.6,0.0,0.0,0,0.0,5734.0,5734.0,83346.77,79045.9,0,10041.5,26076.51,43574.35,34970.97,72654.11,165528.0,2171.55,1091.83,19151.59,27.0,29.0,82946.1,0.0,10788.58,225.63,18813.67,11477.57,7478.34,5167.5,0.0,0.0,,43162.71,43154.18,-8.53,Mayo,5,2026-03-01T17:54:53.519330,2026-03-01T17:54:53.519330
HIST25_0121,2025-05-23,Viernes,53601.56,53601.56,33225.68,248.0,0.0,0,0.0,4000.0,4000.0,0.0,0.0,0,0.0,0.0,0.0,0.0,0.0,0.0,0.0,0.0,0.0,0.0,0.0,0.0,0.0,16127.88,385.2,23275.52,12902.26,8063.65,4393.57,966.62,0.0,,49986.82,49601.56,-385.26,Mayo,5,2026-03-01T17:54:53.519330,2026-03-01T17:54:53.519330
HIST25_0122,2025-05-24,Sábado,32926.45,31486.45,21025.18,0.0,0.0,0,0.0,5000.0,5000.0,0.0,0.0,0,0.0,0.0,0.0,0.0,0.0,0.0,0.0,0.0,0.0,0.0,0.0,0.0,0.0,5461.27,0.0,19477.2,6991.69,0.0,0.0,0.0,0.0,,26468.89,26486.45,17.56,Mayo,5,2026-03-01T17:54:53.519330,2026-03-01T17:54:53.519330
HIST25_0123,2025-05-26,Lunes,66923.88,66923.88,41567.75,0.0,0.0,0,4000.0,2000.0,6000.0,0.0,0.0,0,0.0,0.0,0.0,0.0,0.0,0.0,0.0,0.0,0.0,0.0,0.0,0.0,0.0,19356.13,0.0,22267.1,13623.44,9747.75,7425.91,6800.86,223.0,,60088.06,60923.88,835.82,Mayo,5,2026-03-01T17:54:53.519330,2026-03-01T17:54:53.519330
HIST25_0124,2025-05-27,MArtes,59753.97,59753.97,39352.88,253.86,0.0,0,4000.0,1271.0,5271.0,0.0,0.0,0,0.0,0.0,0.0,0.0,0.0,0.0,0.0,0.0,0.0,0.0,0.0,0.0,0.0,14876.23,1201.19,23194.83,13588.41,9073.48,8103.94,0.0,0.0,,55161.85,54482.97,-678.88,Mayo,5,2026-03-01T17:54:53.519330,2026-03-01T17:54:53.519330
HIST25_0125,2025-05-28,Miércoles,52819.78,52819.78,36383.97,0.0,0.0,0,0.0,5000.0,5000.0,0.0,0.0,0,0.0,0.0,0.0,0.0,0.0,0.0,0.0,0.0,0.0,0.0,0.0,0.0,0.0,11435.81,158.0,20956.65,12585.34,8176.96,6100.76,0.0,0.0,,47977.71,47819.78,-157.93,Mayo,5,2026-03-01T17:54:53.519330,2026-03-01T17:54:53.519330
HIST25_0126,2025-05-29,Jueves,51066.93,52960.93,33984.61,0.0,0.0,0,0.0,2873.0,2873.0,0.0,0.0,0,0.0,0.0,0.0,0.0,0.0,0.0,0.0,0.0,0.0,0.0,0.0,0.0,0.0,16103.32,0.0,22620.31,12521.92,8295.49,6648.22,0.0,0.0,,50085.94,50087.93,1.99,Mayo,5,2026-03-01T17:54:53.519330,2026-03-01T17:54:53.519330
HIST25_0127,2025-05-30,Viernes,42035.91,42460.91,28077.04,0.0,0.0,0,0.0,560.0,560.0,0.0,0.0,0,0.0,0.0,0.0,0.0,0.0,0.0,0.0,0.0,0.0,0.0,0.0,0.0,0.0,13823.87,0.0,22125.82,11337.61,8602.6,0.0,0.0,0.0,,42066.03,41900.91,-165.12,Mayo,5,2026-03-01T17:54:53.519330,2026-03-01T17:54:53.519330
HIST25_0128,2025-05-31,SÁBADO,28905.02,29082.02,18901.93,0.0,0.0,0,0.0,0.0,0.0,0.0,0.0,0,0.0,0.0,0.0,0.0,0.0,0.0,0.0,0.0,0.0,0.0,0.0,0.0,0.0,10180.09,0.0,22016.07,6421.91,180.24,0.0,0.0,0.0,,28618.22,29082.02,463.8,Mayo,5,2026-03-01T17:54:53.519330,2026-03-01T17:54:53.519330
HIST25_0129,2025-06-02,Lunes,70246.49,70469.49,43435.66,728.6,0.0,0,4000.0,0.0,4000.0,0.0,0.0,0,0.0,0.0,0.0,0.0,0.0,0.0,0.0,0.0,0.0,0.0,0.0,0.0,0.0,22305.23,0.0,26653.47,15592.34,10791.76,7481.97,5741.84,0.0,,66261.38,66469.49,208.11,Junio,6,2026-03-01T17:54:53.519330,2026-03-01T17:54:53.519330
HIST25_0130,2025-06-03,Martes,56533.44,56533.44,36820.89,0.0,0.0,0,4000.0,0.0,4000.0,0.0,0.0,0,0.0,0.0,0.0,0.0,0.0,0.0,0.0,0.0,0.0,0.0,0.0,0.0,0.0,15712.55,0.0,22817.21,13361.49,8935.3,7308.38,0.0,0.0,,52422.38,52533.44,111.06,Junio,6,2026-03-01T17:54:53.519330,2026-03-01T17:54:53.519330
HIST25_0131,2025-06-04,Miércoles,61908.1,61908.1,37562.23,1278.31,0.0,0,0.0,0.0,0.0,0.0,0.0,0,0.0,0.0,0.0,0.0,0.0,0.0,0.0,0.0,0.0,0.0,0.0,0.0,0.0,23067.56,424.96,28519.9,15319.93,9940.38,7392.93,0.0,0.0,,61598.1,61908.1,310.0,Junio,6,2026-03-01T17:54:53.519330,2026-03-01T17:54:53.519330
HIST25_0132,2025-06-05,Jueves,53300.06,53300.06,28594.14,0.0,0.0,0,0.0,6072.0,6072.0,81327.48,79497.81,0,9616.7,21736.83,36143.76,37490.68,71834.45,164551.0,5283.79,1153.73,19151.98,24.0,0.0,79948.4,22531.99,18633.92,511.81,19640.9,11333.34,8163.64,6678.34,0.0,0.0,,46328.03,47228.06,900.03,Junio,6,2026-03-01T17:54:53.519330,2026-03-01T17:54:53.519330
HIST25_0133,2025-06-06,Viernes,46514.39,47855.39,32174.02,989.0,0.0,0,0.0,2266.0,2266.0,0.0,0.0,0,0.0,0.0,0.0,0.0,0.0,0.0,0.0,0.0,0.0,0.0,0.0,0.0,0.0,12426.37,749.37,20947.11,11692.71,7952.93,4343.54,0.0,0.0,,45685.66,45589.39,-96.27,Junio,6,2026-03-01T17:54:53.519330,2026-03-01T17:54:53.519330
HIST25_0134,2025-06-07,Sábado,35096.08,35096.08,25621.29,0.0,0.0,0,0.0,4000.0,4000.0,0.0,0.0,0,0.0,0.0,0.0,0.0,0.0,0.0,0.0,0.0,0.0,0.0,0.0,0.0,0.0,5474.79,0.0,23178.9,7910.35,0.0,0.0,0.0,0.0,,31089.25,31096.08,6.83,Junio,6,2026-03-01T17:54:53.519330,2026-03-01T17:54:53.519330
HIST25_0135,2025-06-09,LUNES,63336.63,63490.43,42275.02,0.0,0.0,0,4000.0,0.0,4000.0,0.0,0.0,0,0.0,0.0,0.0,0.0,0.0,0.0,0.0,0.0,0.0,0.0,0.0,0.0,0.0,17215.41,0.0,26921.31,14281.1,9517.3,5806.58,2434.28,0.0,,58960.57,59490.43,529.86,Junio,6,2026-03-01T17:54:53.519330,2026-03-01T17:54:53.519330
HIST25_0136,2025-06-10,Martes,63659.07,63882.07,34187.81,609.02,0.0,0,4000.0,0.0,4000.0,0.0,0.0,0,0.0,0.0,0.0,0.0,0.0,0.0,0.0,0.0,0.0,0.0,0.0,0.0,0.0,25085.24,0.0,24973.25,14283.03,9838.35,6564.75,3182.91,153.72,,58996.01,59882.07,886.06,Junio,6,2026-03-01T17:54:53.519330,2026-03-01T17:54:53.519330
HIST25_0137,2025-06-11,Miércoles,59409.52,59409.52,36065.05,1229.1,0.0,0,3000.0,0.0,3000.0,0.0,0.0,0,0.0,0.0,0.0,0.0,0.0,0.0,0.0,0.0,0.0,0.0,0.0,0.0,0.0,19115.37,632.1,26575.86,14481.8,9012.64,5927.08,0.0,0.0,,56629.48,56409.52,-219.96,Junio,6,2026-03-01T17:54:53.519330,2026-03-01T17:54:53.519330
HIST25_0138,2025-06-12,Jueves,53176.03,53605.03,33512.29,429.0,0.0,0,0.0,280.0,280.0,0.0,0.0,0,0.0,0.0,0.0,0.0,0.0,0.0,0.0,0.0,0.0,0.0,0.0,0.0,0.0,19383.74,0.0,26393.38,13159.72,8104.96,5550.25,0.0,0.0,,53208.31,53325.03,116.72,Junio,6,2026-03-01T17:54:53.519330,2026-03-01T17:54:53.519330
HIST25_0139,2025-06-13,Viernes,44726.48,43439.48,28339.94,0.0,0.0,0,0.0,2873.0,2873.0,0.0,0.0,0,0.0,0.0,0.0,0.0,0.0,0.0,0.0,0.0,0.0,0.0,0.0,0.0,0.0,12226.54,0.0,20356.4,11371.88,8643.03,0.0,0.0,0.0,,40371.31,40566.48,195.17,Junio,6,2026-03-01T17:54:53.519330,2026-03-01T17:54:53.519330
HIST25_0140,2025-06-14,Sábado,27127.42,28414.42,19891.6,1782.44,0.0,0,3000.0,0.0,3000.0,0.0,0.0,0,0.0,0.0,0.0,0.0,0.0,0.0,0.0,0.0,0.0,0.0,0.0,0.0,0.0,3740.38,0.0,19616.71,5800.42,0.0,0.0,0.0,0.0,,25417.13,25414.42,-2.71,Junio,6,2026-03-01T17:54:53.519330,2026-03-01T17:54:53.519330
HIST25_0141,2025-06-16,Lunes,66007.9,66230.9,40801.73,513.43,0.0,0,4000.0,0.0,4000.0,0.0,0.0,0,0.0,0.0,0.0,0.0,0.0,0.0,0.0,0.0,0.0,0.0,0.0,0.0,0.0,20915.74,1271.14,26724.27,15627.08,9896.6,8996.67,0.0,0.0,,62515.76,62230.9,-284.86,Junio,6,2026-03-01T17:54:53.519330,2026-03-01T17:54:53.519330
HIST25_0142,2025-06-17,Martes,66149.29,66149.29,42215.96,0.0,0.0,0,4000.0,0.0,4000.0,0.0,0.0,0,0.0,0.0,0.0,0.0,0.0,0.0,0.0,0.0,0.0,0.0,0.0,0.0,0.0,19933.33,932.0,24913.2,13625.91,10027.21,7556.07,5479.72,0.0,,62534.11,62149.29,-384.82,Junio,6,2026-03-01T17:54:53.519330,2026-03-01T17:54:53.519330
HIST25_0143,2025-06-18,Miércoles,58939.0,58939.0,35002.28,0.0,0.0,0,3000.0,0.0,3000.0,0.0,0.0,0,0.0,0.0,0.0,0.0,0.0,0.0,0.0,0.0,0.0,0.0,0.0,0.0,0.0,20936.72,418.36,26772.8,12958.7,8869.3,6877.34,0.0,0.0,,55896.5,55939.0,42.5,Junio,6,2026-03-01T17:54:53.519330,2026-03-01T17:54:53.519330
HIST25_0144,2025-06-19,Jueves,56091.21,56091.21,38391.52,0.0,0.0,0,0.0,5000.0,5000.0,82018.69,82623.8,0,10533.5,23838.89,35137.9,38587.48,76465.37,160306.84,5191.54,1110.22,16510.09,15.0,58.0,85715.21,21756.29,12699.69,182.14,22085.22,12734.35,8635.45,7454.72,0.0,0.0,,51091.88,51091.21,-0.67,Junio,6,2026-03-01T17:54:53.519330,2026-03-01T17:54:53.519330
HIST25_0145,2025-06-20,Viernes,40179.14,40179.14,22343.27,0.0,0.0,0,0.0,2716.0,2716.0,0.0,0.0,0,0.0,0.0,0.0,0.0,0.0,0.0,0.0,0.0,0.0,0.0,0.0,0.0,0.0,15119.87,0.0,18530.12,10120.46,8808.15,0.0,0.0,0.0,,37458.73,37463.14,4.41,Junio,6,2026-03-01T17:54:53.519330,2026-03-01T17:54:53.519330
HIST25_0146,2025-06-21,Sábado,30949.68,30949.68,18648.38,0.0,0.0,0,3000.0,0.0,3000.0,0.0,0.0,0,0.0,0.0,0.0,0.0,0.0,0.0,0.0,0.0,0.0,0.0,0.0,0.0,0.0,9301.3,0.0,20082.49,6158.43,3746.52,0.0,0.0,0.0,,29987.44,27949.68,-2037.76,Junio,6,2026-03-01T17:54:53.519330,2026-03-01T17:54:53.519330
HIST25_0147,2025-06-23,Lunes,62909.26,62914.31,36986.72,1055.39,0.0,0,4000.0,0.0,4000.0,0.0,0.0,0,0.0,0.0,0.0,0.0,0.0,0.0,0.0,0.0,0.0,0.0,0.0,0.0,0.0,20872.2,853.91,21646.39,14389.86,9694.84,7069.91,5246.18,0.0,,58901.09,58914.31,13.22,Junio,6,2026-03-01T17:54:53.519330,2026-03-01T17:54:53.519330
HIST25_0148,2025-06-24,Martes,58446.12,58500.07,38614.62,0.0,0.0,0,4000.0,0.0,4000.0,0.0,0.0,0,0.0,0.0,0.0,0.0,0.0,0.0,0.0,0.0,0.0,0.0,0.0,0.0,0.0,15885.45,310.0,23910.07,13575.5,8911.19,8105.73,0.0,0.0,,54812.49,54500.07,-312.42,Junio,6,2026-03-01T17:54:53.519330,2026-03-01T17:54:53.519330
HIST25_0149,2025-06-25,MIÉRCOLES,51005.9,51530.9,30847.53,361.0,0.0,0,0.0,3273.0,3273.0,0.0,0.0,0,0.0,0.0,0.0,0.0,0.0,0.0,0.0,0.0,0.0,0.0,0.0,0.0,0.0,17049.37,227.03,21613.75,11847.28,7835.13,6512.39,0.0,0.0,,48035.58,48257.9,222.32,Junio,6,2026-03-01T17:54:53.519330,2026-03-01T17:54:53.519330
HIST25_0150,2025-06-26,Jueves,49135.73,49135.73,31539.24,553.24,0.0,0,0.0,728.0,728.0,0.0,0.0,0,0.0,0.0,0.0,0.0,0.0,0.0,0.0,0.0,0.0,0.0,0.0,0.0,0.0,16315.25,0.0,24230.67,12087.63,7814.93,4267.75,0.0,0.0,,48400.98,48407.73,6.75,Junio,6,2026-03-01T17:54:53.519330,2026-03-01T17:54:53.519330
HIST25_0151,2025-06-27,Viernes,37201.64,37201.64,21465.15,0.0,0.0,0,0.0,0.0,0.0,0.0,0.0,0,0.0,0.0,0.0,0.0,0.0,0.0,0.0,0.0,0.0,0.0,0.0,0.0,0.0,15736.49,208.0,21695.46,9469.75,5878.43,0.0,0.0,0.0,,37251.64,37201.64,-50.0,Junio,6,2026-03-01T17:54:53.519330,2026-03-01T17:54:53.519330
HIST25_0152,2025-06-28,Sábado,27040.87,27040.87,16456.5,393.0,0.0,0,0.0,0.0,0.0,0.0,0.0,0,0.0,0.0,0.0,0.0,0.0,0.0,0.0,0.0,0.0,0.0,0.0,0.0,0.0,10191.37,158.0,21285.32,5755.55,0.0,0.0,0.0,0.0,,27198.87,27040.87,-158.0,Junio,6,2026-03-01T17:54:53.519330,2026-03-01T17:54:53.519330
HIST25_0153,2025-06-30,Lunes,57352.42,57575.42,38260.93,516.4,0.0,0,4000.0,0.0,4000.0,0.0,0.0,0,0.0,0.0,0.0,0.0,0.0,0.0,0.0,0.0,0.0,0.0,0.0,0.0,0.0,14798.09,0.0,0.0,0.0,0.0,0.0,0.0,0.0,,0.0,53575.42,53575.42,Junio,6,2026-03-01T17:54:53.519330,2026-03-01T17:54:53.519330
HIST25_0154,2025-07-01,Martes,59860.8,59860.8,36903.85,343.0,0.0,0,4000.0,0.0,4000.0,0.0,0.0,0,0.0,0.0,0.0,0.0,0.0,0.0,0.0,0.0,0.0,0.0,0.0,0.0,0.0,18613.95,281.61,22561.49,13442.41,9325.71,6359.76,3751.83,0.0,,55722.81,55860.8,137.99,Julio,7,2026-03-01T17:54:53.519330,2026-03-01T17:54:53.519330
HIST25_0155,2025-07-02,Miércoles,52929.35,52149.01,35779.34,987.0,0.0,0,0.0,3273.0,3273.0,0.0,0.0,0,0.0,0.0,0.0,0.0,0.0,0.0,0.0,0.0,0.0,0.0,0.0,0.0,0.0,12109.67,134.0,23961.3,13238.28,12186.78,0.0,0.0,0.0,,49520.36,48876.01,-644.35,Julio,7,2026-03-01T17:54:53.519330,2026-03-01T17:54:53.519330
HIST25_0156,2025-07-03,Jueves,48949.56,49729.9,32186.64,780.0,0.0,0,0.0,4659.0,4659.0,79115.0,77411.63,0,8042.99,19975.95,34670.31,32277.54,63132.07,147244.19,3491.53,1075.67,15850.44,57.0,0.0,73693.09,19550.06,12104.26,0.0,19707.98,11682.99,7967.01,4815.25,0.0,0.0,,44173.23,45070.9,897.67,Julio,7,2026-03-01T17:54:53.519330,2026-03-01T17:54:53.519330
HIST25_0157,2025-07-04,Viernes,42365.92,42365.92,27136.58,0.0,0.0,0,0.0,2500.0,2500.0,0.0,0.0,0,0.0,0.0,0.0,0.0,0.0,0.0,0.0,0.0,0.0,0.0,0.0,0.0,0.0,12729.34,381.42,23262.33,10596.12,5840.03,0.0,0.0,0.0,,40079.9,39865.92,-213.98,Julio,7,2026-03-01T17:54:53.519330,2026-03-01T17:54:53.519330
HIST25_0158,2025-07-05,Sábado,30079.66,30079.66,19245.81,1057.57,0.0,0,0.0,0.0,0.0,0.0,0.0,0,0.0,0.0,0.0,0.0,0.0,0.0,0.0,0.0,0.0,0.0,0.0,0.0,0.0,9776.28,0.0,22943.43,7184.24,0.0,0.0,0.0,0.0,,30127.67,30079.66,-48.01,Julio,7,2026-03-01T17:54:53.519330,2026-03-01T17:54:53.519330
HIST25_0159,2025-07-07,Lunes,66190.6,66630.6,45654.95,0.0,0.0,0,4000.0,1707.0,5707.0,0.0,0.0,0,0.0,0.0,0.0,0.0,0.0,0.0,0.0,0.0,0.0,0.0,0.0,0.0,0.0,15268.65,168.0,26615.66,14481.25,9654.27,6902.18,4250.82,0.0,,62072.18,60923.6,-1148.58,Julio,7,2026-03-01T17:54:53.519330,2026-03-01T17:54:53.519330
HIST25_0160,2025-07-08,Martes,59575.81,60847.21,38721.67,1009.58,0.0,0,4000.0,0.0,4000.0,0.0,0.0,0,0.0,0.0,0.0,0.0,0.0,0.0,0.0,0.0,0.0,0.0,0.0,0.0,0.0,17115.96,1107.01,25384.33,14715.27,8817.54,7222.98,0.0,0.0,,57247.13,56847.21,-399.92,Julio,7,2026-03-01T17:54:53.519330,2026-03-01T17:54:53.519330
HIST25_0161,2025-07-09,Miercoles,54935.71,54935.71,36019.29,225.75,0.0,0,0.0,3273.0,3273.0,0.0,0.0,0,0.0,0.0,0.0,0.0,0.0,0.0,0.0,0.0,0.0,0.0,0.0,0.0,0.0,15417.67,0.0,25911.99,13392.22,7641.54,5050.28,0.0,0.0,,51996.03,51662.71,-333.32,Julio,7,2026-03-01T17:54:53.519330,2026-03-01T17:54:53.519330
HIST25_0162,2025-07-10,Jueves,51868.11,52567.55,31733.96,712.88,0.0,0,0.0,280.0,280.0,0.0,0.0,0,0.0,0.0,0.0,0.0,0.0,0.0,0.0,0.0,0.0,0.0,0.0,0.0,0.0,19840.71,288.38,36204.52,15706.87,0.0,0.0,0.0,0.0,,52199.77,52287.55,87.78,Julio,7,2026-03-01T17:54:53.519330,2026-03-01T17:54:53.519330
HIST25_0163,2025-07-11,Viernes,49188.38,49188.38,31493.12,0.0,0.0,0,0.0,0.0,0.0,0.0,0.0,0,0.0,0.0,0.0,0.0,0.0,0.0,0.0,0.0,0.0,0.0,0.0,0.0,0.0,17695.26,114.0,38044.09,11030.27,0.0,0.0,0.0,0.0,,49188.36,49188.38,0.02,Julio,7,2026-03-01T17:54:53.519330,2026-03-01T17:54:53.519330
HIST25_0164,2025-07-12,Sabado,24409.34,24409.34,16297.52,0.0,0.0,0,0.0,0.0,0.0,0.0,0.0,0,0.0,0.0,0.0,0.0,0.0,0.0,0.0,0.0,0.0,0.0,0.0,0.0,0.0,8111.82,0.0,24409.31,0.0,0.0,0.0,0.0,0.0,,24409.31,24409.34,0.03,Julio,7,2026-03-01T17:54:53.519330,2026-03-01T17:54:53.519330
HIST25_0165,2025-07-14,Lunes,65193.98,65767.85,41876.48,531.25,0.0,0,4000.0,0.0,4000.0,0.0,0.0,0,0.0,0.0,0.0,0.0,0.0,0.0,0.0,0.0,0.0,0.0,0.0,0.0,0.0,19360.12,665.37,59881.89,0.0,0.0,0.0,0.0,0.0,,60547.26,61767.85,1220.59,Julio,7,2026-03-01T17:54:53.519330,2026-03-01T17:54:53.519330
HIST25_0166,2025-07-15,Martes,58012.23,58012.23,32673.76,1410.5,0.0,0,4000.0,0.0,4000.0,0.0,0.0,0,0.0,0.0,0.0,0.0,0.0,0.0,0.0,0.0,0.0,0.0,0.0,0.0,0.0,19927.97,465.18,53805.29,0.0,0.0,0.0,0.0,0.0,,54270.47,54012.23,-258.24,Julio,7,2026-03-01T17:54:53.519330,2026-03-01T17:54:53.519330
HIST25_0167,2025-07-16,Miércoles,58947.76,58718.76,41684.97,0.0,0.0,0,0.0,0.0,0.0,0.0,0.0,0,0.0,0.0,0.0,0.0,0.0,0.0,0.0,0.0,0.0,0.0,0.0,0.0,0.0,17033.79,446.9,58947.75,0.0,0.0,0.0,0.0,0.0,,59394.65,58718.76,-675.89,Julio,7,2026-03-01T17:54:53.519330,2026-03-01T17:54:53.519330
HIST25_0168,2025-07-17,Jueves,54446.71,54675.71,32692.21,680.0,0.0,0,0.0,4673.0,4673.0,76424.19,72770.6,0,9484.7,21948.16,34261.08,38611.21,65852.49,164811.28,3010.32,1179.38,20228.51,57.0,116.0,85778.2,0.0,16630.5,205.57,49775.2,0.0,0.0,0.0,0.0,0.0,,49980.77,50002.71,21.94,Julio,7,2026-03-01T17:54:53.519330,2026-03-01T17:54:53.519330
HIST25_0169,2025-07-18,Viernes,38032.54,38032.54,22692.03,0.0,0.0,0,0.0,4500.0,4500.0,0.0,0.0,0,0.0,0.0,0.0,0.0,0.0,0.0,0.0,0.0,0.0,0.0,0.0,0.0,0.0,10840.51,282.82,32862.62,0.0,0.0,0.0,0.0,0.0,,33145.44,33532.54,387.1,Julio,7,2026-03-01T17:54:53.519330,2026-03-01T17:54:53.519330
HIST25_0170,2025-07-19,Sábado,23213.76,23489.76,16453.51,0.0,0.0,0,600.0,0.0,600.0,0.0,0.0,0,0.0,0.0,0.0,0.0,0.0,0.0,0.0,0.0,0.0,0.0,0.0,0.0,0.0,6436.25,221.09,22900.05,0.0,0.0,0.0,0.0,0.0,,23121.14,22889.76,-231.38,Julio,7,2026-03-01T17:54:53.519330,2026-03-01T17:54:53.519330
HIST25_0171,2025-07-21,Lunes,65323.44,65323.44,41682.77,827.0,0.0,0,4000.0,0.0,4000.0,0.0,0.0,0,0.0,0.0,0.0,0.0,0.0,0.0,0.0,0.0,0.0,0.0,0.0,0.0,0.0,18813.67,264.25,61333.6,0.0,0.0,0.0,0.0,0.0,,61597.85,61323.44,-274.41,Julio,7,2026-03-01T17:54:53.519330,2026-03-01T17:54:53.519330
HIST25_0172,2025-07-22,Martes,54470.6,54412.55,32594.4,2809.89,0.0,0,4000.0,0.0,4000.0,0.0,0.0,0,0.0,0.0,0.0,0.0,0.0,0.0,0.0,0.0,0.0,0.0,0.0,0.0,0.0,15008.26,205.82,50110.21,0.0,0.0,0.0,0.0,0.0,,50316.03,50412.55,96.52,Julio,7,2026-03-01T17:54:53.519330,2026-03-01T17:54:53.519330
HIST25_0173,2025-07-23,Miercoles,51556.91,52081.96,33341.82,332.7,0.0,0,0.0,3273.0,3273.0,0.0,0.0,0,0.0,0.0,0.0,0.0,0.0,0.0,0.0,0.0,0.0,0.0,0.0,0.0,0.0,15134.44,985.15,48226.14,0.0,0.0,0.0,0.0,0.0,,49211.29,48808.96,-402.33,Julio,7,2026-03-01T17:54:53.519330,2026-03-01T17:54:53.519330
HIST25_0174,2025-07-24,Jueves,49901.89,47367.95,26835.18,0.0,0.0,0,0.0,1680.0,1680.0,0.0,0.0,0,0.0,0.0,0.0,0.0,0.0,0.0,0.0,0.0,0.0,0.0,0.0,0.0,0.0,18852.77,0.0,47813.86,0.0,0.0,0.0,0.0,0.0,,47813.86,45687.95,-2125.91,Julio,7,2026-03-01T17:54:53.519330,2026-03-01T17:54:53.519330
HIST25_0175,2025-07-25,Viernes,46423.85,48326.65,30533.57,0.0,0.0,0,4309.0,0.0,4309.0,0.0,0.0,0,0.0,0.0,0.0,0.0,0.0,0.0,0.0,0.0,0.0,0.0,0.0,0.0,0.0,13484.08,529.52,41446.46,0.0,0.0,0.0,0.0,0.0,,41975.98,44017.65,2041.67,Julio,7,2026-03-01T17:54:53.519330,2026-03-01T17:54:53.519330
HIST25_0176,2025-07-26,Sábado,26792.35,27088.15,16318.93,189.7,0.0,0,0.0,0.0,0.0,0.0,0.0,0,0.0,0.0,0.0,0.0,0.0,0.0,0.0,0.0,0.0,0.0,0.0,0.0,0.0,10579.52,0.0,26792.37,0.0,0.0,0.0,0.0,0.0,,26792.37,27088.15,295.78,Julio,7,2026-03-01T17:54:53.519330,2026-03-01T17:54:53.519330
HIST25_0177,2025-07-28,Lunes,65964.36,67039.36,42824.65,1199.6,0.0,0,4000.0,0.0,4000.0,0.0,0.0,0,0.0,0.0,0.0,0.0,0.0,0.0,0.0,0.0,0.0,0.0,0.0,0.0,0.0,19015.11,0.0,61566.28,0.0,0.0,0.0,0.0,0.0,,61566.28,63039.36,1473.08,Julio,7,2026-03-01T17:54:53.519330,2026-03-01T17:54:53.519330
HIST25_0178,2025-07-29,Martes,48846.05,48846.05,29940.83,432.42,0.0,0,4000.0,0.0,4000.0,0.0,0.0,0,0.0,0.0,0.0,0.0,0.0,0.0,0.0,0.0,0.0,0.0,0.0,0.0,0.0,14472.8,1046.29,44480.25,0.0,0.0,0.0,0.0,0.0,,45526.54,44846.05,-680.49,Julio,7,2026-03-01T17:54:53.519330,2026-03-01T17:54:53.519330
HIST25_0179,2025-07-30,Miercoles,48828.6,49612.1,30449.65,965.94,0.0,0,0.0,3273.0,3273.0,0.0,0.0,0,0.0,0.0,0.0,0.0,0.0,0.0,0.0,0.0,0.0,0.0,0.0,0.0,0.0,14923.51,376.51,45865.17,0.0,0.0,0.0,0.0,0.0,,46241.68,46339.1,97.42,Julio,7,2026-03-01T17:54:53.519330,2026-03-01T17:54:53.519330
HIST25_0180,2025-07-31,Jueves,51026.99,51026.99,34997.98,468.7,0.0,0,0.0,3581.0,3581.0,67900.2,72423.79,0,8183.68,22729.14,39643.93,29361.44,64545.4,148221.38,4757.83,925.92,18258.12,14.0,58.0,74143.8,20259.21,11979.31,0.0,47483.09,0.0,0.0,0.0,0.0,0.0,,47483.09,47445.99,-37.1,Julio,7,2026-03-01T17:54:53.519330,2026-03-01T17:54:53.519330
HIST25_0181,2025-08-01,Viernes,42717.18,42717.18,27892.69,0.0,0.0,0,0.0,4500.0,4500.0,0.0,0.0,0,0.0,0.0,0.0,0.0,0.0,0.0,0.0,0.0,0.0,0.0,0.0,0.0,0.0,10324.49,0.0,38216.83,0.0,0.0,0.0,0.0,0.0,,38216.83,38217.18,0.35,Agosto,8,2026-03-01T17:54:53.519330,2026-03-01T17:54:53.519330
HIST25_0182,2025-08-02,Sábado,22057.92,22057.92,14859.14,0.0,0.0,0,0.0,1178.0,1178.0,0.0,0.0,0,0.0,0.0,0.0,0.0,0.0,0.0,0.0,0.0,0.0,0.0,0.0,0.0,0.0,6020.78,0.0,22057.94,0.0,0.0,0.0,0.0,0.0,,22057.94,20879.92,-1178.02,Agosto,8,2026-03-01T17:54:53.519330,2026-03-01T17:54:53.519330
HIST25_0183,2025-08-04,Lunes,68474.84,67544.09,47848.2,469.25,0.0,0,4000.0,0.0,4000.0,0.0,0.0,0,0.0,0.0,0.0,0.0,0.0,0.0,0.0,0.0,0.0,0.0,0.0,0.0,0.0,15226.64,1216.6,61606.16,693.8,0.0,0.0,0.0,0.0,,63516.56,63544.09,27.53,Agosto,8,2026-03-01T17:54:53.519330,2026-03-01T17:54:53.519330
HIST25_0184,2025-08-05,Martes,61747.46,63135.56,41187.82,208.0,0.0,0,4000.0,0.0,4000.0,0.0,0.0,0,0.0,0.0,0.0,0.0,0.0,0.0,0.0,0.0,0.0,0.0,0.0,0.0,0.0,17739.74,38.3,57660.23,0.0,0.0,0.0,0.0,0.0,,57698.53,59135.56,1437.03,Agosto,8,2026-03-01T17:54:53.519330,2026-03-01T17:54:53.519330
HIST25_0185,2025-08-06,Miércoles,56927.13,57326.38,37570.7,1267.1,0.0,0,2600.0,3273.0,5873.0,0.0,0.0,0,0.0,0.0,0.0,0.0,0.0,0.0,0.0,0.0,0.0,0.0,0.0,0.0,0.0,12615.58,0.0,51453.74,0.0,0.0,0.0,0.0,0.0,,51453.74,51453.38,-0.36,Agosto,8,2026-03-01T17:54:53.519330,2026-03-01T17:54:53.519330
HIST25_0186,2025-08-07,Jueves,52626.18,52758.18,32921.19,127.0,0.0,0,0.0,1400.0,1400.0,0.0,0.0,0,0.0,0.0,0.0,0.0,0.0,0.0,0.0,0.0,0.0,0.0,0.0,0.0,0.0,18309.99,0.0,51364.3,0.0,0.0,0.0,0.0,0.0,,51364.3,51358.18,-6.12,Agosto,8,2026-03-01T17:54:53.519330,2026-03-01T17:54:53.519330
HIST25_0187,2025-08-08,Viernes,54295.22,54290.22,34263.17,275.0,0.0,0,0.0,0.0,0.0,0.0,0.0,0,0.0,0.0,0.0,0.0,0.0,0.0,0.0,0.0,0.0,0.0,0.0,0.0,0.0,19752.05,0.0,54295.18,0.0,0.0,0.0,0.0,0.0,,54295.18,54290.22,-4.96,Agosto,8,2026-03-01T17:54:53.519330,2026-03-01T17:54:53.519330
HIST25_0188,2025-08-09,Sábado,31073.84,31073.84,18022.53,0.0,0.0,0,0.0,0.0,0.0,0.0,0.0,0,0.0,0.0,0.0,0.0,0.0,0.0,0.0,0.0,0.0,0.0,0.0,0.0,0.0,13051.31,0.0,30639.61,0.0,0.0,0.0,0.0,0.0,,30639.61,31073.84,434.23,Agosto,8,2026-03-01T17:54:53.519330,2026-03-01T17:54:53.519330
HIST25_0189,2025-08-11,Lunes,74692.64,76403.97,50504.06,1403.8,0.0,0,0.0,0.0,0.0,0.0,0.0,0,0.0,0.0,0.0,0.0,0.0,0.0,0.0,0.0,0.0,0.0,0.0,0.0,0.0,24496.11,0.0,66835.94,4504.2,4000.96,0.0,0.0,0.0,,75341.1,76403.97,1062.87,Agosto,8,2026-03-01T17:54:53.519330,2026-03-01T17:54:53.519330
HIST25_0190,2025-08-12,Martes,56883.42,56883.42,41324.0,95.0,0.0,0,4000.0,0.0,4000.0,0.0,0.0,0,0.0,0.0,0.0,0.0,0.0,0.0,0.0,0.0,0.0,0.0,0.0,0.0,0.0,11464.42,0.0,52641.18,0.0,0.0,0.0,0.0,0.0,,52641.18,52883.42,242.24,Agosto,8,2026-03-01T17:54:53.519330,2026-03-01T17:54:53.519330
HIST25_0191,2025-08-13,Miercoles,56705.04,56266.04,34440.34,300.9,0.0,0,0.0,3273.0,3273.0,0.0,0.0,0,0.0,0.0,0.0,0.0,0.0,0.0,0.0,0.0,0.0,0.0,0.0,0.0,0.0,18251.8,1575.01,52921.42,0.0,0.0,0.0,0.0,0.0,,54496.43,52993.04,-1503.39,Agosto,8,2026-03-01T17:54:53.519330,2026-03-01T17:54:53.519330
HIST25_0192,2025-08-14,Jueves,60074.09,60739.09,32529.45,2931.78,0.0,0,0.0,4500.0,4500.0,85640.12,80825.9,0,8728.51,22819.21,34446.24,36305.3,62566.65,178601.94,3500.33,1085.46,21205.44,53.0,0.0,79453.65,24665.2,20777.86,239.0,55918.44,0.0,0.0,0.0,0.0,0.0,,56157.44,56239.09,81.65,Agosto,8,2026-03-01T17:54:53.519330,2026-03-01T17:54:53.519330
HIST25_0193,2025-08-15,Viernes,48338.25,48626.1,30660.28,1456.99,0.0,0,4000.0,0.0,4000.0,0.0,0.0,0,0.0,0.0,0.0,0.0,0.0,0.0,0.0,0.0,0.0,0.0,0.0,0.0,0.0,12508.83,1213.14,43119.81,0.0,0.0,0.0,0.0,0.0,,44332.95,44626.1,293.15,Agosto,8,2026-03-01T17:54:53.519330,2026-03-01T17:54:53.519330
HIST25_0194,2025-08-16,Sábado,34707.61,35025.91,24253.22,0.0,0.0,0,0.0,0.0,0.0,0.0,0.0,0,0.0,0.0,0.0,0.0,0.0,0.0,0.0,0.0,0.0,0.0,0.0,0.0,0.0,10772.69,0.0,34817.75,0.0,0.0,0.0,0.0,0.0,,34817.75,35025.91,208.16,Agosto,8,2026-03-01T17:54:53.519330,2026-03-01T17:54:53.519330
HIST25_0195,2025-08-18,Lunes,72359.94,72910.34,43531.06,1545.27,0.0,0,4000.0,0.0,4000.0,0.0,0.0,0,0.0,0.0,0.0,0.0,0.0,0.0,0.0,0.0,0.0,0.0,0.0,0.0,0.0,23834.01,0.0,66973.88,2123.67,0.0,0.0,0.0,0.0,,69097.55,68910.34,-187.21,Agosto,8,2026-03-01T17:54:53.519330,2026-03-01T17:54:53.519330
HIST25_0196,2025-08-19,Martes,62287.04,62412.96,42131.68,288.4,0.0,0,4000.0,0.0,4000.0,0.0,0.0,0,0.0,0.0,0.0,0.0,0.0,0.0,0.0,0.0,0.0,0.0,0.0,0.0,0.0,15992.88,660.0,58264.49,0.0,0.0,0.0,0.0,0.0,,58924.49,58412.96,-511.53,Agosto,8,2026-03-01T17:54:53.519330,2026-03-01T17:54:53.519330
HIST25_0197,2025-08-20,Miércoles,65209.98,66652.78,39618.62,485.57,0.0,0,0.0,3273.0,3273.0,0.0,0.0,0,0.0,0.0,0.0,0.0,0.0,0.0,0.0,0.0,0.0,0.0,0.0,0.0,0.0,23275.59,0.0,62354.02,0.0,0.0,0.0,0.0,0.0,,62354.02,63379.78,1025.76,Agosto,8,2026-03-01T17:54:53.519330,2026-03-01T17:54:53.519330
HIST25_0198,2025-08-21,Jueves,57601.51,58175.51,31676.03,290.25,0.0,0,0.0,0.0,0.0,0.0,0.0,0,0.0,0.0,0.0,0.0,0.0,0.0,0.0,0.0,0.0,0.0,0.0,0.0,0.0,26209.23,192.85,57478.67,0.0,0.0,0.0,0.0,0.0,,57671.52,58175.51,503.99,Agosto,8,2026-03-01T17:54:53.519330,2026-03-01T17:54:53.519330
HIST25_0199,2025-08-22,Viernes,47213.02,47009.74,33199.84,0.0,0.0,0,0.0,0.0,0.0,0.0,0.0,0,0.0,0.0,0.0,0.0,0.0,0.0,0.0,0.0,0.0,0.0,0.0,0.0,0.0,13809.9,899.61,46843.04,0.0,0.0,0.0,0.0,0.0,,47742.65,47009.74,-732.91,Agosto,8,2026-03-01T17:54:53.519330,2026-03-01T17:54:53.519330
HIST25_0200,2025-08-23,Sábado,27225.32,27013.43,18929.3,0.0,0.0,0,0.0,0.0,0.0,0.0,0.0,0,0.0,0.0,0.0,0.0,0.0,0.0,0.0,0.0,0.0,0.0,0.0,0.0,0.0,8084.13,89.0,27451.75,0.0,0.0,0.0,0.0,0.0,,27540.75,27013.43,-527.32,Agosto,8,2026-03-01T17:54:53.519330,2026-03-01T17:54:53.519330
HIST25_0201,2025-08-25,Lunes,69951.84,69846.57,45136.75,396.0,0.0,0,4000.0,0.0,4000.0,0.0,0.0,0,0.0,0.0,0.0,0.0,0.0,0.0,0.0,0.0,0.0,0.0,0.0,0.0,0.0,20313.82,450.23,61439.6,4731.54,0.0,0.0,0.0,0.0,,66621.37,65846.57,-774.8,Agosto,8,2026-03-01T17:54:53.519330,2026-03-01T17:54:53.519330
HIST25_0202,2025-08-26,Martes,71814.98,70283.11,51321.31,0.0,0.0,0,4000.0,0.0,4000.0,0.0,0.0,0,0.0,0.0,0.0,0.0,0.0,0.0,0.0,0.0,0.0,0.0,0.0,0.0,0.0,14961.8,409.71,66444.48,0.0,0.0,0.0,0.0,0.0,,66854.19,66283.11,-571.08,Agosto,8,2026-03-01T17:54:53.519330,2026-03-01T17:54:53.519330
HIST25_0203,2025-08-27,Miércoles,58908.14,58798.06,35806.12,997.77,0.0,0,0.0,3273.0,3273.0,0.0,0.0,0,0.0,0.0,0.0,0.0,0.0,0.0,0.0,0.0,0.0,0.0,0.0,0.0,0.0,18721.17,272.3,55496.91,0.0,0.0,0.0,0.0,0.0,,55769.21,55525.06,-244.15,Agosto,8,2026-03-01T17:54:53.519330,2026-03-01T17:54:53.519330
HIST25_0204,2025-08-28,Jueves,55790.13,56032.16,31675.95,1215.53,0.0,0,0.0,5300.0,5300.0,85183.5,89008.0,0,9522.5,24590.21,38062.9,38820.97,72340.08,186019.2,5873.08,1183.75,19778.49,59.0,68.0,76442.3,25926.37,17840.68,461.46,49911.27,0.0,0.0,0.0,0.0,0.0,,50372.73,50732.16,359.43,Agosto,8,2026-03-01T17:54:53.519330,2026-03-01T17:54:53.519330
HIST25_0205,2025-08-29,Viernes,47585.07,48064.17,30373.8,1618.49,0.0,0,0.0,0.0,0.0,0.0,0.0,0,0.0,0.0,0.0,0.0,0.0,0.0,0.0,0.0,0.0,0.0,0.0,0.0,0.0,16071.88,132.29,47953.19,0.0,0.0,0.0,0.0,0.0,,48085.48,48064.17,-21.31,Agosto,8,2026-03-01T17:54:53.519330,2026-03-01T17:54:53.519330
HIST25_0206,2025-08-30,Sábado,26405.98,26408.05,18301.94,468.5,0.0,0,3000.0,0.0,3000.0,0.0,0.0,0,0.0,0.0,0.0,0.0,0.0,0.0,0.0,0.0,0.0,0.0,0.0,0.0,0.0,4637.61,201.95,22620.36,0.0,0.0,0.0,0.0,0.0,,22822.31,23408.05,585.74,Agosto,8,2026-03-01T17:54:53.519330,2026-03-01T17:54:53.519330
HIST25_0207,2025-09-01,Lunes,88150.04,87336.44,53977.05,681.44,0.0,0,4000.0,0.0,4000.0,0.0,0.0,0,0.0,0.0,0.0,0.0,0.0,0.0,0.0,0.0,0.0,0.0,0.0,0.0,0.0,28677.95,100.1,72209.3,12274.52,0.0,0.0,0.0,0.0,,84583.92,83336.44,-1247.48,Septiembre,9,2026-03-01T17:54:53.519330,2026-03-01T17:54:53.519330
HIST25_0208,2025-09-02,Martes,65346.24,66121.29,44497.98,1055.0,0.0,0,4000.0,0.0,4000.0,0.0,0.0,0,0.0,0.0,0.0,0.0,0.0,0.0,0.0,0.0,0.0,0.0,0.0,0.0,0.0,16568.31,201.76,61117.17,0.0,0.0,0.0,0.0,0.0,,61318.93,62121.29,802.36,Septiembre,9,2026-03-01T17:54:53.519330,2026-03-01T17:54:53.519330
HIST25_0209,2025-09-03,Miércoles,57543.44,58071.39,37288.5,0.0,0.0,0,0.0,4966.0,4966.0,0.0,0.0,0,0.0,0.0,0.0,0.0,0.0,0.0,0.0,0.0,0.0,0.0,0.0,0.0,0.0,15816.89,0.0,52105.12,200.0,0.0,0.0,0.0,0.0,,52305.12,53105.39,800.27,Septiembre,9,2026-03-01T17:54:53.519330,2026-03-01T17:54:53.519330
HIST25_0210,2025-09-04,Jueves,57308.03,57502.03,38760.32,819.0,0.0,0,0.0,3573.0,3573.0,0.0,0.0,0,0.0,0.0,0.0,0.0,0.0,0.0,0.0,0.0,0.0,0.0,0.0,0.0,0.0,14349.71,471.98,53815.29,0.0,0.0,0.0,0.0,0.0,,54287.27,53929.03,-358.24,Septiembre,9,2026-03-01T17:54:53.519330,2026-03-01T17:54:53.519330
HIST25_0211,2025-09-05,Viernes,39872.9,39711.56,27737.92,0.0,0.0,0,3000.0,1750.0,4750.0,0.0,0.0,0,0.0,0.0,0.0,0.0,0.0,0.0,0.0,0.0,0.0,0.0,0.0,0.0,0.0,7223.64,0.0,37724.79,0.0,0.0,0.0,0.0,0.0,,37724.79,34961.56,-2763.23,Septiembre,9,2026-03-01T17:54:53.519330,2026-03-01T17:54:53.519330
HIST25_0212,2025-09-06,Sábado,29965.69,29965.69,19565.35,0.0,0.0,0,0.0,0.0,0.0,0.0,0.0,0,0.0,0.0,0.0,0.0,0.0,0.0,0.0,0.0,0.0,0.0,0.0,0.0,0.0,10400.34,0.0,29965.64,0.0,0.0,0.0,0.0,0.0,,29965.64,29965.69,0.05,Septiembre,9,2026-03-01T17:54:53.519330,2026-03-01T17:54:53.519330
HIST25_0213,2025-09-08,Lunes,77915.37,78334.37,47718.42,0.0,0.0,0,4000.0,0.0,4000.0,0.0,0.0,0,0.0,0.0,0.0,0.0,0.0,0.0,0.0,0.0,0.0,0.0,0.0,0.0,0.0,26615.95,389.06,63525.13,10171.64,0.0,0.0,0.0,0.0,,74085.83,74334.37,248.54,Septiembre,9,2026-03-01T17:54:53.519330,2026-03-01T17:54:53.519330
HIST25_0214,2025-09-09,Martes,67470.62,67298.47,46153.6,867.0,0.0,0,4000.0,0.0,4000.0,0.0,0.0,0,0.0,0.0,0.0,0.0,0.0,0.0,0.0,0.0,0.0,0.0,0.0,0.0,0.0,16277.87,0.0,63486.64,0.0,0.0,0.0,0.0,0.0,,63486.64,63298.47,-188.17,Septiembre,9,2026-03-01T17:54:53.519330,2026-03-01T17:54:53.519330
HIST25_0215,2025-09-10,Miércoles,56378.54,56550.69,32508.59,0.0,0.0,0,0.0,3473.0,3473.0,0.0,0.0,0,0.0,0.0,0.0,0.0,0.0,0.0,0.0,0.0,0.0,0.0,0.0,0.0,0.0,20569.1,527.68,52576.31,0.0,0.0,0.0,0.0,0.0,,53103.99,53077.69,-26.3,Septiembre,9,2026-03-01T17:54:53.519330,2026-03-01T17:54:53.519330
HIST25_0216,2025-09-11,Jueves,51429.6,51744.25,29713.81,123.0,0.0,0,0.0,0.0,0.0,87031.01,85535.81,0,10026.2,24696.64,41467.34,35961.35,75141.37,171513.07,3575.0,1148.85,22896.96,32.0,0.0,82241.2,0.0,21907.44,0.0,51581.59,0.0,0.0,0.0,0.0,0.0,,51581.59,51744.25,162.66,Septiembre,9,2026-03-01T17:54:53.519330,2026-03-01T17:54:53.519330
HIST25_0217,2025-09-12,Viernes,55809.55,55364.38,34019.51,0.0,0.0,0,0.0,2000.0,2000.0,0.0,0.0,0,0.0,0.0,0.0,0.0,0.0,0.0,0.0,0.0,0.0,0.0,0.0,0.0,0.0,19344.87,785.03,52732.08,0.0,0.0,0.0,0.0,0.0,,53517.11,53364.38,-152.73,Septiembre,9,2026-03-01T17:54:53.519330,2026-03-01T17:54:53.519330
HIST25_0218,2025-09-13,Sábado,31696.04,31848.42,19523.69,345.4,0.0,0,0.0,3720.0,3720.0,0.0,0.0,0,0.0,0.0,0.0,0.0,0.0,0.0,0.0,0.0,0.0,0.0,0.0,0.0,0.0,8259.33,0.0,28422.71,0.0,0.0,0.0,0.0,0.0,,28422.71,28128.42,-294.29,Septiembre,9,2026-03-01T17:54:53.519330,2026-03-01T17:54:53.519330
HIST25_0219,2025-09-15,Lunes,65379.27,65485.12,44302.67,0.0,0.0,0,4000.0,0.0,4000.0,0.0,0.0,0,0.0,0.0,0.0,0.0,0.0,0.0,0.0,0.0,0.0,0.0,0.0,0.0,0.0,17182.45,1264.87,59807.16,0.0,0.0,0.0,0.0,0.0,,61072.03,61485.12,413.09,Septiembre,9,2026-03-01T17:54:53.519330,2026-03-01T17:54:53.519330
HIST25_0220,2025-09-17,Miércoles,62975.96,64588.51,40560.14,1820.98,0.0,0,4000.0,646.0,4646.0,0.0,0.0,0,0.0,0.0,0.0,0.0,0.0,0.0,0.0,0.0,0.0,0.0,0.0,0.0,0.0,17561.39,838.0,56969.08,2561.84,0.0,0.0,0.0,0.0,,60368.92,59942.51,-426.41,Septiembre,9,2026-03-01T17:54:53.519330,2026-03-01T17:54:53.519330
HIST25_0221,2025-09-18,Jueves,64917.1,63843.08,41383.53,159.0,0.0,0,0.0,4133.0,4133.0,0.0,0.0,0,0.0,0.0,0.0,0.0,0.0,0.0,0.0,0.0,0.0,0.0,0.0,0.0,0.0,18167.55,1026.2,54951.79,3909.07,0.0,0.0,0.0,0.0,,59887.06,59710.08,-176.98,Septiembre,9,2026-03-01T17:54:53.519330,2026-03-01T17:54:53.519330
HIST25_0222,2025-09-19,Viernes,50965.37,50580.59,29494.44,258.0,0.0,0,2000.0,0.0,2000.0,0.0,0.0,0,0.0,0.0,0.0,0.0,0.0,0.0,0.0,0.0,0.0,0.0,0.0,0.0,0.0,18828.15,0.0,48682.28,0.0,0.0,0.0,0.0,0.0,,48682.28,48580.59,-101.69,Septiembre,9,2026-03-01T17:54:53.519330,2026-03-01T17:54:53.519330
HIST25_0223,2025-09-20,Sábado,31339.04,32339.94,22635.26,457.9,0.0,0,0.0,0.0,0.0,0.0,0.0,0,0.0,0.0,0.0,0.0,0.0,0.0,0.0,0.0,0.0,0.0,0.0,0.0,0.0,9246.78,853.99,32532.19,0.0,0.0,0.0,0.0,0.0,,33386.18,32339.94,-1046.24,Septiembre,9,2026-03-01T17:54:53.519330,2026-03-01T17:54:53.519330
HIST25_0224,2025-09-22,Lunes,74418.16,75150.56,47625.58,1700.18,0.0,0,4000.0,0.0,4000.0,0.0,0.0,0,0.0,0.0,0.0,0.0,0.0,0.0,0.0,0.0,0.0,0.0,0.0,0.0,0.0,21824.8,1113.92,67483.79,2850.23,0.0,0.0,0.0,0.0,,71447.94,71150.56,-297.38,Septiembre,9,2026-03-01T17:54:53.519330,2026-03-01T17:54:53.519330
HIST25_0225,2025-09-23,Martes,71767.21,72139.71,48413.28,920.28,0.0,0,4000.0,0.0,4000.0,0.0,0.0,0,0.0,0.0,0.0,0.0,0.0,0.0,0.0,0.0,0.0,0.0,0.0,0.0,0.0,18806.15,0.0,59952.99,7199.8,0.0,0.0,0.0,0.0,,67152.79,68139.71,986.92,Septiembre,9,2026-03-01T17:54:53.519330,2026-03-01T17:54:53.519330
HIST25_0226,2025-09-24,Miércoles,70425.96,70039.96,40977.99,1734.15,0.0,0,0.0,2686.5,2686.5,0.0,0.0,0,0.0,0.0,0.0,0.0,0.0,0.0,0.0,0.0,0.0,0.0,0.0,0.0,0.0,24641.32,0.0,66238.74,0.0,0.0,0.0,0.0,0.0,,66238.74,67353.46,1114.72,Septiembre,9,2026-03-01T17:54:53.519330,2026-03-01T17:54:53.519330
HIST25_0227,2025-09-25,JUEVES,57930.76,58177.44,34272.95,308.0,0.0,0,0.0,3421.0,3421.0,84185.71,81857.22,0,7990.02,21192.71,35165.49,35213.36,59428.28,184074.6,4432.75,992.96,20371.92,48.0,29.0,78901.6,23945.1,20175.49,1113.88,54729.29,0.0,0.0,0.0,0.0,0.0,,55843.17,54756.44,-1086.73,Septiembre,9,2026-03-01T17:54:53.519330,2026-03-01T17:54:53.519330
HIST25_0228,2025-09-26,Viernes,44816.52,44562.93,27554.7,895.94,0.0,0,0.0,0.0,0.0,0.0,0.0,0,0.0,0.0,0.0,0.0,0.0,0.0,0.0,0.0,0.0,0.0,0.0,0.0,0.0,16112.29,582.27,44157.28,0.0,0.0,0.0,0.0,0.0,,44739.55,44562.93,-176.62,Septiembre,9,2026-03-01T17:54:53.519330,2026-03-01T17:54:53.519330
HIST25_0229,2025-09-27,Sábado,31810.38,31810.38,24946.46,0.0,0.0,0,0.0,0.0,0.0,0.0,0.0,0,0.0,0.0,0.0,0.0,0.0,0.0,0.0,0.0,0.0,0.0,0.0,0.0,0.0,6863.92,0.0,31810.39,0.0,0.0,0.0,0.0,0.0,,31810.39,31810.38,-0.01,Septiembre,9,2026-03-01T17:54:53.519330,2026-03-01T17:54:53.519330
HIST25_0230,2025-09-29,Lunes,75890.67,75890.67,49494.11,669.9,0.0,0,4000.0,0.0,4000.0,0.0,0.0,0,0.0,0.0,0.0,0.0,0.0,0.0,0.0,0.0,0.0,0.0,0.0,0.0,0.0,21726.66,147.06,66716.87,0.0,0.0,0.0,0.0,0.0,,66863.93,71890.67,5026.74,Septiembre,9,2026-03-01T17:54:53.519330,2026-03-01T17:54:53.519330
HIST25_0231,2025-09-30,Martes,75344.28,75472.43,48451.93,525.02,0.0,0,4000.0,0.0,4000.0,0.0,0.0,0,0.0,0.0,0.0,0.0,0.0,0.0,0.0,0.0,0.0,0.0,0.0,0.0,0.0,22495.48,301.67,66787.61,4382.56,1213.02,0.0,0.0,0.0,,72684.86,71472.43,-1212.43,Septiembre,9,2026-03-01T17:54:53.519330,2026-03-01T17:54:53.519330
HIST25_0232,2025-10-01,Miércoles,64993.73,65053.23,43483.94,156.0,0.0,0,2325.0,1673.0,3998.0,0.0,0.0,0,0.0,0.0,0.0,0.0,0.0,0.0,0.0,0.0,0.0,0.0,0.0,0.0,0.0,17415.29,428.01,61055.91,0.0,0.0,0.0,0.0,0.0,,61483.92,61055.23,-428.69,Octubre,10,2026-03-01T17:54:53.519330,2026-03-01T17:54:53.519330
HIST25_0233,2025-10-02,Jueves,61300.05,61431.25,42017.71,0.0,0.0,0,0.0,3150.0,3150.0,0.0,0.0,0,0.0,0.0,0.0,0.0,0.0,0.0,0.0,0.0,0.0,0.0,0.0,0.0,0.0,16263.54,0.0,57851.9,0.0,0.0,0.0,0.0,0.0,,57851.9,58281.25,429.35,Octubre,10,2026-03-01T17:54:53.519330,2026-03-01T17:54:53.519330
HIST25_0234,2025-10-03,Viernes,41672.52,42302.52,27787.12,0.0,0.0,0,0.0,0.0,0.0,0.0,0.0,0,0.0,0.0,0.0,0.0,0.0,0.0,0.0,0.0,0.0,0.0,0.0,0.0,0.0,14515.4,0.0,42075.82,0.0,0.0,0.0,0.0,0.0,,42075.82,42302.52,226.7,Octubre,10,2026-03-01T17:54:53.519330,2026-03-01T17:54:53.519330
HIST25_0235,2025-10-04,Sábado,33771.03,33771.03,24041.39,0.0,0.0,0,0.0,3935.31,3935.31,0.0,0.0,0,0.0,0.0,0.0,0.0,0.0,0.0,0.0,0.0,0.0,0.0,0.0,0.0,0.0,5794.33,171.39,29669.11,0.0,0.0,0.0,0.0,0.0,,29840.5,29835.72,-4.78,Octubre,10,2026-03-01T17:54:53.519330,2026-03-01T17:54:53.519330
HIST25_0236,2025-10-06,Lunes,74438.68,73569.68,50050.18,2030.25,0.0,0,4000.0,0.0,4000.0,0.0,0.0,0,0.0,0.0,0.0,0.0,0.0,0.0,0.0,0.0,0.0,0.0,0.0,0.0,0.0,17489.25,1852.63,60045.0,8831.15,0.0,0.0,0.0,0.0,,70728.78,69569.68,-1159.1,Octubre,10,2026-03-01T17:54:53.519330,2026-03-01T17:54:53.519330
HIST25_0237,2025-10-07,Martes,65623.95,65967.74,47558.56,0.0,0.0,0,4000.0,0.0,4000.0,0.0,0.0,0,0.0,0.0,0.0,0.0,0.0,0.0,0.0,0.0,0.0,0.0,0.0,0.0,0.0,14409.18,0.0,57354.34,3721.57,0.0,0.0,0.0,0.0,,61075.91,61967.74,891.83,Octubre,10,2026-03-01T17:54:53.519330,2026-03-01T17:54:53.519330
HIST25_0238,2025-10-08,Miercoles,59517.6,60268.81,37705.13,564.0,0.0,0,0.0,3673.0,3673.0,0.0,0.0,0,0.0,0.0,0.0,0.0,0.0,0.0,0.0,0.0,0.0,0.0,0.0,0.0,0.0,18326.68,809.44,55977.43,0.0,0.0,0.0,0.0,0.0,,56786.87,56595.81,-191.06,Octubre,10,2026-03-01T17:54:53.519330,2026-03-01T17:54:53.519330
HIST25_0239,2025-10-09,Jueves,61866.3,61866.3,37486.27,578.19,0.0,0,0.0,3631.0,3631.0,89329.41,86883.9,0,7961.0,23677.36,36231.8,39077.62,71133.91,203517.73,4856.89,1121.02,25419.42,66.0,0.0,74482.5,26180.91,20170.84,202.24,58025.27,0.0,0.0,0.0,0.0,0.0,,58227.51,58235.3,7.79,Octubre,10,2026-03-01T17:54:53.519330,2026-03-01T17:54:53.519330
HIST25_0240,2025-10-10,Viernes,57633.69,57633.69,36813.91,925.93,0.0,0,0.0,0.0,0.0,0.0,0.0,0,0.0,0.0,0.0,0.0,0.0,0.0,0.0,0.0,0.0,0.0,0.0,0.0,0.0,19893.85,160.0,57473.65,0.0,0.0,0.0,0.0,0.0,,57633.65,57633.69,0.04,Octubre,10,2026-03-01T17:54:53.519330,2026-03-01T17:54:53.519330
HIST25_0241,2025-10-11,Sábado,35449.78,35449.78,23989.84,0.0,0.0,0,0.0,2100.0,2100.0,0.0,0.0,0,0.0,0.0,0.0,0.0,0.0,0.0,0.0,0.0,0.0,0.0,0.0,0.0,0.0,9359.94,0.0,33360.07,0.0,0.0,0.0,0.0,0.0,,33360.07,33349.78,-10.29,Octubre,10,2026-03-01T17:54:53.519330,2026-03-01T17:54:53.519330
HIST25_0242,2025-10-13,Lunes,71691.33,71021.05,33807.38,1885.51,0.0,0,4000.0,0.0,4000.0,0.0,0.0,0,0.0,0.0,0.0,0.0,0.0,0.0,0.0,0.0,0.0,0.0,0.0,0.0,0.0,31328.16,0.0,64206.86,3024.24,0.0,0.0,0.0,0.0,,67231.1,67021.05,-210.05,Octubre,10,2026-03-01T17:54:53.519330,2026-03-01T17:54:53.519330
HIST25_0243,2025-10-14,Martes,73664.12,73088.62,44323.66,1251.19,0.0,0,4000.0,0.0,4000.0,0.0,0.0,0,0.0,0.0,0.0,0.0,0.0,0.0,0.0,0.0,0.0,0.0,0.0,0.0,0.0,23513.77,517.48,63760.28,5069.26,0.0,0.0,0.0,0.0,,69347.02,69088.62,-258.4,Octubre,10,2026-03-01T17:54:53.519330,2026-03-01T17:54:53.519330
HIST25_0244,2025-10-15,Miércoles,68334.42,69867.84,44396.36,133.15,0.0,0,0.0,1673.0,1673.0,0.0,0.0,0,0.0,0.0,0.0,0.0,0.0,0.0,0.0,0.0,0.0,0.0,0.0,0.0,0.0,23665.33,1504.0,61282.25,7235.31,0.0,0.0,0.0,0.0,,70021.56,68194.84,-1826.72,Octubre,10,2026-03-01T17:54:53.519330,2026-03-01T17:54:53.519330
HIST25_0245,2025-10-16,Jueves,72841.16,72659.72,49782.95,1499.36,0.0,0,0.0,2030.0,2030.0,0.0,0.0,0,0.0,0.0,0.0,0.0,0.0,0.0,0.0,0.0,0.0,0.0,0.0,0.0,0.0,19347.41,325.0,63155.1,2977.88,0.0,0.0,0.0,0.0,,66457.98,70629.72,4171.74,Octubre,10,2026-03-01T17:54:53.519330,2026-03-01T17:54:53.519330
HIST25_0246,2025-10-17,Viernes,43077.13,47747.13,30685.21,634.1,0.0,0,0.0,0.0,0.0,0.0,0.0,0,0.0,0.0,0.0,0.0,0.0,0.0,0.0,0.0,0.0,0.0,0.0,0.0,0.0,16427.82,1423.64,47431.52,0.0,0.0,0.0,0.0,0.0,,48855.16,47747.13,-1108.03,Octubre,10,2026-03-01T17:54:53.519330,2026-03-01T17:54:53.519330
HIST25_0247,2025-10-18,Sábado,30582.49,30354.32,22022.94,0.0,0.0,0,0.0,0.0,0.0,0.0,0.0,0,0.0,0.0,0.0,0.0,0.0,0.0,0.0,0.0,0.0,0.0,0.0,0.0,0.0,8331.38,0.0,30140.11,0.0,0.0,0.0,0.0,0.0,,30140.11,30354.32,214.21,Octubre,10,2026-03-01T17:54:53.519330,2026-03-01T17:54:53.519330
HIST25_0248,2025-10-20,Lunes,87901.41,88946.1,56029.29,2289.1,0.0,0,4000.0,0.0,4000.0,0.0,0.0,0,0.0,0.0,0.0,0.0,0.0,0.0,0.0,0.0,0.0,0.0,0.0,0.0,0.0,26627.71,227.95,68968.49,15677.32,0.0,0.0,0.0,0.0,,84873.76,84946.1,72.34,Octubre,10,2026-03-01T17:54:53.519330,2026-03-01T17:54:53.519330
HIST25_0249,2025-10-21,Martes,72009.22,72889.69,48581.2,0.0,0.0,0,4000.0,0.0,4000.0,0.0,0.0,0,0.0,0.0,0.0,0.0,0.0,0.0,0.0,0.0,0.0,0.0,0.0,0.0,0.0,20308.49,0.0,58766.96,9266.43,0.0,0.0,0.0,0.0,,68033.39,68889.69,856.3,Octubre,10,2026-03-01T17:54:53.519330,2026-03-01T17:54:53.519330
HIST25_0250,2025-10-22,Miércoles,59484.44,59484.44,36734.27,595.2,0.0,0,0.0,1673.0,1673.0,0.0,0.0,0,0.0,0.0,0.0,0.0,0.0,0.0,0.0,0.0,0.0,0.0,0.0,0.0,0.0,20481.97,2117.18,57267.26,0.0,0.0,0.0,0.0,0.0,,59384.44,57811.44,-1573.0,Octubre,10,2026-03-01T17:54:53.519330,2026-03-01T17:54:53.519330
HIST25_0251,2025-10-23,Jueves,72188.06,72044.27,46268.91,948.89,0.0,0,0.0,5067.0,5067.0,95999.09,101038.6,0,9010.71,20931.76,39473.42,39064.79,75867.46,223035.32,4498.24,1202.31,25238.72,93.0,0.0,85950.9,28573.38,19759.47,211.23,58000.49,7522.4,0.0,0.0,0.0,0.0,,65734.12,66977.27,1243.15,Octubre,10,2026-03-01T17:54:53.519330,2026-03-01T17:54:53.519330
HIST25_0252,2025-10-24,Viernes,54511.01,54741.01,36990.54,460.61,0.0,0,0.0,590.0,590.0,0.0,0.0,0,0.0,0.0,0.0,0.0,0.0,0.0,0.0,0.0,0.0,0.0,0.0,0.0,0.0,16699.86,362.04,54561.92,0.0,0.0,0.0,0.0,0.0,,54923.96,54151.01,-772.95,Octubre,10,2026-03-01T17:54:53.519330,2026-03-01T17:54:53.519330
HIST25_0253,2025-10-25,Sábado,32048.02,31446.62,20620.47,410.1,0.0,0,0.0,0.0,0.0,0.0,0.0,0,0.0,0.0,0.0,0.0,0.0,0.0,0.0,0.0,0.0,0.0,0.0,0.0,0.0,10416.05,363.52,31446.62,0.0,0.0,0.0,0.0,0.0,,31810.14,31446.62,-363.52,Octubre,10,2026-03-01T17:54:53.519330,2026-03-01T17:54:53.519330
HIST25_0254,2025-10-27,Lunes,76058.85,76855.95,50138.09,1449.57,0.0,0,4000.0,0.0,4000.0,0.0,0.0,0,0.0,0.0,0.0,0.0,0.0,0.0,0.0,0.0,0.0,0.0,0.0,0.0,0.0,21268.29,37.26,62654.52,9580.29,0.0,0.0,0.0,0.0,,72272.07,72855.95,583.88,Octubre,10,2026-03-01T17:54:53.519330,2026-03-01T17:54:53.519330
HIST25_0255,2025-10-28,Martes,60081.77,61521.41,40259.93,182.0,0.0,0,4000.0,1260.0,5260.0,0.0,0.0,0,0.0,0.0,0.0,0.0,0.0,0.0,0.0,0.0,0.0,0.0,0.0,0.0,0.0,15819.48,0.0,55192.45,0.0,0.0,0.0,0.0,0.0,,55192.45,56261.41,1068.96,Octubre,10,2026-03-01T17:54:53.519330,2026-03-01T17:54:53.519330
HIST25_0256,2025-10-29,Miércoles,69469.61,69469.61,49089.87,671.85,0.0,0,0.0,1673.0,1673.0,0.0,0.0,0,0.0,0.0,0.0,0.0,0.0,0.0,0.0,0.0,0.0,0.0,0.0,0.0,0.0,18034.89,0.0,61443.01,6072.77,0.0,0.0,0.0,0.0,,67515.78,67796.61,280.83,Octubre,10,2026-03-01T17:54:53.519330,2026-03-01T17:54:53.519330
HIST25_0257,2025-10-30,Miércoles,56441.7,56441.7,35060.85,986.38,0.0,0,4175.0,630.0,4805.0,0.0,0.0,0,0.0,0.0,0.0,0.0,0.0,0.0,0.0,0.0,0.0,0.0,0.0,0.0,0.0,15589.47,961.9,50834.55,1975.75,0.0,0.0,0.0,0.0,,53772.2,51636.7,-2135.5,Octubre,10,2026-03-01T17:54:53.519330,2026-03-01T17:54:53.519330
HIST25_0258,2025-10-31,Viernes,53179.97,53179.97,37054.75,729.0,0.0,0,0.0,385.0,385.0,0.0,0.0,0,0.0,0.0,0.0,0.0,0.0,0.0,0.0,0.0,0.0,0.0,0.0,0.0,0.0,15011.22,915.67,51876.44,0.0,0.0,0.0,0.0,0.0,,52792.11,52794.97,2.86,Octubre,10,2026-03-01T17:54:53.519330,2026-03-01T17:54:53.519330
HIST25_0259,2025-11-01,Sábado,25314.63,25314.63,17073.68,0.0,0.0,0,0.0,0.0,0.0,0.0,0.0,0,0.0,0.0,0.0,0.0,0.0,0.0,0.0,0.0,0.0,0.0,0.0,0.0,0.0,8240.95,341.0,24973.62,0.0,0.0,0.0,0.0,0.0,,25314.62,25314.63,0.01,Noviembre,11,2026-03-01T17:54:53.519330,2026-03-01T17:54:53.519330
HIST25_0260,2025-11-03,Lunes,79410.92,80283.22,55828.72,927.4,0.0,0,4000.0,0.0,4000.0,0.0,0.0,0,0.0,0.0,0.0,0.0,0.0,0.0,0.0,0.0,0.0,0.0,0.0,0.0,0.0,19527.1,162.96,67376.78,6800.8,0.0,0.0,0.0,0.0,,74340.54,76283.22,1942.68,Noviembre,11,2026-03-01T17:54:53.519330,2026-03-01T17:54:53.519330
HIST25_0261,2025-11-04,Martes,75989.49,75916.64,45957.76,1481.0,0.0,0,4000.0,0.0,4000.0,0.0,0.0,0,0.0,0.0,0.0,0.0,0.0,0.0,0.0,0.0,0.0,0.0,0.0,0.0,0.0,24477.88,598.82,62287.87,9186.37,0.0,0.0,0.0,0.0,,72073.06,71916.64,-156.42,Noviembre,11,2026-03-01T17:54:53.519330,2026-03-01T17:54:53.519330
HIST25_0262,2025-11-05,Miércoles,69707.35,69941.05,46589.15,1115.0,0.0,0,0.0,6000.0,6000.0,0.0,0.0,0,0.0,0.0,0.0,0.0,0.0,0.0,0.0,0.0,0.0,0.0,0.0,0.0,0.0,16236.9,0.0,56772.69,7061.69,0.0,0.0,0.0,0.0,,63834.38,63941.05,106.67,Noviembre,11,2026-03-01T17:54:53.519330,2026-03-01T17:54:53.519330
HIST25_0263,2025-11-06,Jueves,64344.0,64111.8,39972.15,549.35,0.0,0,0.0,11032.0,11032.0,95092.41,106978.6,0,8517.0,21759.25,38781.12,35200.95,64141.05,214064.73,2589.22,1154.93,23872.23,168.0,0.0,76807.0,26767.72,12558.3,0.0,56745.81,0.0,0.0,0.0,0.0,0.0,,56745.81,53079.8,-3666.01,Noviembre,11,2026-03-01T17:54:53.519330,2026-03-01T17:54:53.519330
HIST25_0264,2025-11-07,Viernes,54721.11,54140.87,34432.95,620.72,0.0,0,0.0,0.0,0.0,0.0,0.0,0,0.0,0.0,0.0,0.0,0.0,0.0,0.0,0.0,0.0,0.0,0.0,0.0,0.0,19087.2,1546.74,49219.85,0.0,0.0,0.0,0.0,0.0,,50766.59,54140.87,3374.28,Noviembre,11,2026-03-01T17:54:53.519330,2026-03-01T17:54:53.519330
HIST25_0265,2025-11-08,Sábado,37394.67,38579.11,24537.77,0.0,0.0,0,0.0,5500.0,5500.0,0.0,0.0,0,0.0,0.0,0.0,0.0,0.0,0.0,0.0,0.0,0.0,0.0,0.0,0.0,0.0,8541.34,860.79,31025.5,0.0,0.0,0.0,0.0,0.0,,31886.29,33079.11,1192.82,Noviembre,11,2026-03-01T17:54:53.519330,2026-03-01T17:54:53.519330
HIST25_0266,2025-11-10,Lunes,86393.02,87574.02,56046.07,729.53,0.0,0,4000.0,0.0,4000.0,0.0,0.0,0,0.0,0.0,0.0,0.0,0.0,0.0,0.0,0.0,0.0,0.0,0.0,0.0,0.0,26798.42,0.0,65016.3,18072.92,0.0,0.0,0.0,0.0,,83089.22,83574.02,484.8,Noviembre,11,2026-03-01T17:54:53.519330,2026-03-01T17:54:53.519330
HIST25_0267,2025-11-11,Martes,67172.89,68029.89,41536.25,547.95,0.0,0,4000.0,0.0,4000.0,0.0,0.0,0,0.0,0.0,0.0,0.0,0.0,0.0,0.0,0.0,0.0,0.0,0.0,0.0,0.0,21945.69,593.99,59116.76,4290.99,0.0,0.0,0.0,0.0,,64001.74,64029.89,28.15,Noviembre,11,2026-03-01T17:54:53.519330,2026-03-01T17:54:53.519330
HIST25_0268,2025-11-12,Miércoles oles,68962.15,68962.15,46035.47,1300.77,0.0,0,0.0,1673.0,1673.0,0.0,0.0,0,0.0,0.0,0.0,0.0,0.0,0.0,0.0,0.0,0.0,0.0,0.0,0.0,0.0,19952.91,1635.08,64764.19,0.0,0.0,0.0,0.0,0.0,,66399.27,67289.15,889.88,Noviembre,11,2026-03-01T17:54:53.519330,2026-03-01T17:54:53.519330
HIST25_0269,2025-11-13,Jueves,61297.67,60824.27,40768.06,1059.6,0.0,0,0.0,1573.0,1573.0,0.0,0.0,0,0.0,0.0,0.0,0.0,0.0,0.0,0.0,0.0,0.0,0.0,0.0,0.0,0.0,17423.61,1606.57,57275.17,0.0,0.0,0.0,0.0,0.0,,58881.74,59251.27,369.53,Noviembre,11,2026-03-01T17:54:53.519330,2026-03-01T17:54:53.519330
HIST25_0270,2025-11-14,Viernes,55761.62,56485.02,35089.72,942.18,0.0,0,0.0,0.0,0.0,0.0,0.0,0,0.0,0.0,0.0,0.0,0.0,0.0,0.0,0.0,0.0,0.0,0.0,0.0,0.0,20453.12,0.0,56485.11,0.0,0.0,0.0,0.0,0.0,,56485.11,56485.02,-0.09,Noviembre,11,2026-03-01T17:54:53.519330,2026-03-01T17:54:53.519330
HIST25_0271,2025-11-15,Sábado,28558.76,29399.56,19337.93,477.21,0.0,0,0.0,0.0,0.0,0.0,0.0,0,0.0,0.0,0.0,0.0,0.0,0.0,0.0,0.0,0.0,0.0,0.0,0.0,0.0,9584.42,0.0,29281.62,0.0,0.0,0.0,0.0,0.0,,29281.62,29399.56,117.94,Noviembre,11,2026-03-01T17:54:53.519330,2026-03-01T17:54:53.519330
HIST25_0272,2025-11-18,Martes,77600.51,78949.11,54113.13,0.0,0.0,0,4000.0,0.0,4000.0,0.0,0.0,0,0.0,0.0,0.0,0.0,0.0,0.0,0.0,0.0,0.0,0.0,0.0,0.0,0.0,20835.98,3809.9,62369.78,11460.41,0.0,0.0,0.0,0.0,,77640.09,74949.11,-2690.98,Noviembre,11,2026-03-01T17:54:53.519330,2026-03-01T17:54:53.519330
HIST25_0273,2025-11-19,Miércoles,68262.22,69138.22,45912.32,1036.0,0.0,0,4000.0,1673.0,5673.0,0.0,0.0,0,0.0,0.0,0.0,0.0,0.0,0.0,0.0,0.0,0.0,0.0,0.0,0.0,0.0,16516.9,513.79,58713.74,5244.52,0.0,0.0,0.0,0.0,,64472.05,63465.22,-1006.83,Noviembre,11,2026-03-01T17:54:53.519330,2026-03-01T17:54:53.519330
HIST25_0274,2025-11-20,Jueves,60251.31,60251.31,42776.27,0.0,0.0,0,0.0,3767.0,3767.0,86953.32,89540.0,0,7251.0,23797.01,30687.89,32452.83,67946.02,194475.68,2646.53,737.31,22922.67,87.0,0.0,85155.3,25109.77,13708.04,116.33,54449.18,0.0,0.0,0.0,0.0,0.0,,54565.51,56484.31,1918.8,Noviembre,11,2026-03-01T17:54:53.519330,2026-03-01T17:54:53.519330
HIST25_0275,2025-11-21,Viernes,47709.22,47709.22,30714.51,373.0,0.0,0,0.0,0.0,0.0,0.0,0.0,0,0.0,0.0,0.0,0.0,0.0,0.0,0.0,0.0,0.0,0.0,0.0,0.0,0.0,16621.71,1361.51,46989.13,0.0,0.0,0.0,0.0,0.0,,48350.64,47709.22,-641.42,Noviembre,11,2026-03-01T17:54:53.519330,2026-03-01T17:54:53.519330
HIST25_0276,2025-11-22,Sábado,37672.58,37672.58,21497.36,627.07,0.0,0,0.0,0.0,0.0,0.0,0.0,0,0.0,0.0,0.0,0.0,0.0,0.0,0.0,0.0,0.0,0.0,0.0,0.0,0.0,15548.15,244.52,37672.6,0.0,0.0,0.0,0.0,0.0,,37917.12,37672.58,-244.54,Noviembre,11,2026-03-01T17:54:53.519330,2026-03-01T17:54:53.519330
HIST25_0277,2025-11-24,Lunes,84872.98,85647.88,54551.32,1415.0,0.0,0,4000.0,0.0,4000.0,0.0,0.0,0,0.0,0.0,0.0,0.0,0.0,0.0,0.0,0.0,0.0,0.0,0.0,0.0,0.0,25681.56,257.0,68782.14,11961.12,0.0,0.0,0.0,0.0,,81000.26,81647.88,647.62,Noviembre,11,2026-03-01T17:54:53.519330,2026-03-01T17:54:53.519330
HIST25_0278,2025-11-25,Martes,70230.94,70438.74,44370.54,1194.0,0.0,0,4000.0,0.0,4000.0,0.0,0.0,0,0.0,0.0,0.0,0.0,0.0,0.0,0.0,0.0,0.0,0.0,0.0,0.0,0.0,20874.2,1229.71,63094.27,3790.35,0.0,0.0,0.0,0.0,,68114.33,66438.74,-1675.59,Noviembre,11,2026-03-01T17:54:53.519330,2026-03-01T17:54:53.519330
HIST25_0279,2025-11-26,Miércoles,75276.7,74321.7,50013.49,0.0,0.0,0,4480.0,0.0,4480.0,0.0,0.0,0,0.0,0.0,0.0,0.0,0.0,0.0,0.0,0.0,0.0,0.0,0.0,0.0,0.0,19828.21,117.96,64062.0,4522.35,0.0,0.0,0.0,0.0,,68702.31,69841.7,1139.39,Noviembre,11,2026-03-01T17:54:53.519330,2026-03-01T17:54:53.519330
HIST25_0280,2025-11-27,Jueves,62610.18,63176.58,37867.53,1769.81,0.0,0,4000.0,1673.0,5673.0,0.0,0.0,0,0.0,0.0,0.0,0.0,0.0,0.0,0.0,0.0,0.0,0.0,0.0,0.0,0.0,17866.24,292.0,57211.47,0.0,0.0,0.0,0.0,0.0,,57503.47,57503.58,0.11,Noviembre,11,2026-03-01T17:54:53.519330,2026-03-01T17:54:53.519330
HIST25_0281,2025-11-28,Viernes,56782.18,56949.53,42153.01,524.0,0.0,0,4300.0,600.0,4900.0,0.0,0.0,0,0.0,0.0,0.0,0.0,0.0,0.0,0.0,0.0,0.0,0.0,0.0,0.0,0.0,9372.52,945.5,51148.37,0.0,0.0,0.0,0.0,0.0,,52093.87,52049.53,-44.34,Noviembre,11,2026-03-01T17:54:53.519330,2026-03-01T17:54:53.519330
HIST25_0282,2025-11-29,Sábado,39018.52,39041.06,27948.73,0.0,0.0,0,0.0,0.0,0.0,0.0,0.0,0,0.0,0.0,0.0,0.0,0.0,0.0,0.0,0.0,0.0,0.0,0.0,0.0,0.0,11092.33,246.0,38795.03,2085.05,0.0,0.0,0.0,0.0,,41126.08,39041.06,-2085.02,Noviembre,11,2026-03-01T17:54:53.519330,2026-03-01T17:54:53.519330
HIST25_0283,2025-12-01,Lunes,84615.98,85879.33,62622.91,1452.92,0.0,0,4000.0,0.0,4000.0,0.0,0.0,0,0.0,0.0,0.0,0.0,0.0,0.0,0.0,0.0,0.0,0.0,0.0,0.0,0.0,17803.5,0.0,1199.0,65331.47,6446.52,0.0,0.0,0.0,,72976.99,81879.33,8902.34,Diciembre,12,2026-03-01T17:54:53.519330,2026-03-01T17:54:53.519330
HIST25_0284,2025-12-02,Martes,61403.8,61294.8,43149.55,611.07,0.0,0,4000.0,0.0,4000.0,0.0,0.0,0,0.0,0.0,0.0,0.0,0.0,0.0,0.0,0.0,0.0,0.0,0.0,0.0,0.0,13534.18,179.0,57116.68,0.0,0.0,0.0,0.0,0.0,,57295.68,57294.8,-0.88,Diciembre,12,2026-03-01T17:54:53.519330,2026-03-01T17:54:53.519330
HIST25_0285,2025-12-03,Miércoles,77238.85,77295.95,46665.23,987.6,0.0,0,6000.0,0.0,6000.0,99720.52,109941.01,0,9811.0,23842.51,36773.25,38743.51,69428.13,221322.43,6720.0,873.52,27362.79,84.0,0.0,95680.8,28000.0,23643.12,646.95,63238.73,7357.9,0.0,0.0,0.0,0.0,,71243.58,71295.95,52.37,Diciembre,12,2026-03-01T17:54:53.519330,2026-03-01T17:54:53.519330
HIST25_0286,2025-12-04,Jueves,71310.65,70612.55,48380.17,1162.16,0.0,0,0.0,5740.0,5740.0,0.0,0.0,0,0.0,0.0,0.0,0.0,0.0,0.0,0.0,0.0,0.0,0.0,0.0,0.0,0.0,15330.22,708.65,59381.8,5368.27,0.0,0.0,0.0,0.0,,65458.72,64872.55,-586.17,Diciembre,12,2026-03-01T17:54:53.519330,2026-03-01T17:54:53.519330
HIST25_0287,2025-12-05,Viernes,56448.37,56569.47,36027.28,389.0,0.0,0,0.0,800.0,800.0,0.0,0.0,0,0.0,0.0,0.0,0.0,0.0,0.0,0.0,0.0,0.0,0.0,0.0,0.0,0.0,19353.19,1369.6,54330.23,0.0,0.0,0.0,0.0,0.0,,55699.83,55769.47,69.64,Diciembre,12,2026-03-01T17:54:53.519330,2026-03-01T17:54:53.519330
HIST25_0288,2025-12-06,Sábado,36831.1,38227.1,24293.68,0.0,0.0,0,6000.0,0.0,6000.0,0.0,0.0,0,0.0,0.0,0.0,0.0,0.0,0.0,0.0,0.0,0.0,0.0,0.0,0.0,0.0,7933.42,0.0,31516.97,0.0,0.0,0.0,0.0,0.0,,31516.97,32227.1,710.13,Diciembre,12,2026-03-01T17:54:53.519330,2026-03-01T17:54:53.519330
HIST25_0289,2025-12-08,Lunes,80609.43,75751.98,50696.01,1712.69,0.0,0,4000.0,0.0,4000.0,0.0,0.0,0,0.0,0.0,0.0,0.0,0.0,0.0,0.0,0.0,0.0,0.0,0.0,0.0,0.0,19343.28,453.65,69756.05,349.2,0.0,0.0,0.0,0.0,,70558.9,71751.98,1193.08,Diciembre,12,2026-03-01T17:54:53.519330,2026-03-01T17:54:53.519330
HIST25_0290,2025-12-09,Martes,71722.09,70692.74,44934.17,889.74,0.0,0,4000.0,1673.0,5673.0,0.0,0.0,0,0.0,0.0,0.0,0.0,0.0,0.0,0.0,0.0,0.0,0.0,0.0,0.0,0.0,19195.83,0.0,61424.57,4586.56,0.0,0.0,0.0,0.0,,66011.13,65019.74,-991.39,Diciembre,12,2026-03-01T17:54:53.519330,2026-03-01T17:54:53.519330
HIST25_0291,2025-12-10,Miércoles,65587.93,72416.93,44236.4,1243.26,0.0,0,6000.0,1120.0,7120.0,0.0,0.0,0,0.0,0.0,0.0,0.0,0.0,0.0,0.0,0.0,0.0,0.0,0.0,0.0,0.0,19817.27,969.0,63895.75,0.0,0.0,0.0,0.0,0.0,,64864.75,65296.93,432.18,Diciembre,12,2026-03-01T17:54:53.519330,2026-03-01T17:54:53.519330
HIST25_0292,2025-12-11,Jueves,63836.06,64001.06,39049.11,1503.21,0.0,0,6000.0,0.0,6000.0,0.0,0.0,0,0.0,0.0,0.0,0.0,0.0,0.0,0.0,0.0,0.0,0.0,0.0,0.0,0.0,17448.74,0.0,56944.75,0.0,0.0,0.0,0.0,0.0,,56944.75,58001.06,1056.31,Diciembre,12,2026-03-01T17:54:53.519330,2026-03-01T17:54:53.519330
HIST25_0293,2025-12-12,Viernes,45980.78,46535.33,29530.83,342.42,0.0,0,6000.0,0.0,6000.0,0.0,0.0,0,0.0,0.0,0.0,0.0,0.0,0.0,0.0,0.0,0.0,0.0,0.0,0.0,0.0,10662.08,805.06,40897.49,0.0,0.0,0.0,0.0,0.0,,41702.55,40535.33,-1167.22,Diciembre,12,2026-03-01T17:54:53.519330,2026-03-01T17:54:53.519330
HIST25_0294,2025-12-13,Sabado,34454.17,33623.89,19548.3,1304.23,0.0,0,6000.0,0.0,6000.0,0.0,0.0,0,0.0,0.0,0.0,0.0,0.0,0.0,0.0,0.0,0.0,0.0,0.0,0.0,0.0,6771.36,0.0,27657.13,0.0,0.0,0.0,0.0,0.0,,27657.13,27623.89,-33.24,Diciembre,12,2026-03-01T17:54:53.519330,2026-03-01T17:54:53.519330
HIST25_0295,2025-12-15,Lunes,73647.38,73896.78,48780.79,697.14,0.0,0,4000.0,0.0,4000.0,0.0,0.0,0,0.0,0.0,0.0,0.0,0.0,0.0,0.0,0.0,0.0,0.0,0.0,0.0,0.0,20418.85,371.96,60517.82,9007.94,0.0,0.0,0.0,0.0,,69897.72,69896.78,-0.94,Diciembre,12,2026-03-01T17:54:53.519330,2026-03-01T17:54:53.519330
HIST25_0296,2025-12-16,Martes,71906.21,72409.63,49169.29,145.84,0.0,0,4000.0,0.0,4000.0,0.0,0.0,0,0.0,0.0,0.0,0.0,0.0,0.0,0.0,0.0,0.0,0.0,0.0,0.0,0.0,19094.5,0.0,64011.02,5345.44,0.0,0.0,0.0,0.0,,69356.46,68409.63,-946.83,Diciembre,12,2026-03-01T17:54:53.519330,2026-03-01T17:54:53.519330
HIST25_0297,2025-12-17,Miércoles,66892.21,67443.99,45599.13,0.0,0.0,0,6000.0,1673.0,7673.0,90275.83,103422.3,0,8367.0,23838.82,40138.72,35645.08,62468.5,209712.12,12692.5,790.29,24016.28,143.0,0.0,85306.1,26410.37,14171.86,0.0,59363.13,0.0,0.0,0.0,0.0,0.0,,59363.13,59770.99,407.86,Diciembre,12,2026-03-01T17:54:53.519330,2026-03-01T17:54:53.519330
HIST25_0298,2025-12-18,Jueves,54872.73,54043.73,35338.96,41.6,560.0,0,0.0,2542.0,2542.0,0.0,0.0,0,0.0,0.0,0.0,0.0,0.0,0.0,0.0,0.0,0.0,0.0,0.0,0.0,0.0,15561.17,223.0,51959.2,0.0,0.0,0.0,0.0,0.0,,52182.2,51501.73,-680.47,Diciembre,12,2026-03-01T17:54:53.519330,2026-03-01T17:54:53.519330
HIST25_0299,2025-12-19,Viernes,51833.56,52291.81,35288.35,0.0,614.6,0,6000.0,840.0,6840.0,0.0,0.0,0,0.0,0.0,0.0,0.0,0.0,0.0,0.0,0.0,0.0,0.0,0.0,0.0,0.0,9548.86,174.4,46174.25,0.0,0.0,0.0,0.0,0.0,,46348.65,45451.81,-896.84,Diciembre,12,2026-03-01T17:54:53.519330,2026-03-01T17:54:53.519330
HIST25_0300,2025-12-20,Sábado,34313.76,34951.03,22350.45,40.0,510.76,0,6000.0,0.0,6000.0,0.0,0.0,0,0.0,0.0,0.0,0.0,0.0,0.0,0.0,0.0,0.0,0.0,0.0,0.0,0.0,6049.82,0.0,29169.1,0.0,0.0,0.0,0.0,0.0,,29169.1,28951.03,-218.07,Diciembre,12,2026-03-01T17:54:53.519330,2026-03-01T17:54:53.519330
HIST25_0301,2025-12-22,Lunes,71955.43,71963.81,49784.05,2782.82,620.52,0,4000.0,0.0,4000.0,0.0,0.0,0,0.0,0.0,0.0,0.0,0.0,0.0,0.0,0.0,0.0,0.0,0.0,0.0,0.0,14776.42,0.0,68424.22,0.0,0.0,0.0,0.0,0.0,,68424.22,67963.81,-460.41,Diciembre,12,2026-03-01T17:54:53.519330,2026-03-01T17:54:53.519330
HIST25_0302,2025-12-23,Martes,58880.02,57656.93,43267.53,148.25,87.97,0,6000.0,0.0,6000.0,0.0,0.0,0,0.0,0.0,0.0,0.0,0.0,0.0,0.0,0.0,0.0,0.0,0.0,0.0,0.0,8153.18,0.0,52587.56,0.0,0.0,0.0,0.0,0.0,,52587.56,51656.93,-930.63,Diciembre,12,2026-03-01T17:54:53.519330,2026-03-01T17:54:53.519330
HIST25_0303,2025-12-24,Sábado,26895.03,34362.05,18887.93,1778.5,385.11,0,6000.0,1673.0,7673.0,0.0,0.0,0,0.0,0.0,0.0,0.0,0.0,0.0,0.0,0.0,0.0,0.0,0.0,0.0,0.0,5637.51,0.0,20254.33,0.0,0.0,0.0,0.0,0.0,,20254.33,26689.05,6434.72,Diciembre,12,2026-03-01T17:54:53.519330,2026-03-01T17:54:53.519330
HIST25_0304,2025-12-26,Viernes,34879.41,34879.41,19259.0,263.8,70.85,0,0.0,0.0,0.0,0.0,0.0,0,0.0,0.0,0.0,0.0,0.0,0.0,0.0,0.0,0.0,0.0,0.0,0.0,0.0,15285.76,0.0,34879.44,0.0,0.0,0.0,0.0,0.0,,34879.44,34879.41,-0.03,Diciembre,12,2026-03-01T17:54:53.519330,2026-03-01T17:54:53.519330
HIST25_0305,2025-12-27,Sábado,23063.93,22005.93,13876.11,0.0,106.94,0,6000.0,0.0,6000.0,0.0,0.0,0,0.0,0.0,0.0,0.0,0.0,0.0,0.0,0.0,0.0,0.0,0.0,0.0,0.0,2022.88,342.5,17063.67,0.0,0.0,0.0,0.0,0.0,,17406.17,16005.93,-1400.24,Diciembre,12,2026-03-01T17:54:53.519330,2026-03-01T17:54:53.519330
HIST25_0306,2025-12-29,Lunes,59984.17,62342.77,38590.4,1584.92,813.65,0,4000.0,0.0,4000.0,0.0,0.0,0,0.0,0.0,0.0,0.0,0.0,0.0,0.0,0.0,0.0,0.0,0.0,0.0,0.0,17353.8,131.65,56794.66,0.0,0.0,0.0,0.0,0.0,,56926.31,58342.77,1416.46,Diciembre,12,2026-03-01T17:54:53.519330,2026-03-01T17:54:53.519330
HIST25_0307,2025-12-30,Martes,62432.37,63093.22,38862.34,2430.88,47.73,0,4000.0,0.0,4000.0,0.0,0.0,0,0.0,0.0,0.0,0.0,0.0,0.0,0.0,0.0,0.0,0.0,0.0,0.0,0.0,17752.27,0.0,58796.28,0.0,0.0,0.0,0.0,0.0,,58796.28,59093.22,296.94,Diciembre,12,2026-03-01T17:54:53.519330,2026-03-01T17:54:53.519330
HIST25_0308,2025-12-31,Miercoles,32969.44,34756.05,22400.08,991.0,123.0,0,0.0,9.0,9.0,60128.69,62798.4,0,7908.0,11914.8,32838.89,28537.69,38517.07,126746.53,7614.75,575.81,13289.5,89.0,0.0,54398.3,15564.76,11232.97,0.0,33483.3,13922.35,0.0,0.0,0.0,0.0,,47405.65,34747.05,-12658.6,Diciembre,12,2026-03-01T17:54:53.519330,2026-03-01T17:54:53.519330
HIST26_0309,2026-01-02,Viernes,50675.35,50496.65,30918.2,385.25,4.78,0,4492.0,1673.0,6165.0,0.0,0.0,0.0,0.0,0.0,0.0,0.0,0.0,0.0,0.0,0.0,0.0,0.0,0.0,0.0,0.0,13023.42,0.0,44517.76,0.0,0.0,0.0,0.0,0.0,,44517.76,44331.65,-186.11,Enero,1,2026-03-01T17:54:53.519330,2026-03-01T17:54:53.519330
HIST26_0310,2026-01-03,Sábado,32032.55,32032.55,22118.17,0.0,0.0,0,0.0,0.0,0.0,0.0,0.0,0.0,0.0,0.0,0.0,0.0,0.0,0.0,0.0,0.0,0.0,0.0,0.0,0.0,0.0,9914.38,0.0,31770.36,0.0,0.0,0.0,0.0,0.0,,31770.36,32032.55,262.19,Enero,1,2026-03-01T17:54:53.519330,2026-03-01T17:54:53.519330
HIST26_0311,2026-01-05,Lunes,82109.33,82406.57,54014.58,749.97,94.95,0,0.0,5899.0,5899.0,0.0,0.0,0.0,0.0,0.0,0.0,0.0,0.0,0.0,0.0,0.0,0.0,0.0,0.0,0.0,0.0,21648.07,169.37,72760.56,3679.45,0.0,0.0,0.0,0.0,,76609.38,76507.57,-101.81,Enero,1,2026-03-01T17:54:53.519330,2026-03-01T17:54:53.519330
HIST26_0312,2026-01-06,Martes,65127.66,65127.66,41405.75,203.9,44.32,0,0.0,3389.0,3389.0,0.0,0.0,0.0,0.0,0.0,0.0,0.0,0.0,0.0,0.0,0.0,0.0,0.0,0.0,0.0,0.0,20084.69,0.0,61642.7,0.0,0.0,0.0,0.0,0.0,,61642.7,61738.66,95.96,Enero,1,2026-03-01T17:54:53.519330,2026-03-01T17:54:53.519330
HIST26_0313,2026-01-07,Miércoles,62343.02,63243.02,44960.74,221.14,0.0,0,4000.0,0.0,4000.0,0.0,0.0,0.0,0.0,0.0,0.0,0.0,0.0,0.0,0.0,0.0,0.0,0.0,0.0,0.0,0.0,14061.14,0.0,59079.62,0.0,0.0,0.0,0.0,0.0,,59079.62,59243.02,163.4,Enero,1,2026-03-01T17:54:53.519330,2026-03-01T17:54:53.519330
HIST26_0314,2026-01-08,Jueves,62237.17,61516.17,45283.97,0.0,0.0,0,4000.0,1673.0,5673.0,0.0,0.0,0.0,0.0,0.0,0.0,0.0,0.0,0.0,0.0,0.0,0.0,0.0,0.0,0.0,0.0,10559.2,210.15,56050.7,0.0,0.0,0.0,0.0,0.0,,56260.85,55843.17,-417.68,Enero,1,2026-03-01T17:54:53.519330,2026-03-01T17:54:53.519330
HIST26_0315,2026-01-09,Viernes,55638.52,57180.03,36937.21,536.35,0.0,0,0.0,0.0,0.0,0.0,0.0,0.0,0.0,0.0,0.0,0.0,0.0,0.0,0.0,0.0,0.0,0.0,0.0,0.0,0.0,19706.47,249.06,55113.34,0.0,0.0,0.0,0.0,0.0,,55362.4,57180.03,1817.63,Enero,1,2026-03-01T17:54:53.519330,2026-03-01T17:54:53.519330
HIST26_0316,2026-01-10,Sábado,39154.69,39907.69,27882.28,58.0,0.0,0,4000.0,0.0,4000.0,0.0,0.0,0.0,0.0,0.0,0.0,0.0,0.0,0.0,0.0,0.0,0.0,0.0,0.0,0.0,0.0,7967.41,0.0,35015.8,0.0,0.0,0.0,0.0,0.0,,35015.8,35907.69,891.89,Enero,1,2026-03-01T17:54:53.519330,2026-03-01T17:54:53.519330
HIST26_0317,2026-01-12,Lunes,70206.13,70852.36,44244.8,4264.29,0.0,0,4000.0,0.0,4000.0,0.0,0.0,0.0,0.0,0.0,0.0,0.0,0.0,0.0,0.0,0.0,0.0,0.0,0.0,0.0,0.0,18343.27,0.0,66400.22,0.0,0.0,0.0,0.0,0.0,,66400.22,66852.36,452.14,Enero,1,2026-03-01T17:54:53.519330,2026-03-01T17:54:53.519330
HIST26_0318,2026-01-13,Martes,69256.89,69256.89,43898.42,413.92,12.35,0,4000.0,0.0,4000.0,0.0,0.0,0.0,0.0,0.0,0.0,0.0,0.0,0.0,0.0,0.0,0.0,0.0,0.0,0.0,0.0,20932.2,1095.0,64446.05,0.0,0.0,0.0,0.0,0.0,,65541.05,65256.89,-284.16,Enero,1,2026-03-01T17:54:53.519330,2026-03-01T17:54:53.519330
HIST26_0319,2026-01-14,Miércoles,63250.57,64740.57,37950.2,2725.38,0.0,0,1673.0,0.0,1673.0,0.0,0.0,0.0,0.0,0.0,0.0,0.0,0.0,0.0,0.0,0.0,0.0,0.0,0.0,0.0,0.0,22391.99,0.0,62676.77,0.0,0.0,0.0,0.0,0.0,,62676.77,63067.57,390.8,Enero,1,2026-03-01T17:54:53.519330,2026-03-01T17:54:53.519330
HIST26_0320,2026-01-15,Jueves,74296.6,74246.9,49566.0,250.9,168.39,0,0.0,2228.0,2228.0,98353.81,103156.0,0.0,8278.4,27111.05,41864.59,31701.58,65729.63,206283.98,8516.78,969.6,20860.11,138.0,29.0,90626.8,24961.9,22033.61,0.0,71279.65,0.0,0.0,0.0,0.0,0.0,,71279.65,72018.9,739.25,Enero,1,2026-03-01T17:54:53.519330,2026-03-01T17:54:53.519330
HIST26_0321,2026-01-16,Viernes,60553.05,59631.85,38955.96,0.0,0.0,0,810.0,0.0,810.0,0.0,0.0,0.0,0.0,0.0,0.0,0.0,0.0,0.0,0.0,0.0,0.0,0.0,0.0,0.0,0.0,19865.89,0.0,63820.51,0.0,0.0,0.0,0.0,0.0,,63820.51,58821.85,-4998.66,Enero,1,2026-03-01T17:54:53.519330,2026-03-01T17:54:53.519330
HIST26_0322,2026-01-17,Sábado,40501.86,47449.76,24761.17,1053.47,3.38,0,0.0,525.0,525.0,0.0,0.0,0.0,0.0,0.0,0.0,0.0,0.0,0.0,0.0,0.0,0.0,0.0,0.0,0.0,0.0,21106.74,0.0,40148.97,0.0,0.0,0.0,0.0,0.0,,40148.97,46924.76,6775.79,Enero,1,2026-03-01T17:54:53.519330,2026-03-01T17:54:53.519330
HIST26_0323,2026-01-19,Lunes,80196.78,80642.55,55627.74,565.34,0.0,0,4000.0,0.0,4000.0,0.0,0.0,0.0,0.0,0.0,0.0,0.0,0.0,0.0,0.0,0.0,0.0,0.0,0.0,0.0,0.0,20449.47,0.0,73299.81,3074.35,0.0,0.0,0.0,0.0,,76374.16,76642.55,268.39,Enero,1,2026-03-01T17:54:53.519330,2026-03-01T17:54:53.519330
HIST26_0324,2026-01-20,Martes,73002.1,72471.1,51687.31,0.0,227.76,0,4000.0,0.0,4000.0,0.0,0.0,0.0,0.0,0.0,0.0,0.0,0.0,0.0,0.0,0.0,0.0,0.0,0.0,0.0,0.0,16556.03,480.17,60921.19,7267.26,0.0,0.0,0.0,0.0,,68668.62,68471.1,-197.52,Enero,1,2026-03-01T17:54:53.519330,2026-03-01T17:54:53.519330
HIST26_0325,2026-01-21,Miércoles,73035.03,73308.03,45762.45,308.09,89.16,0,0.0,1673.0,1673.0,0.0,0.0,0.0,0.0,0.0,0.0,0.0,0.0,0.0,0.0,0.0,0.0,0.0,0.0,0.0,0.0,25475.33,0.0,67725.73,2982.38,0.0,0.0,0.0,0.0,,70708.11,71635.03,926.92,Enero,1,2026-03-01T17:54:53.519330,2026-03-01T17:54:53.519330
HIST26_0326,2026-01-22,Jueves,64907.42,63974.06,38824.49,1065.62,0.0,0,6000.0,0.0,6000.0,0.0,0.0,0.0,0.0,0.0,0.0,0.0,0.0,0.0,0.0,0.0,0.0,0.0,0.0,0.0,0.0,18083.95,0.0,58162.03,0.0,0.0,0.0,0.0,0.0,,58162.03,57974.06,-187.97,Enero,1,2026-03-01T17:54:53.519330,2026-03-01T17:54:53.519330
HIST26_0327,2026-01-23,Viernes,57575.82,58766.23,37636.49,0.0,0.0,0,0.0,5000.0,5000.0,0.0,0.0,0.0,0.0,0.0,0.0,0.0,0.0,0.0,0.0,0.0,0.0,0.0,0.0,0.0,0.0,16129.74,0.0,52529.38,0.0,0.0,0.0,0.0,0.0,,52529.38,53766.23,1236.85,Enero,1,2026-03-01T17:54:53.519330,2026-03-01T17:54:53.519330
HIST26_0328,2026-01-24,Sábado,37286.53,38055.23,22125.25,418.19,0.0,0,0.0,0.0,0.0,0.0,0.0,0.0,0.0,0.0,0.0,0.0,0.0,0.0,0.0,0.0,0.0,0.0,0.0,0.0,0.0,15511.79,423.59,36250.0,0.0,0.0,0.0,0.0,0.0,,36673.59,38055.23,1381.64,Enero,1,2026-03-01T17:54:53.519330,2026-03-01T17:54:53.519330
HIST26_0329,2026-01-26,Lunes,72378.97,72872.52,47926.53,947.59,0.0,0,4000.0,0.0,4000.0,0.0,0.0,0.0,0.0,0.0,0.0,0.0,0.0,0.0,0.0,0.0,0.0,0.0,0.0,0.0,0.0,19998.4,284.76,68507.81,0.0,0.0,0.0,0.0,0.0,,68792.57,68872.52,79.95,Enero,1,2026-03-01T17:54:53.519330,2026-03-01T17:54:53.519330
HIST26_0330,2026-01-27,Martes,66677.81,66315.61,45612.45,217.0,0.0,0,4000.0,0.0,4000.0,0.0,0.0,0.0,0.0,0.0,0.0,0.0,0.0,0.0,0.0,0.0,0.0,0.0,0.0,0.0,0.0,16486.16,319.66,67184.52,0.0,0.0,0.0,0.0,0.0,,67504.18,62315.61,-5188.57,Enero,1,2026-03-01T17:54:53.519330,2026-03-01T17:54:53.519330
HIST26_0331,2026-01-28,Miércoles,63977.28,68920.48,43407.53,1334.15,0.0,0,5000.0,1373.0,6373.0,0.0,0.0,0.0,0.0,0.0,0.0,0.0,0.0,0.0,0.0,0.0,0.0,0.0,0.0,0.0,0.0,17805.8,458.36,55563.83,8006.81,0.0,0.0,0.0,0.0,,64029.0,62547.48,-1481.52,Enero,1,2026-03-01T17:54:53.519330,2026-03-01T17:54:53.519330
HIST26_0332,2026-01-29,Jueves,50469.01,50191.79,30828.45,231.8,0.0,0,3800.0,3197.0,6997.0,93946.51,105232.9,0.0,8136.8,28613.22,36351.46,33884.61,76489.65,215833.33,7144.71,1078.02,28418.71,0.0,0.0,89386.4,26278.51,12134.54,2045.91,42605.98,0.0,0.0,0.0,0.0,0.0,,44651.89,43194.79,-1457.1,Enero,1,2026-03-01T17:54:53.519330,2026-03-01T17:54:53.519330
HIST26_0333,2026-01-30,Viernes,58363.73,58625.25,38641.34,545.79,27.92,0,3000.0,0.0,3000.0,0.0,0.0,0.0,0.0,0.0,0.0,0.0,0.0,0.0,0.0,0.0,0.0,0.0,0.0,0.0,0.0,16410.2,776.4,55830.08,0.0,0.0,0.0,0.0,0.0,,56606.48,55625.25,-981.23,Enero,1,2026-03-01T17:54:53.519330,2026-03-01T17:54:53.519330
HIST26_0334,2026-01-31,Sabado,37368.27,44679.02,33762.28,0.0,0.0,0,0.0,0.0,0.0,0.0,0.0,0.0,0.0,0.0,0.0,0.0,0.0,0.0,0.0,0.0,0.0,0.0,0.0,0.0,0.0,10916.74,484.15,38433.36,5755.6,0.0,0.0,0.0,0.0,,44673.11,44679.02,5.91,Enero,1,2026-03-01T17:54:53.519330,2026-03-01T17:54:53.519330
HIST26_0335,2026-02-03,Lunes,72708.49,73815.59,50680.34,238.0,0.0,0,4000.0,0.0,4000.0,0.0,0.0,0.0,0.0,0.0,0.0,0.0,0.0,0.0,0.0,0.0,0.0,0.0,0.0,0.0,0.0,18897.25,0.0,67839.21,1201.26,0.0,0.0,0.0,0.0,,69040.47,69815.59,775.12,Febrero,2,2026-03-01T17:54:53.519330,2026-03-01T17:54:53.519330
HIST26_0336,2026-02-04,Miércoles,69043.62,64032.62,44735.19,0.0,0.0,0,0.0,1523.0,1523.0,0.0,0.0,0.0,0.0,0.0,0.0,0.0,0.0,0.0,0.0,0.0,0.0,0.0,0.0,0.0,0.0,17774.43,904.55,63292.12,0.0,0.0,0.0,0.0,0.0,,64196.67,62509.62,-1687.05,Febrero,2,2026-03-01T17:54:53.519330,2026-03-01T17:54:53.519330
HIST26_0337,2026-02-05,Jueves,72428.07,77727.27,43255.86,961.69,0.0,0,0.0,6671.5,6671.5,0.0,0.0,0.0,0.0,0.0,0.0,0.0,0.0,0.0,0.0,0.0,0.0,0.0,0.0,0.0,0.0,26838.22,767.06,72768.19,0.0,0.0,0.0,0.0,0.0,,73535.25,71055.77,-2479.48,Febrero,2,2026-03-01T17:54:53.519330,2026-03-01T17:54:53.519330
HIST26_0338,2026-02-06,Viernes,61941.38,61722.68,40241.45,1163.52,0.0,0,0.0,500.0,500.0,0.0,0.0,0.0,0.0,0.0,0.0,0.0,0.0,0.0,0.0,0.0,0.0,0.0,0.0,0.0,0.0,19817.71,494.51,72782.89,0.0,0.0,0.0,0.0,0.0,,73277.4,61222.68,-12054.72,Febrero,2,2026-03-01T17:54:53.519330,2026-03-01T17:54:53.519330
HIST26_0339,2026-02-07,Sábado,41278.72,39967.79,22811.12,2185.39,0.0,0,0.0,0.0,0.0,0.0,0.0,0.0,0.0,0.0,0.0,0.0,0.0,0.0,0.0,0.0,0.0,0.0,0.0,0.0,0.0,14971.28,0.0,38819.6,0.0,0.0,0.0,0.0,0.0,,38819.6,39967.79,1148.19,Febrero,2,2026-03-01T17:54:53.519330,2026-03-01T17:54:53.519330
HIST26_0340,2026-02-09,Lunes,79263.06,76287.49,50824.78,1865.18,0.0,0,4000.0,0.0,4000.0,0.0,0.0,0.0,0.0,0.0,0.0,0.0,0.0,0.0,0.0,0.0,0.0,0.0,0.0,0.0,0.0,19597.53,0.0,70271.42,1643.11,0.0,0.0,0.0,0.0,,71914.53,72287.49,372.96,Febrero,2,2026-03-01T17:54:53.519330,2026-03-01T17:54:53.519330
HIST26_0341,2026-02-10,Martes,75045.76,80431.56,47410.84,128.1,13.63,0,4000.0,0.0,4000.0,0.0,0.0,0.0,0.0,0.0,0.0,0.0,0.0,0.0,0.0,0.0,0.0,0.0,0.0,0.0,0.0,28878.99,0.0,65613.29,6995.3,0.0,0.0,0.0,0.0,,72608.59,76431.56,3822.97,Febrero,2,2026-03-01T17:54:53.519330,2026-03-01T17:54:53.519330
HIST26_0342,2026-02-11,Miércoles,75769.98,75769.98,50731.63,663.25,0.0,0,0.0,1373.0,1373.0,0.0,0.0,0.0,0.0,0.0,0.0,0.0,0.0,0.0,0.0,0.0,0.0,0.0,0.0,0.0,0.0,23002.1,1396.84,66216.12,5509.14,0.0,0.0,0.0,0.0,,73122.1,74396.98,1274.88,Febrero,2,2026-03-01T17:54:53.519330,2026-03-01T17:54:53.519330
HIST26_0343,2026-02-12,Jueves,61239.43,61239.43,37844.4,0.0,0.0,0,0.0,700.0,700.0,98353.81,103156.0,82797.2,8278.4,27111.05,41864.59,31701.58,65729.63,206283.98,8516.78,969.6,20860.11,138.0,29.0,7829.6,24961.9,22695.03,6189.98,57680.23,0.0,0.0,0.0,0.0,0.0,,63870.21,60539.43,-3330.78,Febrero,2,2026-03-01T17:54:53.519330,2026-03-01T17:54:53.519330
HIST26_0344,2026-02-13,Viernes,59078.07,58189.62,39200.49,1371.68,0.0,0,1000.0,0.0,1000.0,0.0,0.0,0.0,0.0,0.0,0.0,0.0,0.0,0.0,0.0,0.0,0.0,0.0,0.0,0.0,0.0,16617.45,106.0,56477.74,0.0,0.0,0.0,0.0,0.0,,56583.74,57189.62,605.88,Febrero,2,2026-03-01T17:54:53.519330,2026-03-01T17:54:53.519330
HIST26_0345,2026-02-14,Sábado,32513.57,32166.08,20681.84,336.0,0.0,0,0.0,0.0,0.0,0.0,0.0,0.0,0.0,0.0,0.0,0.0,0.0,0.0,0.0,0.0,0.0,0.0,0.0,0.0,0.0,11148.24,0.0,28614.8,0.0,0.0,0.0,0.0,0.0,,28614.8,32166.08,3551.28,Febrero,2,2026-03-01T17:54:53.519330,2026-03-01T17:54:53.519330
HIST26_0346,2026-02-16,Lunes,65873.09,69861.78,48581.07,1322.24,101.49,0,4000.0,0.0,4000.0,0.0,0.0,0.0,0.0,0.0,0.0,0.0,0.0,0.0,0.0,0.0,0.0,0.0,0.0,0.0,0.0,15856.98,654.76,66243.48,0.0,0.0,0.0,0.0,0.0,,66898.24,65861.78,-1036.46,Febrero,2,2026-03-01T17:54:53.519330,2026-03-01T17:54:53.519330
HIST26_0347,2026-02-17,Martes,79325.84,74454.04,45616.78,2155.25,11.75,0,4000.0,0.0,4000.0,0.0,0.0,0.0,0.0,0.0,0.0,0.0,0.0,0.0,0.0,0.0,0.0,0.0,0.0,0.0,0.0,22670.26,0.0,67467.65,6491.16,0.0,0.0,0.0,0.0,,73958.81,70454.04,-3504.77,Febrero,2,2026-03-01T17:54:53.519330,2026-03-01T17:54:53.519330
HIST26_0348,2026-02-18,Miércoles,80070.86,83005.15,53380.27,0.0,14.22,0,0.0,4475.0,4475.0,0.0,0.0,0.0,0.0,0.0,0.0,0.0,0.0,0.0,0.0,0.0,0.0,0.0,0.0,0.0,0.0,25135.66,0.0,71566.67,6472.33,0.0,0.0,0.0,0.0,,78039.0,78530.15,491.15,Febrero,2,2026-03-01T17:54:53.519330,2026-03-01T17:54:53.519330
HIST26_0349,2026-02-19,Jueves,69152.88,70599.35,45852.08,164.0,0.0,0,0.0,1573.0,1573.0,0.0,0.0,0.0,0.0,0.0,0.0,0.0,0.0,0.0,0.0,0.0,0.0,0.0,0.0,0.0,0.0,23010.27,0.0,64703.3,1173.71,0.0,0.0,0.0,0.0,,65877.01,69026.35,3149.34,Febrero,2,2026-03-01T17:54:53.519330,2026-03-01T17:54:53.519330
HIST26_0350,2026-02-20,Viernes,58722.29,56894.46,37782.22,0.0,0.0,0,0.0,0.0,0.0,0.0,0.0,0.0,0.0,0.0,0.0,0.0,0.0,0.0,0.0,0.0,0.0,0.0,0.0,0.0,0.0,19112.24,172.43,54317.23,0.0,0.0,0.0,0.0,0.0,,54489.66,56894.46,2404.8,Febrero,2,2026-03-01T17:54:53.519330,2026-03-01T17:54:53.519330
HIST26_0351,2026-02-21,Sábado,38398.41,40846.75,28995.91,168.04,17.02,0,0.0,0.0,0.0,0.0,0.0,0.0,0.0,0.0,0.0,0.0,0.0,0.0,0.0,0.0,0.0,0.0,0.0,0.0,0.0,11665.78,0.0,37028.84,0.0,0.0,0.0,0.0,0.0,,37028.84,40846.75,3817.91,Febrero,2,2026-03-01T17:54:53.519330,2026-03-01T17:54:53.519330
HIST26_0352,2026-02-23,Lunes,88900.06,82594.31,51829.03,1052.77,35.66,0,4000.0,0.0,4000.0,0.0,0.0,0.0,0.0,0.0,0.0,0.0,0.0,0.0,0.0,0.0,0.0,0.0,0.0,0.0,0.0,25676.85,0.0,10991.08,67831.67,0.0,0.0,0.0,0.0,,78822.75,78594.31,-228.44,Febrero,2,2026-03-01T17:54:53.519330,2026-03-01T17:54:53.519330
HIST26_0353,2026-02-24,Martes,76742.11,82008.98,56222.46,313.0,19.48,0,4000.0,0.0,4000.0,0.0,0.0,0.0,0.0,0.0,0.0,0.0,0.0,0.0,0.0,0.0,0.0,0.0,0.0,0.0,0.0,21454.04,1236.18,67075.16,13125.69,0.0,0.0,0.0,0.0,,81437.03,78008.98,-3428.05,Febrero,2,2026-03-01T17:54:53.519330,2026-03-01T17:54:53.519330
HIST26_0354,2026-02-25,Miércoles,76826.95,77324.58,53275.05,0.0,0.0,0,0.0,0.0,0.0,0.0,0.0,0.0,0.0,0.0,0.0,0.0,0.0,0.0,0.0,0.0,0.0,0.0,0.0,0.0,0.0,24049.53,398.82,69155.6,3316.05,0.0,0.0,0.0,0.0,,72870.47,77324.58,4454.11,Febrero,2,2026-03-01T17:54:53.519330,2026-03-01T17:54:53.519330
HIST26_0355,2026-02-26,Jueves,79850.65,80633.45,51485.95,398.8,20.57,0,1500.0,1573.0,3073.0,98044.81,105476.0,94962.94,10045.6,27490.55,34895.06,46511.72,77615.4,242491.19,9034.07,896.03,26988.58,42.0,0.0,0.0,1559.4,25655.13,995.22,71794.65,0.0,0.0,0.0,0.0,0.0,,72789.87,77560.45,4770.58,Febrero,2,2026-03-01T17:54:53.519330,2026-03-01T17:54:53.519330
HIST26_0356,2026-02-27,Viernes,62373.25,56315.4,32607.99,1092.62,93.35,0,0.0,0.0,0.0,0.0,0.0,0.0,0.0,0.0,0.0,0.0,0.0,0.0,0.0,0.0,0.0,0.0,0.0,0.0,0.0,22521.44,1743.67,19600.23,31889.94,0.0,0.0,0.0,0.0,,53233.84,56315.4,3081.56,Febrero,2,2026-03-01T17:54:53.519330,2026-03-01T17:54:53.519330
HIST26_0357,2026-02-28,Sábado,35732.34,41293.37,23068.29,731.83,54.42,0,0.0,0.0,0.0,0.0,0.0,0.0,0.0,0.0,0.0,0.0,0.0,0.0,0.0,0.0,0.0,0.0,0.0,0.0,0.0,17438.83,2806.51,26403.91,15707.18,2303.52,0.0,0.0,0.0,,47221.12,41293.37,-5927.75,Febrero,2,2026-03-01T17:54:53.519330,2026-03-01T17:54:53.519330
